animal_id,nome,especie,raca_femea,linhagem,data_nascimento,idade_anos,peso_kg,condicao_corporal,num_partos_anteriores,intervalo_pos_parto_dias,fazenda,municipio,data_inseminacao,mes_inseminacao,ano_inseminacao,trimestre,estacao,tipo_inseminacao,raca_reprodutor,reprodutor_id,empresa_semem,protocolo_hormonal,dias_desde_ultima_ins,temperatura_ambiente_c,tecnico,probabilidade_prenhez_ia,resultado
OVI-0001,Estrela,Ovino,Morada Nova,Linhagem A,2019-01-31,4.3,63.7,4,2,74,Sítio São Francisco,Catunda,2023-05-17,5,2023,2,Seca,IA Convencional,Dorper,REP-072,Alta Genetics,Cosynch,80,27.3,Maria Souza,0.8823,Prenha
BOV-0001,Íris,Bovino,Sindi,Linhagem G,2020-09-27,3.2,344.6,4,0,,Fazenda Caatinga Verde,Crateús,2023-11-28,11,2023,4,Chuvosa,IA Convencional,Angus,REP-069,CRV Lagoa,Sem protocolo,16,26.4,Fernanda Costa,0.5556,Prenha
BOV-0002,Eva,Bovino,Nelore,Linhagem C,2018-02-26,4.2,348.4,3,0,,Sítio Riacho Seco,Monsenhor Tabosa,2022-05-23,5,2022,2,Seca,IA Convencional,Bonsmara,REP-048,Sexing Tech,IATF 7 dias,114,23.1,Roberto Neto,0.6226,Nao_Prenha
BOV-0003,Íris,Bovino,Girolando,Linhagem E,2021-12-27,1.4,393.8,5,0,,Sítio Boa Sorte,Quiterianópolis,2023-05-17,5,2023,2,Seca,IA Convencional,Gir,REP-009,Alta Genetics,P4+EB,92,25.1,Ana Lima,0.5918,Prenha
BOV-0004,Palma,Bovino,Girolando,Linhagem B,2017-08-08,5.9,503.5,4,4,249,Fazenda Palmeira,Ararendá,2023-06-27,6,2023,2,Seca,IA Convencional,Angus,REP-007,Insitec,Ovsynch,119,30.8,Ana Lima,0.9169,Prenha
OVI-0002,Glória,Ovino,Somalis,Sem registro,2020-04-12,4.3,73.8,5,0,,Sítio Três Irmãos,Nova Russas,2024-08-16,8,2024,3,Seca,IATF,Texel,REP-021,Geneal,Sem protocolo,92,33.9,Carlos Melo,0.6342,Nao_Prenha
CAP-0001,Rosa,Caprino,Moxotó,Linhagem F,2021-08-12,1.4,60.2,3,0,,Fazenda Boa Esperança,Poranga,2023-01-01,1,2023,1,Chuvosa,IATF,Anglo Nubiano,REP-063,CRV Lagoa,Select Synch,24,26.2,Marcos Farias,0.6927,Nao_Prenha
BOV-0005,Serena,Bovino,Gir,Sem registro,2018-09-13,3.7,425.8,2,2,94,Fazenda Palmeira,Poranga,2022-06-11,6,2022,2,Seca,IATF,Bonsmara,REP-028,Grupo Nelore,IATF 7 dias,21,32.5,Pedro Alves,0.7157,Prenha
BOV-0006,Eva,Bovino,Canchim,Linhagem D,2020-11-29,4.0,354.4,2,0,,Sítio Três Irmãos,Crateús,2024-11-25,11,2024,4,Chuvosa,IATF,Nelore,REP-009,CRV Lagoa,P4+EB,80,30.2,Ana Lima,0.6133,Nao_Prenha
BOV-0007,Fada,Bovino,Brahman,Linhagem B,2022-05-27,2.3,421.9,3,0,,Sítio Riacho Seco,Crateús,2024-08-26,8,2024,3,Seca,IA Convencional,Senepol,REP-008,Geneal,P4+BE+PGF,17,32.5,Roberto Neto,0.4559,Nao_Prenha
BOV-0008,Lua,Bovino,Girolando,Linhagem B,2018-02-18,6.4,335.0,4,0,,Fazenda Palmeira,Crateús,2024-07-07,7,2024,3,Seca,IATF,Gir,REP-031,Alta Genetics,P4+EB,61,35.8,Maria Souza,0.7155,Prenha
BOV-0009,Glória,Bovino,Sindi,Linhagem F,2016-01-09,8.2,515.5,3,5,279,Fazenda Palmeira,Crateús,2024-03-10,3,2024,1,Chuvosa,IATF,Senepol,REP-008,CRV Lagoa,Sem protocolo,24,22.2,João Silva,0.6731,Prenha
CAP-0002,Íris,Caprino,Anglo Nubiana,Linhagem B,2016-08-20,8.2,30.5,2,6,150,Sítio Mandacaru,Crateús,2024-11-06,11,2024,4,Chuvosa,IATF,Boer,REP-054,Próprio,Sem protocolo,56,20.6,Ana Lima,0.5543,Nao_Prenha
BOV-0010,Rosa,Bovino,Sindi,Linhagem H,2020-06-09,2.3,374.9,4,0,,Fazenda Palmeira,Tamboril,2022-09-26,9,2022,3,Seca,IATF,Gir,REP-034,Alta Genetics,GnRH+PGF2α,6,28.1,Maria Souza,0.6055,Nao_Prenha
CAP-0003,Eva,Caprino,Boer,Linhagem B,2019-03-13,3.7,54.0,4,2,300,Fazenda Bela Vista,Nova Russas,2022-11-20,11,2022,4,Chuvosa,IATF,Alpino,REP-014,Próprio,GnRH+PGF2α,6,32.7,Carlos Melo,0.6505,Nao_Prenha
BOV-0011,Rosa,Bovino,Sindi,Sem registro,2021-09-01,3.1,295.2,4,1,52,Sítio Riacho Seco,Catunda,2024-09-27,9,2024,3,Seca,IATF,Senepol,REP-072,CRV Lagoa,Ovsynch,5,25.3,Carlos Melo,0.5475,Prenha
CAP-0004,Graça,Caprino,Repartida,Linhagem F,2022-02-12,0.1,49.6,3,0,,Sítio São Francisco,Ipaporanga,2022-03-15,3,2022,1,Chuvosa,IA Convencional,Saanen,REP-072,Insitec,Cosynch,10,24.8,Fernanda Costa,0.6321,Nao_Prenha
BOV-0012,Íris,Bovino,Nelore,Linhagem D,2017-12-26,6.3,501.0,3,3,157,Sítio Riacho Seco,Tamboril,2024-04-24,4,2024,2,Chuvosa,IA Convencional,Angus,REP-059,Sexing Tech,P4+EB,39,21.5,Roberto Neto,0.8164,Nao_Prenha
CAP-0005,Orquídea,Caprino,Boer,Linhagem C,2016-04-06,6.8,38.3,2,2,209,Sítio Três Irmãos,Nova Russas,2023-01-31,1,2023,1,Chuvosa,IATF,Saanen,REP-075,Sexing Tech,P4+EB,87,29.2,Fernanda Costa,0.7615,Prenha
BOV-0013,Viola,Bovino,Brahman,Linhagem H,2017-04-18,6.9,293.3,4,4,130,Sítio Três Irmãos,Nova Russas,2024-02-28,2,2024,1,Chuvosa,IA Convencional,Brahman,REP-040,Próprio,Sem protocolo,51,27.5,Juliana Pinto,0.7936,Prenha
OVI-0003,Fada,Ovino,Bergamácia,Linhagem F,2018-02-24,6.2,61.1,5,4,184,Sítio São Francisco,Quiterianópolis,2024-05-11,5,2024,2,Seca,IA Convencional,Suffolk,REP-060,Geneal,IATF 7 dias,56,30.1,Carlos Melo,0.6731,Nao_Prenha
CAP-0006,Íris,Caprino,Moxotó,Linhagem B,2016-12-13,6.6,40.4,4,1,188,Sítio São Francisco,Ararendá,2023-08-05,8,2023,3,Seca,IATF,Alpino,REP-059,Geneal,P4+EB,33,35.7,João Silva,0.8266,Prenha
BOV-0014,Hera,Bovino,Nelore,Linhagem B,2018-09-26,4.1,538.1,5,1,142,Fazenda Palmeira,Tamboril,2022-10-30,10,2022,4,Seca,IATF,Senepol,REP-059,Alta Genetics,P4+EB,27,35.7,Luciana Reis,0.7465,Prenha
CAP-0007,Nina,Caprino,Repartida,Linhagem G,2021-08-29,2.7,44.5,3,1,260,Sítio São Francisco,Nova Russas,2024-05-23,5,2024,2,Seca,IA Convencional,Alpino,REP-010,Próprio,Resynch,38,34.5,Marcos Farias,0.4809,Prenha
BOV-0015,Cida,Bovino,Girolando,Sem registro,2016-11-26,5.9,394.9,3,1,62,Fazenda Boa Esperança,Tamboril,2022-10-11,10,2022,4,Seca,IATF,Angus,REP-050,Insitec,P4+BE+PGF,58,27.0,Luciana Reis,0.9129,Prenha
BOV-0016,Duna,Bovino,Tabapuã,Linhagem C,2019-05-08,4.8,504.3,4,1,279,Sítio Boa Sorte,Quiterianópolis,2024-03-09,3,2024,1,Chuvosa,IA Convencional,Simmental,REP-060,Alta Genetics,P4+BE+PGF,33,24.0,João Silva,0.8433,Prenha
BOV-0017,Estrela,Bovino,Girolando,Linhagem B,2016-12-09,7.5,418.5,2,3,197,Fazenda Poço Fundo,Nova Russas,2024-05-27,5,2024,2,Seca,IA Convencional,Senepol,REP-061,CRV Lagoa,IATF 7 dias,32,28.0,Roberto Neto,0.7364,Prenha
CAP-0008,Bonita,Caprino,Saanen,Linhagem B,2016-05-07,7.0,51.0,3,3,88,Fazenda Bela Vista,Poranga,2023-05-22,5,2023,2,Seca,IA Convencional,Anglo Nubiano,REP-021,Sexing Tech,Sem protocolo,77,38.9,Carlos Melo,0.46,Nao_Prenha
CAP-0009,Glória,Caprino,Anglo Nubiana,Linhagem H,2020-06-12,2.7,53.6,4,0,,Fazenda Boa Esperança,Monsenhor Tabosa,2023-02-11,2,2023,1,Chuvosa,IATF,Alpino,REP-055,Próprio,Sem protocolo,94,35.0,Maria Souza,0.8055,Prenha
BOV-0018,Sara,Bovino,Guzerá,Sem registro,2017-03-08,7.2,547.5,4,1,252,Sítio Riacho Seco,Ararendá,2024-06-06,6,2024,2,Seca,IA Convencional,Bonsmara,REP-076,Sexing Tech,Select Synch,27,34.1,Juliana Pinto,0.7303,Nao_Prenha
CAP-0010,Aurora,Caprino,Saanen,Linhagem F,2019-02-16,5.4,49.1,4,2,44,Sítio Boa Sorte,Nova Russas,2024-07-12,7,2024,3,Seca,IATF,Toggenburg,REP-036,Grupo Nelore,Cosynch,68,36.7,Luciana Reis,0.5034,Prenha
BOV-0019,Jade,Bovino,Canchim,Linhagem G,2021-06-24,1.9,493.6,4,0,,Sítio Mandacaru,Monsenhor Tabosa,2023-05-08,5,2023,2,Seca,IA Convencional,Bonsmara,REP-071,Grupo Nelore,IATF 7 dias,16,24.5,Ana Lima,0.6093,Prenha
OVI-0004,Chuva,Ovino,Dorper,Linhagem H,2019-12-12,4.6,42.8,2,1,191,Sítio Riacho Seco,Nova Russas,2024-07-18,7,2024,3,Seca,IATF,Texel,REP-077,Sexing Tech,Cosynch,20,34.3,Ana Lima,0.5308,Prenha
BOV-0020,Cida,Bovino,Nelore,Linhagem F,2017-06-02,6.1,446.0,4,1,281,Sítio Riacho Seco,Ararendá,2023-07-16,7,2023,3,Seca,IATF,Nelore,REP-024,CRV Lagoa,Resynch,18,37.2,Carlos Melo,0.4936,Nao_Prenha
BOV-0021,Flor,Bovino,Gir,Sem registro,2020-06-29,4.3,468.8,2,0,,Sítio Três Irmãos,Catunda,2024-10-04,10,2024,4,Seca,IA Convencional,Simmental,REP-078,Grupo Nelore,Cosynch,108,30.4,Maria Souza,0.7079,Nao_Prenha
BOV-0022,Linda,Bovino,Gir,Linhagem G,2019-06-04,2.9,342.3,3,0,,Fazenda Boa Esperança,Quiterianópolis,2022-05-04,5,2022,2,Seca,IATF,Senepol,REP-077,Geneal,Ovsynch,25,23.3,Maria Souza,0.6317,Prenha
BOV-0023,Terra,Bovino,Brahman,Linhagem A,2021-02-02,1.3,516.3,4,0,,Fazenda Bela Vista,Ipaporanga,2022-05-26,5,2022,2,Seca,IATF,Brahman,REP-022,Insitec,IATF 7 dias,59,20.5,Pedro Alves,0.6029,Nao_Prenha
BOV-0024,Palma,Bovino,Sindi,Linhagem D,2019-05-30,4.8,442.0,4,0,,Fazenda Boa Esperança,Ipaporanga,2024-04-04,4,2024,2,Chuvosa,IA Convencional,Simmental,REP-074,Grupo Nelore,IATF 7 dias,118,27.5,Juliana Pinto,0.7376,Nao_Prenha
OVI-0005,Sofia,Ovino,Texel,Linhagem F,2016-06-13,6.5,60.0,5,1,253,Fazenda Poço Fundo,Monsenhor Tabosa,2022-12-25,12,2022,4,Chuvosa,IA Convencional,Ile de France,REP-014,Insitec,Sem protocolo,86,35.9,Luciana Reis,0.613,Prenha
CAP-0011,Bonita,Caprino,Toggenburg,Linhagem D,2021-02-05,1.4,40.0,5,0,,Fazenda Poço Fundo,Crateús,2022-06-30,6,2022,2,Seca,IA Convencional,Saanen,REP-067,Sexing Tech,Resynch,115,29.3,Marcos Farias,0.4374,Nao_Prenha
OVI-0006,Nuvem,Ovino,Dorper,Linhagem H,2018-12-29,3.7,69.9,4,0,,Fazenda Palmeira,Crateús,2022-09-26,9,2022,3,Seca,IATF,Suffolk,REP-053,CRV Lagoa,IATF 7 dias,85,31.4,Pedro Alves,0.9003,Prenha
BOV-0025,Graça,Bovino,Sindi,Linhagem B,2021-08-03,2.0,530.4,5,0,,Fazenda Palmeira,Independência,2023-08-21,8,2023,3,Seca,IA Convencional,Gir,REP-036,Insitec,Sem protocolo,63,30.1,Ana Lima,0.6546,Prenha
CAP-0012,Sofia,Caprino,Canindé,Linhagem H,2016-01-11,7.6,59.0,4,5,280,Sítio Boa Sorte,Catunda,2023-08-03,8,2023,3,Seca,IATF,Saanen,REP-049,Geneal,Sem protocolo,115,21.3,Luciana Reis,0.876,Prenha
BOV-0026,Jade,Bovino,Canchim,Linhagem G,2016-06-27,7.3,554.0,3,5,107,Sítio Boa Sorte,Ipaporanga,2023-10-14,10,2023,4,Seca,IATF,Bonsmara,REP-013,Grupo Nelore,Sem protocolo,68,39.2,Marcos Farias,0.4273,Prenha
BOV-0027,Graça,Bovino,Sindi,Linhagem A,2016-11-02,7.8,467.0,3,0,,Sítio Riacho Seco,Catunda,2024-08-19,8,2024,3,Seca,IATF,Brahman,REP-080,CRV Lagoa,Sem protocolo,114,25.2,Roberto Neto,0.5535,Nao_Prenha
OVI-0007,Linda,Ovino,Texel,Linhagem D,2017-02-07,5.5,61.8,5,0,,Fazenda Poço Fundo,Independência,2022-07-25,7,2022,3,Seca,IA Convencional,Dorper,REP-068,Geneal,Sem protocolo,46,35.5,Fernanda Costa,0.4673,Prenha
BOV-0028,Glória,Bovino,Girolando,Linhagem F,2018-09-13,6.1,418.3,3,2,34,Sítio Três Irmãos,Ararendá,2024-10-16,10,2024,4,Seca,IA Convencional,Angus,REP-076,Sexing Tech,Ovsynch,120,35.7,Marcos Farias,0.5298,Prenha
CAP-0013,Rita,Caprino,Boer,Linhagem G,2017-03-12,6.1,41.3,3,2,41,Fazenda Boa Esperança,Poranga,2023-05-01,5,2023,2,Seca,IA Convencional,Alpino,REP-037,Insitec,Sem protocolo,111,32.5,João Silva,0.5586,Nao_Prenha
BOV-0029,Lua,Bovino,Gir,Linhagem C,2018-10-23,4.0,473.9,3,1,47,Sítio Boa Sorte,Quiterianópolis,2022-10-08,10,2022,4,Seca,IATF,Bonsmara,REP-026,Alta Genetics,IATF 7 dias,79,26.0,Maria Souza,0.8514,Prenha
BOV-0030,Rita,Bovino,Gir,Linhagem H,2019-04-23,4.6,568.9,3,1,233,Fazenda Boa Esperança,Nova Russas,2023-11-25,11,2023,4,Chuvosa,IA Convencional,Gir,REP-016,Geneal,P4+BE+PGF,113,35.7,Maria Souza,0.8587,Prenha
OVI-0008,Glória,Ovino,Bergamácia,Linhagem C,2020-03-01,2.4,52.3,4,0,,Fazenda Poço Fundo,Ipaporanga,2022-08-10,8,2022,3,Seca,IA Convencional,Dorper,REP-006,CRV Lagoa,IATF 7 dias,83,22.9,Luciana Reis,0.6748,Prenha
OVI-0009,Glória,Ovino,Bergamácia,Linhagem A,2021-02-01,3.0,50.0,4,0,,Fazenda Poço Fundo,Nova Russas,2024-01-30,1,2024,1,Chuvosa,IA Convencional,Ile de France,REP-048,Alta Genetics,Sem protocolo,118,27.1,Luciana Reis,0.5594,Prenha
BOV-0031,Eva,Bovino,Guzerá,Linhagem F,2017-02-10,6.9,399.4,3,0,,Fazenda Boa Esperança,Crateús,2024-01-23,1,2024,1,Chuvosa,IA Convencional,Nelore,REP-032,Alta Genetics,Sem protocolo,113,36.1,Ana Lima,0.6573,Prenha
BOV-0032,Orquídea,Bovino,Nelore,Linhagem F,2019-09-07,3.1,537.5,3,0,,Fazenda Bela Vista,Crateús,2022-10-30,10,2022,4,Seca,IATF,Brahman,REP-031,Grupo Nelore,P4+EB,74,23.5,Maria Souza,0.8756,Prenha
BOV-0033,Fada,Bovino,Gir,Linhagem E,2020-09-20,4.2,299.1,4,1,292,Fazenda Boa Esperança,Catunda,2024-12-13,12,2024,4,Chuvosa,IATF,Bonsmara,REP-059,Próprio,Sem protocolo,80,20.4,Ana Lima,0.953,Prenha
OVI-0010,Sara,Ovino,Santa Inês,Linhagem E,2020-12-21,1.4,58.2,2,0,,Sítio Mandacaru,Catunda,2022-05-31,5,2022,2,Seca,IATF,Texel,REP-059,Grupo Nelore,P4+BE+PGF,84,31.9,Fernanda Costa,0.6313,Prenha
OVI-0011,Nuvem,Ovino,Morada Nova,Linhagem B,2020-10-27,3.7,46.6,4,1,78,Sítio Riacho Seco,Ipaporanga,2024-07-13,7,2024,3,Seca,IA Convencional,Suffolk,REP-011,CRV Lagoa,Ovsynch,45,27.4,Fernanda Costa,0.8273,Prenha
OVI-0012,Chuva,Ovino,Dorper,Linhagem B,2017-05-15,6.9,69.3,4,2,189,Sítio Riacho Seco,Tamboril,2024-04-21,4,2024,2,Chuvosa,IATF,Suffolk,REP-045,Insitec,Ovsynch,50,20.3,Ana Lima,0.97,Prenha
BOV-0034,Orquídea,Bovino,Sindi,Linhagem C,2020-10-23,1.3,334.1,4,0,,Fazenda Poço Fundo,Ipaporanga,2022-02-23,2,2022,1,Chuvosa,IATF,Nelore,REP-004,CRV Lagoa,Sem protocolo,48,25.7,Pedro Alves,0.6513,Prenha
BOV-0035,Beleza,Bovino,Nelore,Linhagem E,2022-05-13,0.1,327.2,4,0,,Sítio Riacho Seco,Quiterianópolis,2022-06-23,6,2022,2,Seca,IA Convencional,Angus,REP-028,Insitec,Sem protocolo,39,27.7,Luciana Reis,0.7509,Prenha
BOV-0036,Terra,Bovino,Sindi,Linhagem B,2021-06-16,3.5,346.2,5,0,,Fazenda Caatinga Verde,Monsenhor Tabosa,2024-12-15,12,2024,4,Chuvosa,IATF,Nelore,REP-001,Geneal,IATF 7 dias,5,22.5,Pedro Alves,0.422,Nao_Prenha
OVI-0013,Duna,Ovino,Bergamácia,Linhagem B,2016-10-22,7.4,50.8,4,0,,Fazenda Poço Fundo,Nova Russas,2024-03-24,3,2024,1,Chuvosa,IA Convencional,Santa Inês,REP-052,CRV Lagoa,P4+BE+PGF,115,24.9,Juliana Pinto,0.6337,Prenha
CAP-0014,Palma,Caprino,Boer,Linhagem H,2020-01-22,2.4,37.0,4,0,,Fazenda Bela Vista,Ipaporanga,2022-06-30,6,2022,2,Seca,IA Convencional,Anglo Nubiano,REP-015,Grupo Nelore,Sem protocolo,55,37.2,Ana Lima,0.4999,Prenha
CAP-0015,Graça,Caprino,Saanen,Linhagem F,2018-08-25,3.9,35.3,4,2,68,Sítio Mandacaru,Ararendá,2022-07-30,7,2022,3,Seca,IA Convencional,Saanen,REP-041,Alta Genetics,Sem protocolo,27,38.9,Luciana Reis,0.4712,Prenha
BOV-0037,Amora,Bovino,Guzerá,Linhagem H,2019-01-30,3.2,302.3,4,0,,Sítio Mandacaru,Poranga,2022-04-26,4,2022,2,Chuvosa,IA Convencional,Simmental,REP-050,Geneal,GnRH+PGF2α,12,26.1,Maria Souza,0.4334,Nao_Prenha
BOV-0038,Rita,Bovino,Nelore,Linhagem H,2021-08-15,1.2,311.1,5,0,,Sítio Riacho Seco,Ararendá,2022-11-05,11,2022,4,Chuvosa,IATF,Gir,REP-067,Grupo Nelore,Cosynch,96,19.9,João Silva,0.7983,Prenha
CAP-0016,Glória,Caprino,Canindé,Linhagem F,2020-08-01,3.3,29.9,4,1,63,Sítio Mandacaru,Independência,2023-11-24,11,2023,4,Chuvosa,IA Convencional,Alpino,REP-011,Grupo Nelore,IATF 7 dias,47,20.1,Carlos Melo,0.7273,Prenha
OVI-0014,Fada,Ovino,Somalis,Linhagem E,2016-12-13,6.8,59.7,3,1,299,Fazenda Boa Esperança,Monsenhor Tabosa,2023-09-27,9,2023,3,Seca,IA Convencional,Suffolk,REP-024,Alta Genetics,Sem protocolo,16,32.2,Marcos Farias,0.5085,Nao_Prenha
BOV-0039,Orquídea,Bovino,Gir,Linhagem C,2017-07-17,5.3,533.3,2,0,,Fazenda Poço Fundo,Independência,2022-11-14,11,2022,4,Chuvosa,IATF,Brahman,REP-024,Insitec,Sem protocolo,89,25.4,Pedro Alves,0.5873,Prenha
OVI-0015,Nina,Ovino,Morada Nova,Linhagem H,2019-03-13,5.3,42.3,5,3,129,Fazenda Caatinga Verde,Quiterianópolis,2024-07-08,7,2024,3,Seca,IATF,Ile de France,REP-068,Geneal,Resynch,52,32.9,Luciana Reis,0.7853,Nao_Prenha
CAP-0017,Fada,Caprino,Canindé,Linhagem G,2018-10-21,3.5,60.3,4,0,,Fazenda Bela Vista,Nova Russas,2022-04-17,4,2022,2,Chuvosa,IA Convencional,Toggenburg,REP-066,Alta Genetics,GnRH+PGF2α,96,36.6,Carlos Melo,0.6321,Nao_Prenha
CAP-0018,Estrela,Caprino,Boer,Linhagem A,2020-08-26,1.6,41.8,3,0,,Fazenda Bela Vista,Independência,2022-04-20,4,2022,2,Chuvosa,IA Convencional,Alpino,REP-037,Insitec,Sem protocolo,52,22.9,Maria Souza,0.6299,Nao_Prenha
BOV-0040,Rita,Bovino,Gir,Sem registro,2021-01-11,1.0,356.8,5,0,,Fazenda Boa Esperança,Tamboril,2022-01-11,1,2022,1,Chuvosa,IATF,Nelore,REP-080,Geneal,GnRH+PGF2α,19,35.1,Carlos Melo,0.4232,Nao_Prenha
BOV-0041,Viola,Bovino,Sindi,Linhagem H,2018-09-17,4.1,280.5,3,2,243,Sítio Três Irmãos,Catunda,2022-10-22,10,2022,4,Seca,IA Convencional,Gir,REP-065,Insitec,Sem protocolo,28,32.6,Marcos Farias,0.7196,Prenha
BOV-0042,Rita,Bovino,Guzerá,Linhagem F,2016-06-27,7.7,504.2,3,0,,Fazenda Bela Vista,Crateús,2024-03-03,3,2024,1,Chuvosa,IA Convencional,Brahman,REP-070,Sexing Tech,Sem protocolo,49,23.3,Juliana Pinto,0.6968,Nao_Prenha
BOV-0043,Joia,Bovino,Canchim,Linhagem A,2017-07-06,4.8,368.0,2,1,51,Sítio Riacho Seco,Nova Russas,2022-05-10,5,2022,2,Seca,IATF,Nelore,REP-025,Sexing Tech,Select Synch,45,38.5,Roberto Neto,0.3135,Nao_Prenha
BOV-0044,Chuva,Bovino,Guzerá,Sem registro,2019-01-24,3.6,546.8,4,1,203,Fazenda Caatinga Verde,Ipaporanga,2022-09-12,9,2022,3,Seca,IA Convencional,Gir,REP-011,Geneal,Select Synch,28,28.9,Fernanda Costa,0.8478,Prenha
OVI-0016,Amora,Ovino,Morada Nova,Linhagem C,2020-12-31,3.4,47.1,2,1,252,Sítio Boa Sorte,Catunda,2024-05-22,5,2024,2,Seca,IA Convencional,Suffolk,REP-004,Alta Genetics,P4+BE+PGF,40,32.1,Maria Souza,0.6076,Prenha
BOV-0045,Eva,Bovino,Nelore,Linhagem F,2020-01-23,4.1,326.0,4,1,220,Sítio Boa Sorte,Quiterianópolis,2024-02-24,2,2024,1,Chuvosa,IATF,Simmental,REP-036,Alta Genetics,Select Synch,61,34.8,Pedro Alves,0.7817,Prenha
CAP-0019,Dalila,Caprino,Canindé,Linhagem F,2018-12-08,4.5,35.9,4,3,132,Sítio Riacho Seco,Ipaporanga,2023-06-18,6,2023,2,Seca,IA Convencional,Toggenburg,REP-045,Próprio,Ovsynch,20,21.0,Luciana Reis,0.6652,Prenha
BOV-0046,Amora,Bovino,Guzerá,Linhagem H,2017-10-07,5.2,347.3,5,1,151,Sítio Boa Sorte,Ararendá,2022-12-23,12,2022,4,Chuvosa,IA Convencional,Simmental,REP-017,Grupo Nelore,Sem protocolo,106,28.9,Marcos Farias,0.6061,Nao_Prenha
BOV-0047,Jade,Bovino,Girolando,Linhagem H,2020-08-04,1.8,472.7,4,0,,Fazenda Bela Vista,Quiterianópolis,2022-06-01,6,2022,2,Seca,IATF,Brahman,REP-008,Insitec,Ovsynch,21,37.3,Juliana Pinto,0.6102,Prenha
BOV-0048,Íris,Bovino,Guzerá,Linhagem B,2019-08-14,3.6,548.5,5,1,130,Sítio Mandacaru,Catunda,2023-04-07,4,2023,2,Chuvosa,IA Convencional,Simmental,REP-065,Próprio,IATF 7 dias,86,39.0,Pedro Alves,0.7047,Prenha
OVI-0017,Chuva,Ovino,Santa Inês,Linhagem H,2022-04-27,-0.1,34.0,4,0,,Fazenda Boa Esperança,Ararendá,2022-03-26,3,2022,1,Chuvosa,IATF,Santa Inês,REP-038,Próprio,Sem protocolo,88,22.6,Roberto Neto,0.484,Prenha
CAP-0020,Hera,Caprino,Anglo Nubiana,Linhagem F,2019-05-03,5.2,33.8,3,3,134,Fazenda Poço Fundo,Independência,2024-07-17,7,2024,3,Seca,IA Convencional,Anglo Nubiano,REP-066,Grupo Nelore,Sem protocolo,48,31.3,Fernanda Costa,0.7264,Prenha
BOV-0049,Brisa,Bovino,Tabapuã,Linhagem G,2016-07-26,7.1,464.6,3,1,197,Fazenda Palmeira,Ararendá,2023-08-18,8,2023,3,Seca,IATF,Senepol,REP-040,Geneal,Resynch,78,33.9,Pedro Alves,0.9108,Prenha
BOV-0050,Palma,Bovino,Guzerá,Sem registro,2018-09-13,4.5,295.2,4,3,176,Fazenda Caatinga Verde,Monsenhor Tabosa,2023-03-17,3,2023,1,Chuvosa,IA Convencional,Nelore,REP-047,CRV Lagoa,Ovsynch,73,18.2,Roberto Neto,0.8409,Prenha
BOV-0051,Glória,Bovino,Sindi,Linhagem C,2021-08-27,2.9,576.7,4,0,,Fazenda Palmeira,Monsenhor Tabosa,2024-07-11,7,2024,3,Seca,IA Convencional,Senepol,REP-026,Grupo Nelore,Sem protocolo,21,39.5,Fernanda Costa,0.6303,Prenha
BOV-0052,Bonita,Bovino,Canchim,Linhagem F,2017-07-15,6.3,417.1,4,4,101,Sítio Mandacaru,Nova Russas,2023-11-14,11,2023,4,Chuvosa,IA Convencional,Simmental,REP-065,Insitec,P4+BE+PGF,46,38.5,Pedro Alves,0.6731,Prenha
CAP-0021,Eva,Caprino,Boer,Linhagem G,2019-09-18,2.9,39.4,5,0,,Fazenda Boa Esperança,Poranga,2022-08-13,8,2022,3,Seca,IATF,Alpino,REP-022,Grupo Nelore,Cosynch,81,28.4,Juliana Pinto,0.6142,Prenha
OVI-0018,Bonita,Ovino,Santa Inês,Linhagem H,2017-03-26,5.8,45.5,3,1,240,Fazenda Palmeira,Tamboril,2023-01-26,1,2023,1,Chuvosa,IA Convencional,Suffolk,REP-042,Próprio,Ovsynch,69,35.0,João Silva,0.7172,Prenha
CAP-0022,Chuva,Caprino,Canindé,Linhagem F,2022-02-15,1.9,50.6,3,0,,Sítio São Francisco,Ararendá,2023-12-27,12,2023,4,Chuvosa,IATF,Saanen,REP-062,Sexing Tech,IATF 7 dias,40,30.3,Carlos Melo,0.6731,Prenha
OVI-0019,Cida,Ovino,Dorper,Linhagem E,2020-04-04,4.0,44.5,3,2,70,Sítio São Francisco,Catunda,2024-03-19,3,2024,1,Chuvosa,IA Convencional,Dorper,REP-072,Próprio,Cosynch,49,38.3,Luciana Reis,0.625,Prenha
BOV-0053,Anita,Bovino,Nelore,Linhagem G,2018-07-13,4.8,404.0,4,0,,Fazenda Poço Fundo,Ararendá,2023-04-22,4,2023,2,Chuvosa,IA Convencional,Nelore,REP-026,Insitec,Ovsynch,92,35.0,Marcos Farias,0.6825,Prenha
OVI-0020,Aurora,Ovino,Bergamácia,Linhagem E,2018-08-09,6.4,71.3,3,1,48,Fazenda Boa Esperança,Crateús,2024-12-31,12,2024,4,Chuvosa,IA Convencional,Santa Inês,REP-073,Grupo Nelore,IATF 7 dias,112,26.7,Pedro Alves,0.6807,Prenha
OVI-0021,Anita,Ovino,Somalis,Linhagem D,2021-07-16,1.2,43.7,4,0,,Sítio Boa Sorte,Nova Russas,2022-10-02,10,2022,4,Seca,IA Convencional,Suffolk,REP-023,Grupo Nelore,P4+EB,25,34.1,Pedro Alves,0.5104,Nao_Prenha
OVI-0022,Aurora,Ovino,Morada Nova,Linhagem A,2020-06-29,2.0,52.5,5,0,,Fazenda Caatinga Verde,Poranga,2022-07-15,7,2022,3,Seca,IA Convencional,Dorper,REP-034,Próprio,Sem protocolo,38,26.4,Carlos Melo,0.5337,Prenha
BOV-0054,Hera,Bovino,Gir,Sem registro,2021-08-20,2.1,554.8,3,0,,Sítio Mandacaru,Monsenhor Tabosa,2023-09-29,9,2023,3,Seca,IA Convencional,Bonsmara,REP-071,Geneal,Resynch,33,39.1,Pedro Alves,0.6432,Nao_Prenha
OVI-0023,Aurora,Ovino,Somalis,Linhagem C,2021-11-22,2.6,35.4,4,0,,Fazenda Palmeira,Independência,2024-07-03,7,2024,3,Seca,IATF,Texel,REP-042,Insitec,Sem protocolo,111,30.0,Ana Lima,0.5795,Nao_Prenha
BOV-0055,Viola,Bovino,Canchim,Linhagem D,2020-12-29,1.3,434.0,4,0,,Fazenda Caatinga Verde,Crateús,2022-04-24,4,2022,2,Chuvosa,IA Convencional,Angus,REP-075,CRV Lagoa,P4+BE+PGF,76,28.2,João Silva,0.797,Prenha
OVI-0024,Cida,Ovino,Texel,Linhagem H,2016-09-03,5.7,44.3,3,1,245,Fazenda Poço Fundo,Ipaporanga,2022-05-22,5,2022,2,Seca,IA Convencional,Santa Inês,REP-018,Próprio,P4+BE+PGF,52,39.8,Luciana Reis,0.6955,Prenha
BOV-0056,Orquídea,Bovino,Sindi,Linhagem B,2016-01-15,6.1,482.0,4,4,224,Fazenda Caatinga Verde,Tamboril,2022-02-16,2,2022,1,Chuvosa,IA Convencional,Gir,REP-005,Insitec,Ovsynch,110,23.1,Fernanda Costa,0.97,Prenha
CAP-0023,Estrela,Caprino,Anglo Nubiana,Linhagem A,2018-09-12,4.5,50.0,4,0,,Fazenda Palmeira,Tamboril,2023-02-27,2,2023,1,Chuvosa,IA Convencional,Anglo Nubiano,REP-018,Grupo Nelore,Cosynch,36,34.3,Luciana Reis,0.7011,Prenha
OVI-0025,Beleza,Ovino,Morada Nova,Linhagem F,2018-08-28,5.0,41.5,3,0,,Sítio Riacho Seco,Crateús,2023-09-11,9,2023,3,Seca,IATF,Ile de France,REP-049,Insitec,Select Synch,76,38.9,Roberto Neto,0.5608,Prenha
BOV-0057,Graça,Bovino,Girolando,Linhagem H,2019-05-13,4.7,441.4,3,1,183,Fazenda Poço Fundo,Quiterianópolis,2024-02-10,2,2024,1,Chuvosa,IA Convencional,Senepol,REP-068,Alta Genetics,Select Synch,114,33.6,João Silva,0.8715,Prenha
CAP-0024,Eva,Caprino,Anglo Nubiana,Linhagem F,2017-01-13,6.0,42.0,4,0,,Sítio Riacho Seco,Tamboril,2023-01-26,1,2023,1,Chuvosa,IATF,Saanen,REP-039,CRV Lagoa,Cosynch,116,19.6,Marcos Farias,0.7937,Nao_Prenha
CAP-0025,Dalila,Caprino,Canindé,Linhagem E,2021-05-15,2.0,54.0,3,0,,Fazenda Palmeira,Monsenhor Tabosa,2023-05-12,5,2023,2,Seca,IA Convencional,Alpino,REP-034,Sexing Tech,Resynch,75,25.1,Roberto Neto,0.6615,Nao_Prenha
OVI-0026,Beleza,Ovino,Dorper,Linhagem D,2018-04-12,5.8,34.0,5,1,38,Fazenda Caatinga Verde,Independência,2024-01-30,1,2024,1,Chuvosa,IATF,Suffolk,REP-043,Alta Genetics,P4+BE+PGF,38,30.2,Juliana Pinto,0.5224,Nao_Prenha
BOV-0058,Chuva,Bovino,Canchim,Linhagem B,2018-11-20,5.9,330.5,4,1,101,Fazenda Palmeira,Crateús,2024-09-27,9,2024,3,Seca,IATF,Gir,REP-007,Insitec,P4+EB,97,30.0,Marcos Farias,0.7281,Prenha
OVI-0027,Mimosa,Ovino,Texel,Linhagem A,2018-06-14,6.4,34.6,4,4,277,Fazenda Poço Fundo,Crateús,2024-11-01,11,2024,4,Chuvosa,IA Convencional,Texel,REP-068,Próprio,Select Synch,89,28.7,Marcos Farias,0.6503,Prenha
BOV-0059,Viola,Bovino,Gir,Linhagem D,2020-10-29,2.2,437.3,3,0,,Fazenda Poço Fundo,Ararendá,2023-01-03,1,2023,1,Chuvosa,IA Convencional,Nelore,REP-029,Sexing Tech,Sem protocolo,109,25.8,Maria Souza,0.6238,Nao_Prenha
BOV-0060,Glória,Bovino,Nelore,Linhagem D,2020-03-24,4.4,282.8,3,1,252,Fazenda Boa Esperança,Tamboril,2024-09-01,9,2024,3,Seca,IATF,Bonsmara,REP-073,Geneal,Select Synch,87,35.3,Maria Souza,0.6987,Prenha
BOV-0061,Sofia,Bovino,Girolando,Linhagem D,2022-02-02,0.1,374.3,5,0,,Fazenda Bela Vista,Poranga,2022-03-09,3,2022,1,Chuvosa,IA Convencional,Senepol,REP-073,Insitec,IATF 7 dias,101,36.1,Maria Souza,0.5624,Prenha
OVI-0028,Aurora,Ovino,Santa Inês,Linhagem G,2021-08-13,2.3,50.8,5,0,,Fazenda Boa Esperança,Nova Russas,2023-12-10,12,2023,4,Chuvosa,IATF,Santa Inês,REP-063,Alta Genetics,Sem protocolo,82,34.9,Roberto Neto,0.4941,Nao_Prenha
BOV-0062,Joia,Bovino,Sindi,Linhagem B,2020-04-05,2.2,353.9,2,0,,Sítio Boa Sorte,Ipaporanga,2022-06-25,6,2022,2,Seca,IATF,Senepol,REP-001,Sexing Tech,Sem protocolo,24,26.4,Roberto Neto,0.2147,Prenha
BOV-0063,Nina,Bovino,Tabapuã,Sem registro,2022-03-31,2.6,287.9,3,0,,Fazenda Caatinga Verde,Quiterianópolis,2024-11-15,11,2024,4,Chuvosa,IA Convencional,Nelore,REP-011,Próprio,P4+EB,81,31.2,Roberto Neto,0.5306,Nao_Prenha
BOV-0064,Glória,Bovino,Sindi,Linhagem G,2017-11-25,4.9,360.5,3,1,252,Fazenda Caatinga Verde,Tamboril,2022-10-12,10,2022,4,Seca,IA Convencional,Brahman,REP-077,Grupo Nelore,Sem protocolo,40,27.3,Maria Souza,0.734,Prenha
BOV-0065,Glória,Bovino,Guzerá,Linhagem F,2019-09-11,4.8,524.6,5,1,183,Fazenda Bela Vista,Quiterianópolis,2024-06-20,6,2024,2,Seca,IATF,Gir,REP-038,Próprio,Sem protocolo,46,31.3,Luciana Reis,0.7571,Nao_Prenha
CAP-0026,Beleza,Caprino,Repartida,Linhagem G,2020-03-20,3.4,41.5,5,0,,Sítio Riacho Seco,Tamboril,2023-07-29,7,2023,3,Seca,IATF,Toggenburg,REP-038,Insitec,P4+EB,80,39.9,Marcos Farias,0.5374,Prenha
BOV-0066,Amora,Bovino,Girolando,Linhagem H,2018-09-18,4.7,406.9,3,3,275,Fazenda Boa Esperança,Monsenhor Tabosa,2023-06-02,6,2023,2,Seca,IATF,Bonsmara,REP-077,Próprio,Select Synch,79,26.8,Roberto Neto,0.6791,Prenha
BOV-0067,Duna,Bovino,Tabapuã,Linhagem D,2017-11-12,4.4,379.5,4,0,,Fazenda Palmeira,Poranga,2022-04-01,4,2022,2,Chuvosa,IATF,Senepol,REP-058,Sexing Tech,Select Synch,6,20.2,Marcos Farias,0.4066,Nao_Prenha
BOV-0068,Estrela,Bovino,Sindi,Linhagem G,2021-05-31,1.2,556.2,2,0,,Sítio Riacho Seco,Monsenhor Tabosa,2022-08-03,8,2022,3,Seca,IA Convencional,Gir,REP-013,Geneal,Select Synch,49,24.9,Ana Lima,0.5073,Prenha
BOV-0069,Dalila,Bovino,Gir,Linhagem D,2016-04-02,7.7,520.0,5,5,154,Fazenda Poço Fundo,Ararendá,2023-12-04,12,2023,4,Chuvosa,IATF,Bonsmara,REP-052,Próprio,Select Synch,71,21.8,Fernanda Costa,0.9585,Prenha
OVI-0029,Lua,Ovino,Texel,Linhagem G,2021-01-15,3.4,62.3,3,0,,Sítio Boa Sorte,Tamboril,2024-05-29,5,2024,2,Seca,IATF,Santa Inês,REP-015,Sexing Tech,Sem protocolo,78,20.2,Pedro Alves,0.5974,Prenha
OVI-0030,Glória,Ovino,Dorper,Linhagem B,2020-05-26,2.2,68.4,4,0,,Sítio São Francisco,Nova Russas,2022-08-22,8,2022,3,Seca,IATF,Texel,REP-024,Sexing Tech,GnRH+PGF2α,83,31.0,Fernanda Costa,0.6881,Prenha
BOV-0070,Joia,Bovino,Girolando,Sem registro,2021-06-16,1.5,366.7,3,0,,Fazenda Bela Vista,Tamboril,2022-12-21,12,2022,4,Chuvosa,IA Convencional,Gir,REP-072,Grupo Nelore,Resynch,84,19.2,João Silva,0.5265,Prenha
BOV-0071,Nina,Bovino,Gir,Linhagem G,2021-06-24,1.5,289.3,4,0,,Sítio Riacho Seco,Poranga,2022-12-09,12,2022,4,Chuvosa,IATF,Simmental,REP-071,Grupo Nelore,Ovsynch,9,24.0,Carlos Melo,0.4646,Nao_Prenha
CAP-0027,Cida,Caprino,Moxotó,Linhagem G,2016-06-19,8.0,64.6,2,6,156,Sítio Boa Sorte,Ipaporanga,2024-06-22,6,2024,2,Seca,IA Convencional,Boer,REP-016,Insitec,IATF 7 dias,43,37.2,Luciana Reis,0.5226,Prenha
OVI-0031,Duna,Ovino,Somalis,Linhagem E,2020-10-19,2.1,65.7,4,0,,Fazenda Bela Vista,Monsenhor Tabosa,2022-12-06,12,2022,4,Chuvosa,IA Convencional,Dorper,REP-038,Grupo Nelore,Select Synch,77,25.7,Juliana Pinto,0.6974,Nao_Prenha
CAP-0028,Fada,Caprino,Toggenburg,Linhagem E,2020-08-12,1.7,54.0,3,0,,Fazenda Bela Vista,Poranga,2022-05-02,5,2022,2,Seca,IATF,Boer,REP-054,Geneal,Resynch,96,25.1,Roberto Neto,0.4723,Prenha
CAP-0029,Aurora,Caprino,Canindé,Sem registro,2020-07-08,4.4,53.7,5,1,279,Sítio Três Irmãos,Catunda,2024-11-21,11,2024,4,Chuvosa,IA Convencional,Saanen,REP-028,Geneal,Sem protocolo,46,30.8,Luciana Reis,0.7459,Prenha
OVI-0032,Fada,Ovino,Dorper,Linhagem D,2022-05-07,2.4,34.0,4,0,,Fazenda Boa Esperança,Quiterianópolis,2024-09-20,9,2024,3,Seca,IATF,Santa Inês,REP-017,Próprio,Resynch,7,20.7,Luciana Reis,0.4415,Prenha
CAP-0030,Sofia,Caprino,Toggenburg,Linhagem D,2017-01-17,7.0,41.8,5,1,56,Sítio Três Irmãos,Crateús,2024-01-09,1,2024,1,Chuvosa,IATF,Anglo Nubiano,REP-062,CRV Lagoa,GnRH+PGF2α,55,31.8,Roberto Neto,0.4697,Prenha
BOV-0072,Chuva,Bovino,Girolando,Linhagem B,2017-05-08,7.0,301.2,3,5,82,Fazenda Bela Vista,Independência,2024-05-14,5,2024,2,Seca,IA Convencional,Gir,REP-068,Grupo Nelore,P4+BE+PGF,18,24.9,Pedro Alves,0.4164,Nao_Prenha
BOV-0073,Duna,Bovino,Tabapuã,Linhagem F,2018-05-22,4.5,486.0,5,0,,Sítio Boa Sorte,Quiterianópolis,2022-11-07,11,2022,4,Chuvosa,IA Convencional,Simmental,REP-018,Alta Genetics,P4+BE+PGF,119,20.2,Juliana Pinto,0.5668,Nao_Prenha
OVI-0033,Terra,Ovino,Morada Nova,Linhagem G,2016-04-19,7.4,58.1,3,3,181,Sítio Três Irmãos,Tamboril,2023-09-10,9,2023,3,Seca,IATF,Ile de France,REP-077,CRV Lagoa,P4+BE+PGF,87,19.2,Luciana Reis,0.8402,Nao_Prenha
BOV-0074,Eva,Bovino,Tabapuã,Linhagem E,2019-07-20,3.2,531.7,3,0,,Sítio Três Irmãos,Crateús,2022-09-28,9,2022,3,Seca,IA Convencional,Senepol,REP-028,CRV Lagoa,Sem protocolo,102,28.4,João Silva,0.6478,Prenha
OVI-0034,Jade,Ovino,Santa Inês,Linhagem B,2020-09-30,3.5,55.1,3,0,,Sítio Boa Sorte,Quiterianópolis,2024-04-03,4,2024,2,Chuvosa,IATF,Ile de France,REP-040,Próprio,Select Synch,44,19.7,Pedro Alves,0.644,Nao_Prenha
CAP-0031,Serena,Caprino,Boer,Linhagem H,2018-09-28,3.7,44.8,4,1,119,Sítio Riacho Seco,Monsenhor Tabosa,2022-06-26,6,2022,2,Seca,IATF,Anglo Nubiano,REP-067,Insitec,Ovsynch,20,18.3,João Silva,0.643,Nao_Prenha
BOV-0075,Dalila,Bovino,Tabapuã,Linhagem F,2016-04-30,7.6,437.2,3,4,69,Sítio Mandacaru,Independência,2023-11-18,11,2023,4,Chuvosa,IA Convencional,Brahman,REP-021,Sexing Tech,Resynch,68,28.0,João Silva,0.8026,Nao_Prenha
OVI-0035,Dalila,Ovino,Santa Inês,Linhagem D,2018-07-24,6.3,68.9,1,0,,Fazenda Palmeira,Quiterianópolis,2024-11-08,11,2024,4,Chuvosa,IATF,Santa Inês,REP-042,Alta Genetics,P4+EB,65,26.0,Pedro Alves,0.4979,Nao_Prenha
OVI-0036,Dalila,Ovino,Morada Nova,Linhagem G,2021-08-18,0.7,66.6,5,0,,Sítio Três Irmãos,Catunda,2022-04-18,4,2022,2,Chuvosa,IA Convencional,Dorper,REP-002,Sexing Tech,Sem protocolo,13,37.3,Carlos Melo,0.2379,Nao_Prenha
CAP-0032,Pétala,Caprino,Moxotó,Linhagem A,2021-03-15,2.9,64.9,4,0,,Fazenda Palmeira,Monsenhor Tabosa,2024-01-25,1,2024,1,Chuvosa,IA Convencional,Toggenburg,REP-043,CRV Lagoa,Cosynch,24,18.1,João Silva,0.797,Prenha
OVI-0037,Pétala,Ovino,Santa Inês,Linhagem B,2020-09-15,4.1,62.6,2,0,,Sítio Três Irmãos,Poranga,2024-10-04,10,2024,4,Seca,IA Convencional,Dorper,REP-065,Alta Genetics,Resynch,119,36.6,Fernanda Costa,0.4545,Prenha
OVI-0038,Linda,Ovino,Dorper,Linhagem B,2017-06-19,5.9,68.6,5,3,197,Fazenda Bela Vista,Poranga,2023-04-30,4,2023,2,Chuvosa,IATF,Texel,REP-020,CRV Lagoa,Cosynch,45,28.0,Maria Souza,0.9387,Prenha
BOV-0076,Nuvem,Bovino,Canchim,Sem registro,2021-01-25,2.7,535.7,2,1,50,Sítio São Francisco,Monsenhor Tabosa,2023-09-24,9,2023,3,Seca,IA Convencional,Brahman,REP-066,CRV Lagoa,GnRH+PGF2α,32,36.4,Pedro Alves,0.4035,Prenha
CAP-0033,Estrela,Caprino,Moxotó,Linhagem B,2020-07-14,4.0,37.2,4,0,,Fazenda Poço Fundo,Monsenhor Tabosa,2024-07-15,7,2024,3,Seca,IATF,Alpino,REP-075,Grupo Nelore,Cosynch,20,18.3,Pedro Alves,0.4771,Nao_Prenha
BOV-0077,Nina,Bovino,Guzerá,Linhagem F,2017-06-11,5.1,292.8,4,1,251,Fazenda Poço Fundo,Independência,2022-07-08,7,2022,3,Seca,IA Convencional,Nelore,REP-028,Alta Genetics,P4+BE+PGF,110,33.9,João Silva,0.7302,Prenha
CAP-0034,Bonita,Caprino,Boer,Linhagem A,2018-10-03,4.9,60.7,4,0,,Sítio São Francisco,Catunda,2023-08-28,8,2023,3,Seca,IA Convencional,Toggenburg,REP-049,Insitec,Select Synch,40,26.4,Ana Lima,0.6235,Prenha
OVI-0039,Beleza,Ovino,Morada Nova,Linhagem B,2020-05-09,3.2,45.7,3,1,59,Sítio São Francisco,Independência,2023-07-08,7,2023,3,Seca,IATF,Santa Inês,REP-032,Próprio,Sem protocolo,108,39.8,Fernanda Costa,0.5411,Prenha
CAP-0035,Serena,Caprino,Toggenburg,Linhagem G,2018-06-17,5.7,34.5,4,2,44,Sítio Mandacaru,Tamboril,2024-03-06,3,2024,1,Chuvosa,IATF,Boer,REP-070,Sexing Tech,Ovsynch,95,33.4,Juliana Pinto,0.6083,Prenha
BOV-0078,Anita,Bovino,Guzerá,Linhagem C,2021-05-11,0.6,340.4,3,0,,Fazenda Bela Vista,Poranga,2022-01-02,1,2022,1,Chuvosa,IA Convencional,Simmental,REP-015,Insitec,P4+EB,107,36.6,João Silva,0.6013,Nao_Prenha
CAP-0036,Eva,Caprino,Toggenburg,Linhagem F,2020-06-08,2.1,39.9,5,0,,Fazenda Palmeira,Poranga,2022-07-26,7,2022,3,Seca,IA Convencional,Saanen,REP-029,Próprio,Ovsynch,106,32.1,Fernanda Costa,0.5213,Prenha
BOV-0079,Mimosa,Bovino,Girolando,Linhagem F,2020-05-22,1.8,375.5,4,0,,Sítio Três Irmãos,Tamboril,2022-03-08,3,2022,1,Chuvosa,IA Convencional,Simmental,REP-041,Alta Genetics,Sem protocolo,86,30.4,Pedro Alves,0.5563,Nao_Prenha
OVI-0040,Chuva,Ovino,Dorper,Linhagem C,2021-01-03,1.1,42.7,2,0,,Sítio Riacho Seco,Quiterianópolis,2022-01-24,1,2022,1,Chuvosa,IA Convencional,Dorper,REP-053,Geneal,P4+BE+PGF,105,20.4,João Silva,0.3812,Nao_Prenha
CAP-0037,Orquídea,Caprino,Anglo Nubiana,Linhagem F,2017-10-28,6.7,38.9,3,0,,Fazenda Palmeira,Ipaporanga,2024-07-13,7,2024,3,Seca,IA Convencional,Anglo Nubiano,REP-077,Grupo Nelore,GnRH+PGF2α,14,25.5,Pedro Alves,0.389,Nao_Prenha
BOV-0080,Íris,Bovino,Nelore,Linhagem B,2020-11-13,2.0,379.3,5,0,,Fazenda Caatinga Verde,Tamboril,2022-11-18,11,2022,4,Chuvosa,IATF,Nelore,REP-007,Geneal,IATF 7 dias,94,30.2,Carlos Melo,0.6069,Prenha
BOV-0081,Rita,Bovino,Nelore,Linhagem B,2018-03-28,4.3,331.2,3,0,,Sítio Riacho Seco,Nova Russas,2022-07-18,7,2022,3,Seca,IA Convencional,Angus,REP-070,Geneal,Resynch,65,36.6,Roberto Neto,0.5489,Prenha
BOV-0082,Joia,Bovino,Sindi,Linhagem D,2020-12-30,1.3,419.5,3,0,,Fazenda Palmeira,Quiterianópolis,2022-04-02,4,2022,2,Chuvosa,IA Convencional,Gir,REP-071,CRV Lagoa,Sem protocolo,77,19.4,Maria Souza,0.6917,Prenha
CAP-0038,Rita,Caprino,Toggenburg,Linhagem G,2018-08-23,6.0,42.6,5,0,,Fazenda Bela Vista,Ipaporanga,2024-09-02,9,2024,3,Seca,IATF,Anglo Nubiano,REP-023,Alta Genetics,Sem protocolo,69,30.6,Juliana Pinto,0.5227,Nao_Prenha
BOV-0083,Linda,Bovino,Brahman,Linhagem H,2016-11-16,7.6,468.2,5,2,193,Fazenda Palmeira,Quiterianópolis,2024-06-10,6,2024,2,Seca,IA Convencional,Senepol,REP-042,Insitec,P4+BE+PGF,98,38.1,Maria Souza,0.5993,Prenha
OVI-0041,Anita,Ovino,Texel,Linhagem E,2020-09-14,1.9,38.4,4,0,,Sítio Boa Sorte,Quiterianópolis,2022-08-19,8,2022,3,Seca,IA Convencional,Dorper,REP-050,Próprio,Select Synch,18,30.4,Carlos Melo,0.3762,Nao_Prenha
BOV-0084,Joia,Bovino,Girolando,Linhagem F,2019-02-02,5.2,462.6,4,0,,Sítio Riacho Seco,Nova Russas,2024-04-05,4,2024,2,Chuvosa,IA Convencional,Simmental,REP-003,Sexing Tech,P4+EB,55,37.6,Ana Lima,0.5841,Nao_Prenha
OVI-0042,Orquídea,Ovino,Bergamácia,Linhagem H,2017-07-04,6.2,65.3,3,3,75,Sítio Boa Sorte,Crateús,2023-09-08,9,2023,3,Seca,IA Convencional,Suffolk,REP-021,CRV Lagoa,Select Synch,29,27.7,Luciana Reis,0.7892,Prenha
BOV-0085,Anita,Bovino,Girolando,Linhagem G,2022-05-18,-0.2,542.6,3,0,,Fazenda Caatinga Verde,Monsenhor Tabosa,2022-03-01,3,2022,1,Chuvosa,IA Convencional,Angus,REP-065,Geneal,Cosynch,36,18.7,Fernanda Costa,0.6844,Prenha
BOV-0086,Rita,Bovino,Guzerá,Linhagem D,2022-03-08,1.8,531.3,3,0,,Sítio São Francisco,Tamboril,2023-12-18,12,2023,4,Chuvosa,IA Convencional,Angus,REP-027,Sexing Tech,Sem protocolo,41,18.6,Pedro Alves,0.5662,Prenha
CAP-0039,Mimosa,Caprino,Canindé,Linhagem G,2021-04-25,1.4,50.2,1,0,,Fazenda Poço Fundo,Monsenhor Tabosa,2022-09-28,9,2022,3,Seca,IA Convencional,Boer,REP-033,Alta Genetics,P4+BE+PGF,82,35.7,Carlos Melo,0.2505,Nao_Prenha
OVI-0043,Mimosa,Ovino,Somalis,Linhagem D,2021-09-26,2.4,58.2,3,0,,Fazenda Caatinga Verde,Nova Russas,2024-02-06,2,2024,1,Chuvosa,IA Convencional,Ile de France,REP-020,Grupo Nelore,IATF 7 dias,66,19.4,Fernanda Costa,0.7274,Nao_Prenha
CAP-0040,Hera,Caprino,Canindé,Linhagem D,2019-08-02,3.2,52.2,5,1,244,Sítio São Francisco,Monsenhor Tabosa,2022-10-14,10,2022,4,Seca,IA Convencional,Anglo Nubiano,REP-069,Próprio,Sem protocolo,56,26.5,Juliana Pinto,0.7821,Prenha
CAP-0041,Joia,Caprino,Boer,Sem registro,2019-04-18,3.3,55.4,4,0,,Sítio São Francisco,Nova Russas,2022-07-19,7,2022,3,Seca,IA Convencional,Boer,REP-043,Sexing Tech,Sem protocolo,92,37.8,Ana Lima,0.4086,Nao_Prenha
BOV-0087,Dalila,Bovino,Gir,Sem registro,2021-04-11,1.0,546.8,4,0,,Sítio São Francisco,Monsenhor Tabosa,2022-04-20,4,2022,2,Chuvosa,IA Convencional,Gir,REP-073,Geneal,Ovsynch,72,24.6,Pedro Alves,0.6879,Nao_Prenha
BOV-0088,Joia,Bovino,Nelore,Sem registro,2019-07-07,2.8,362.1,4,0,,Sítio Mandacaru,Quiterianópolis,2022-04-29,4,2022,2,Chuvosa,IA Convencional,Gir,REP-052,Geneal,Ovsynch,78,34.8,Maria Souza,0.7525,Prenha
BOV-0089,Lua,Bovino,Guzerá,Sem registro,2020-03-08,1.9,530.0,3,0,,Fazenda Bela Vista,Ipaporanga,2022-01-29,1,2022,1,Chuvosa,IATF,Senepol,REP-065,Grupo Nelore,IATF 7 dias,85,34.1,Fernanda Costa,0.7564,Prenha
BOV-0090,Anita,Bovino,Tabapuã,Linhagem C,2021-11-16,2.0,578.6,3,0,,Sítio São Francisco,Tamboril,2023-11-23,11,2023,4,Chuvosa,IATF,Bonsmara,REP-028,Próprio,P4+EB,50,34.5,Roberto Neto,0.7708,Prenha
BOV-0091,Eva,Bovino,Sindi,Sem registro,2016-06-02,7.7,440.4,2,0,,Fazenda Poço Fundo,Ararendá,2024-02-08,2,2024,1,Chuvosa,IA Convencional,Senepol,REP-016,Grupo Nelore,GnRH+PGF2α,89,20.4,João Silva,0.4515,Nao_Prenha
OVI-0044,Amora,Ovino,Bergamácia,Linhagem B,2020-09-19,1.8,43.6,4,0,,Sítio Três Irmãos,Nova Russas,2022-07-26,7,2022,3,Seca,IA Convencional,Ile de France,REP-014,Geneal,Sem protocolo,58,36.3,Marcos Farias,0.3846,Nao_Prenha
OVI-0045,Anita,Ovino,Bergamácia,Linhagem B,2018-04-06,5.7,44.7,2,3,136,Fazenda Boa Esperança,Ipaporanga,2024-01-04,1,2024,1,Chuvosa,IA Convencional,Suffolk,REP-074,Próprio,P4+EB,93,38.5,Ana Lima,0.4729,Nao_Prenha
OVI-0046,Brisa,Ovino,Texel,Linhagem B,2018-11-14,4.4,43.4,2,0,,Fazenda Poço Fundo,Ipaporanga,2023-04-19,4,2023,2,Chuvosa,IA Convencional,Texel,REP-006,CRV Lagoa,Sem protocolo,116,18.9,Fernanda Costa,0.2675,Nao_Prenha
BOV-0092,Duna,Bovino,Gir,Linhagem C,2020-11-27,2.6,524.5,3,1,234,Fazenda Bela Vista,Ipaporanga,2023-07-04,7,2023,3,Seca,IA Convencional,Brahman,REP-008,Insitec,P4+BE+PGF,63,24.0,Luciana Reis,0.97,Prenha
OVI-0047,Nina,Ovino,Dorper,Linhagem F,2018-01-12,6.1,33.2,4,1,277,Sítio Três Irmãos,Nova Russas,2024-02-17,2,2024,1,Chuvosa,IA Convencional,Ile de France,REP-002,Próprio,P4+EB,67,20.5,Luciana Reis,0.8867,Prenha
OVI-0048,Orquídea,Ovino,Somalis,Linhagem A,2019-10-17,5.1,36.1,4,1,276,Sítio Mandacaru,Crateús,2024-11-29,11,2024,4,Chuvosa,IA Convencional,Ile de France,REP-021,Grupo Nelore,Select Synch,49,32.6,Pedro Alves,0.7303,Prenha
BOV-0093,Pétala,Bovino,Nelore,Linhagem F,2019-09-17,3.8,346.8,4,1,150,Sítio Riacho Seco,Ararendá,2023-07-24,7,2023,3,Seca,IATF,Simmental,REP-016,Geneal,GnRH+PGF2α,15,28.1,Luciana Reis,0.6691,Prenha
BOV-0094,Mimosa,Bovino,Brahman,Linhagem G,2017-01-07,6.7,481.4,5,2,57,Sítio Mandacaru,Poranga,2023-09-16,9,2023,3,Seca,IA Convencional,Bonsmara,REP-047,Próprio,Select Synch,109,22.9,Fernanda Costa,0.7936,Prenha
BOV-0095,Terra,Bovino,Guzerá,Linhagem D,2022-02-21,2.8,311.9,5,1,101,Sítio Mandacaru,Tamboril,2024-12-05,12,2024,4,Chuvosa,IA Convencional,Bonsmara,REP-016,Insitec,IATF 7 dias,110,33.8,Maria Souza,0.8454,Prenha
CAP-0042,Lua,Caprino,Repartida,Linhagem A,2019-10-16,2.8,29.7,4,0,,Fazenda Bela Vista,Ararendá,2022-08-09,8,2022,3,Seca,IA Convencional,Toggenburg,REP-068,Próprio,Select Synch,103,37.6,Juliana Pinto,0.4397,Nao_Prenha
CAP-0043,Joia,Caprino,Anglo Nubiana,Linhagem E,2017-12-12,4.8,52.3,4,2,288,Fazenda Poço Fundo,Monsenhor Tabosa,2022-09-20,9,2022,3,Seca,IATF,Toggenburg,REP-058,Insitec,IATF 7 dias,117,26.5,Ana Lima,0.9625,Prenha
OVI-0049,Viola,Ovino,Bergamácia,Linhagem B,2019-05-09,4.4,59.2,3,2,178,Fazenda Palmeira,Monsenhor Tabosa,2023-10-05,10,2023,4,Seca,IATF,Ile de France,REP-046,Grupo Nelore,Select Synch,92,25.6,Pedro Alves,0.6463,Nao_Prenha
OVI-0050,Cida,Ovino,Santa Inês,Linhagem A,2019-03-17,5.2,36.6,3,0,,Fazenda Caatinga Verde,Independência,2024-05-15,5,2024,2,Seca,IA Convencional,Ile de France,REP-038,Alta Genetics,IATF 7 dias,90,19.2,Pedro Alves,0.5806,Prenha
BOV-0096,Orquídea,Bovino,Brahman,Linhagem A,2022-04-17,1.9,515.3,4,0,,Sítio Boa Sorte,Catunda,2024-03-07,3,2024,1,Chuvosa,IA Convencional,Simmental,REP-002,Próprio,P4+BE+PGF,93,32.6,Roberto Neto,0.5993,Nao_Prenha
BOV-0097,Orquídea,Bovino,Brahman,Linhagem E,2020-02-15,3.0,414.6,5,0,,Fazenda Boa Esperança,Quiterianópolis,2023-02-07,2,2023,1,Chuvosa,IATF,Brahman,REP-072,Sexing Tech,P4+BE+PGF,28,39.2,Maria Souza,0.5764,Prenha
CAP-0044,Mimosa,Caprino,Canindé,Linhagem F,2019-09-15,4.9,29.5,5,0,,Sítio Mandacaru,Catunda,2024-08-13,8,2024,3,Seca,IATF,Boer,REP-010,Insitec,Resynch,104,38.5,Carlos Melo,0.3062,Nao_Prenha
CAP-0045,Íris,Caprino,Anglo Nubiana,Linhagem B,2020-08-30,3.6,36.2,3,1,199,Fazenda Palmeira,Crateús,2024-04-06,4,2024,2,Chuvosa,IATF,Saanen,REP-045,Geneal,Resynch,51,24.5,Marcos Farias,0.6801,Nao_Prenha
OVI-0051,Pétala,Ovino,Texel,Linhagem A,2016-06-12,7.4,48.6,4,2,42,Sítio Riacho Seco,Ararendá,2023-10-20,10,2023,4,Seca,IA Convencional,Santa Inês,REP-038,Próprio,Select Synch,71,36.1,Marcos Farias,0.4811,Prenha
CAP-0046,Cida,Caprino,Canindé,Linhagem C,2021-12-24,0.1,35.8,4,0,,Fazenda Poço Fundo,Ipaporanga,2022-01-16,1,2022,1,Chuvosa,IA Convencional,Anglo Nubiano,REP-004,Geneal,Select Synch,115,33.1,Ana Lima,0.6987,Prenha
BOV-0098,Joia,Bovino,Brahman,Linhagem A,2018-10-28,3.6,402.3,4,1,251,Sítio Mandacaru,Ipaporanga,2022-05-25,5,2022,2,Seca,IA Convencional,Brahman,REP-010,Sexing Tech,P4+EB,45,18.4,Marcos Farias,0.7891,Prenha
BOV-0099,Nina,Bovino,Nelore,Linhagem A,2020-04-11,3.9,326.9,3,2,230,Fazenda Caatinga Verde,Monsenhor Tabosa,2024-03-20,3,2024,1,Chuvosa,IATF,Gir,REP-071,Insitec,Ovsynch,106,35.5,Carlos Melo,0.8244,Prenha
BOV-0100,Hera,Bovino,Sindi,Linhagem E,2022-01-09,0.5,504.5,5,0,,Fazenda Bela Vista,Tamboril,2022-06-24,6,2022,2,Seca,IATF,Angus,REP-025,CRV Lagoa,Ovsynch,32,27.1,Pedro Alves,0.7192,Prenha
OVI-0052,Palma,Ovino,Dorper,Linhagem D,2022-03-01,0.2,42.8,3,0,,Sítio Mandacaru,Ipaporanga,2022-05-30,5,2022,2,Seca,IATF,Santa Inês,REP-041,Geneal,IATF 7 dias,47,25.9,Maria Souza,0.6031,Prenha
OVI-0053,Graça,Ovino,Dorper,Linhagem G,2022-05-05,1.7,39.3,3,0,,Fazenda Bela Vista,Monsenhor Tabosa,2024-01-17,1,2024,1,Chuvosa,IA Convencional,Suffolk,REP-060,Geneal,Sem protocolo,96,34.3,Carlos Melo,0.439,Prenha
OVI-0054,Aurora,Ovino,Somalis,Sem registro,2019-02-23,3.6,43.3,5,0,,Sítio Mandacaru,Poranga,2022-10-14,10,2022,4,Seca,IA Convencional,Dorper,REP-076,Alta Genetics,P4+EB,98,19.7,Marcos Farias,0.4729,Nao_Prenha
OVI-0055,Cida,Ovino,Dorper,Linhagem A,2021-04-17,1.5,41.6,4,0,,Sítio Boa Sorte,Catunda,2022-11-01,11,2022,4,Chuvosa,IATF,Suffolk,REP-031,Insitec,P4+BE+PGF,22,28.2,Maria Souza,0.6512,Prenha
OVI-0056,Graça,Ovino,Santa Inês,Linhagem G,2021-06-03,2.6,64.7,3,1,219,Fazenda Poço Fundo,Ararendá,2024-01-05,1,2024,1,Chuvosa,IATF,Dorper,REP-006,CRV Lagoa,Sem protocolo,34,18.9,Marcos Farias,0.7125,Prenha
CAP-0047,Sofia,Caprino,Boer,Linhagem G,2018-12-14,4.0,41.5,4,0,,Sítio Boa Sorte,Monsenhor Tabosa,2022-12-23,12,2022,4,Chuvosa,IATF,Toggenburg,REP-062,Grupo Nelore,P4+BE+PGF,71,23.5,Marcos Farias,0.6427,Prenha
BOV-0101,Sofia,Bovino,Girolando,Linhagem D,2018-05-16,4.5,388.7,4,0,,Sítio Riacho Seco,Ararendá,2022-11-04,11,2022,4,Chuvosa,IA Convencional,Angus,REP-076,Alta Genetics,Resynch,89,23.1,Maria Souza,0.7797,Prenha
BOV-0102,Íris,Bovino,Nelore,Linhagem G,2017-07-05,7.4,324.1,3,1,294,Sítio Três Irmãos,Tamboril,2024-11-15,11,2024,4,Chuvosa,IATF,Simmental,REP-078,Geneal,IATF 7 dias,56,31.2,João Silva,0.9151,Prenha
CAP-0048,Joia,Caprino,Saanen,Linhagem H,2021-09-23,1.8,62.1,4,0,,Sítio São Francisco,Catunda,2023-06-26,6,2023,2,Seca,IATF,Saanen,REP-054,Insitec,P4+EB,34,26.3,Maria Souza,0.8227,Prenha
BOV-0103,Bonita,Bovino,Gir,Linhagem H,2021-12-16,2.9,424.7,3,0,,Sítio Boa Sorte,Crateús,2024-10-27,10,2024,4,Seca,IA Convencional,Nelore,REP-055,Alta Genetics,P4+BE+PGF,119,38.6,Marcos Farias,0.5421,Nao_Prenha
OVI-0057,Brisa,Ovino,Dorper,Linhagem A,2020-10-08,2.0,64.9,5,0,,Sítio São Francisco,Crateús,2022-10-02,10,2022,4,Seca,IATF,Suffolk,REP-074,Grupo Nelore,IATF 7 dias,41,31.2,Roberto Neto,0.5525,Prenha
BOV-0104,Nuvem,Bovino,Guzerá,Linhagem D,2019-07-17,4.8,326.4,4,2,163,Fazenda Caatinga Verde,Quiterianópolis,2024-04-17,4,2024,2,Chuvosa,IATF,Nelore,REP-053,Grupo Nelore,Sem protocolo,114,29.8,Fernanda Costa,0.8377,Prenha
CAP-0049,Duna,Caprino,Repartida,Linhagem C,2020-06-18,2.3,55.7,4,0,,Sítio Mandacaru,Crateús,2022-10-10,10,2022,4,Seca,IA Convencional,Anglo Nubiano,REP-050,Próprio,Select Synch,17,22.7,Fernanda Costa,0.5977,Nao_Prenha
CAP-0050,Rita,Caprino,Anglo Nubiana,Linhagem A,2020-11-18,1.6,36.2,2,0,,Fazenda Caatinga Verde,Poranga,2022-06-30,6,2022,2,Seca,IA Convencional,Saanen,REP-023,Próprio,Select Synch,97,26.5,Juliana Pinto,0.3689,Nao_Prenha
CAP-0051,Terra,Caprino,Repartida,Sem registro,2018-03-08,4.0,46.9,4,2,116,Sítio Três Irmãos,Nova Russas,2022-03-10,3,2022,1,Chuvosa,IATF,Alpino,REP-046,Próprio,Ovsynch,91,18.8,João Silva,0.9226,Prenha
BOV-0105,Mimosa,Bovino,Sindi,Linhagem A,2016-10-08,5.7,528.9,5,2,207,Fazenda Poço Fundo,Poranga,2022-07-04,7,2022,3,Seca,IATF,Bonsmara,REP-034,Alta Genetics,Resynch,109,24.1,Ana Lima,0.8661,Prenha
BOV-0106,Dalila,Bovino,Sindi,Linhagem G,2021-10-03,1.7,412.8,3,0,,Sítio Mandacaru,Crateús,2023-06-12,6,2023,2,Seca,IA Convencional,Bonsmara,REP-015,Sexing Tech,Resynch,103,23.4,Luciana Reis,0.6175,Prenha
CAP-0052,Orquídea,Caprino,Boer,Linhagem F,2018-07-30,5.2,47.1,1,2,157,Fazenda Bela Vista,Ararendá,2023-10-09,10,2023,4,Seca,IA Convencional,Saanen,REP-046,Alta Genetics,Select Synch,41,20.0,Maria Souza,0.5639,Nao_Prenha
BOV-0107,Lua,Bovino,Sindi,Linhagem A,2018-08-19,4.7,348.8,5,2,109,Fazenda Boa Esperança,Catunda,2023-05-11,5,2023,2,Seca,IA Convencional,Angus,REP-062,Sexing Tech,Sem protocolo,104,20.3,Luciana Reis,0.6955,Prenha
CAP-0053,Sofia,Caprino,Repartida,Linhagem F,2021-07-03,1.5,38.4,3,0,,Fazenda Boa Esperança,Catunda,2023-01-10,1,2023,1,Chuvosa,IA Convencional,Alpino,REP-051,Insitec,Select Synch,11,29.6,Luciana Reis,0.3556,Nao_Prenha
BOV-0108,Mimosa,Bovino,Tabapuã,Linhagem C,2016-02-18,7.0,310.2,3,2,125,Sítio Boa Sorte,Monsenhor Tabosa,2023-03-08,3,2023,1,Chuvosa,IA Convencional,Simmental,REP-064,Geneal,Sem protocolo,75,23.8,Luciana Reis,0.7767,Prenha
OVI-0058,Eva,Ovino,Texel,Linhagem D,2020-06-28,3.1,56.6,5,0,,Fazenda Poço Fundo,Quiterianópolis,2023-07-27,7,2023,3,Seca,IA Convencional,Dorper,REP-019,Insitec,Select Synch,109,20.2,Ana Lima,0.6031,Prenha
BOV-0109,Anita,Bovino,Canchim,Linhagem B,2021-12-27,1.8,355.3,5,0,,Fazenda Caatinga Verde,Ararendá,2023-10-09,10,2023,4,Seca,IATF,Brahman,REP-058,Próprio,Cosynch,55,20.2,João Silva,0.7312,Prenha
BOV-0110,Rosa,Bovino,Tabapuã,Linhagem H,2019-11-10,2.3,385.3,4,0,,Sítio Boa Sorte,Monsenhor Tabosa,2022-02-10,2,2022,1,Chuvosa,IATF,Nelore,REP-063,Insitec,IATF 7 dias,78,30.7,Pedro Alves,0.7577,Prenha
OVI-0059,Graça,Ovino,Texel,Sem registro,2017-11-17,6.0,56.6,5,0,,Fazenda Caatinga Verde,Nova Russas,2023-11-22,11,2023,4,Chuvosa,IATF,Ile de France,REP-035,Geneal,Sem protocolo,15,21.6,Fernanda Costa,0.4387,Nao_Prenha
OVI-0060,Nina,Ovino,Morada Nova,Linhagem B,2020-08-22,2.3,37.4,3,0,,Fazenda Poço Fundo,Ipaporanga,2022-12-09,12,2022,4,Chuvosa,IA Convencional,Santa Inês,REP-009,Geneal,Ovsynch,100,33.4,Ana Lima,0.6996,Nao_Prenha
BOV-0111,Rosa,Bovino,Tabapuã,Linhagem G,2017-09-28,4.7,348.8,4,3,94,Sítio Boa Sorte,Monsenhor Tabosa,2022-06-22,6,2022,2,Seca,IATF,Brahman,REP-060,Insitec,P4+EB,21,29.6,João Silva,0.7883,Prenha
BOV-0112,Cida,Bovino,Tabapuã,Linhagem E,2017-12-26,6.6,471.9,4,2,276,Sítio Boa Sorte,Quiterianópolis,2024-07-24,7,2024,3,Seca,IA Convencional,Simmental,REP-020,Sexing Tech,IATF 7 dias,74,23.0,Luciana Reis,0.97,Prenha
BOV-0113,Rita,Bovino,Canchim,Sem registro,2021-12-31,0.0,423.1,1,0,,Sítio Boa Sorte,Tamboril,2022-01-18,1,2022,1,Chuvosa,IATF,Senepol,REP-072,Geneal,Select Synch,107,24.4,João Silva,0.5201,Prenha
OVI-0061,Glória,Ovino,Dorper,Linhagem C,2020-03-29,3.0,50.2,3,1,175,Sítio Três Irmãos,Independência,2023-03-28,3,2023,1,Chuvosa,IA Convencional,Santa Inês,REP-038,CRV Lagoa,Cosynch,88,34.3,Roberto Neto,0.6306,Prenha
BOV-0114,Estrela,Bovino,Nelore,Linhagem F,2017-09-15,4.6,571.7,3,1,254,Sítio Riacho Seco,Tamboril,2022-04-12,4,2022,2,Chuvosa,IA Convencional,Angus,REP-054,Sexing Tech,P4+EB,98,18.2,Pedro Alves,0.8031,Nao_Prenha
BOV-0115,Bonita,Bovino,Girolando,Sem registro,2019-09-14,2.7,360.0,3,1,122,Sítio Três Irmãos,Tamboril,2022-06-14,6,2022,2,Seca,IA Convencional,Nelore,REP-057,Alta Genetics,P4+EB,29,37.7,Roberto Neto,0.5956,Prenha
OVI-0062,Nuvem,Ovino,Bergamácia,Linhagem D,2021-04-20,2.9,72.3,3,0,,Sítio Riacho Seco,Nova Russas,2024-03-07,3,2024,1,Chuvosa,IATF,Texel,REP-047,CRV Lagoa,IATF 7 dias,100,38.6,Maria Souza,0.7474,Nao_Prenha
BOV-0116,Linda,Bovino,Girolando,Linhagem B,2019-08-22,2.4,362.8,2,0,,Fazenda Bela Vista,Monsenhor Tabosa,2022-01-31,1,2022,1,Chuvosa,IATF,Senepol,REP-032,Alta Genetics,Sem protocolo,6,39.3,Luciana Reis,0.1683,Nao_Prenha
CAP-0054,Serena,Caprino,Canindé,Sem registro,2016-09-01,7.3,53.9,4,1,279,Sítio São Francisco,Crateús,2023-12-30,12,2023,4,Chuvosa,IATF,Boer,REP-046,Próprio,Resynch,34,25.0,Fernanda Costa,0.9577,Prenha
BOV-0117,Nina,Bovino,Canchim,Linhagem C,2022-04-08,1.4,450.0,4,0,,Sítio Três Irmãos,Catunda,2023-08-27,8,2023,3,Seca,IATF,Angus,REP-058,Sexing Tech,Ovsynch,98,28.3,Marcos Farias,0.6469,Nao_Prenha
OVI-0063,Joia,Ovino,Somalis,Linhagem F,2016-03-17,7.8,45.8,2,4,228,Sítio Mandacaru,Nova Russas,2024-01-16,1,2024,1,Chuvosa,IA Convencional,Dorper,REP-053,Próprio,Ovsynch,29,29.5,Marcos Farias,0.5258,Prenha
OVI-0064,Flor,Ovino,Morada Nova,Linhagem E,2016-06-28,6.2,40.7,4,0,,Sítio Mandacaru,Poranga,2022-09-23,9,2022,3,Seca,IA Convencional,Santa Inês,REP-007,Sexing Tech,Select Synch,9,30.6,Luciana Reis,0.4349,Nao_Prenha
BOV-0118,Sara,Bovino,Nelore,Linhagem E,2016-11-23,7.7,447.4,5,3,218,Fazenda Boa Esperança,Ipaporanga,2024-08-16,8,2024,3,Seca,IATF,Brahman,REP-010,Alta Genetics,Select Synch,106,33.6,Carlos Melo,0.9082,Prenha
OVI-0065,Cida,Ovino,Morada Nova,Sem registro,2020-04-27,2.7,60.2,4,0,,Sítio Boa Sorte,Ararendá,2023-01-24,1,2023,1,Chuvosa,IA Convencional,Ile de France,REP-014,Alta Genetics,Sem protocolo,76,34.5,Maria Souza,0.5936,Nao_Prenha
OVI-0066,Nina,Ovino,Somalis,Sem registro,2019-12-14,3.8,68.3,3,2,250,Fazenda Palmeira,Tamboril,2023-10-08,10,2023,4,Seca,IATF,Texel,REP-071,Próprio,Sem protocolo,110,34.0,Ana Lima,0.7917,Prenha
BOV-0119,Hera,Bovino,Sindi,Linhagem H,2016-01-01,6.2,284.9,3,2,33,Fazenda Caatinga Verde,Catunda,2022-03-12,3,2022,1,Chuvosa,IATF,Simmental,REP-072,Grupo Nelore,P4+EB,43,39.7,Fernanda Costa,0.7061,Prenha
BOV-0120,Pétala,Bovino,Sindi,Linhagem E,2018-08-12,4.8,451.1,4,1,69,Sítio Mandacaru,Ipaporanga,2023-06-09,6,2023,2,Seca,IA Convencional,Nelore,REP-005,Próprio,Resynch,97,25.1,Pedro Alves,0.841,Prenha
BOV-0121,Chuva,Bovino,Tabapuã,Linhagem F,2019-11-26,4.5,316.2,4,0,,Fazenda Palmeira,Crateús,2024-06-08,6,2024,2,Seca,IA Convencional,Senepol,REP-070,Grupo Nelore,IATF 7 dias,86,35.1,João Silva,0.6541,Prenha
OVI-0067,Hera,Ovino,Santa Inês,Linhagem E,2020-12-30,3.8,50.6,4,0,,Fazenda Palmeira,Quiterianópolis,2024-10-30,10,2024,4,Seca,IA Convencional,Dorper,REP-011,Geneal,P4+EB,21,25.4,Juliana Pinto,0.7685,Prenha
OVI-0068,Fada,Ovino,Texel,Sem registro,2021-05-23,1.7,60.0,3,0,,Sítio Três Irmãos,Ipaporanga,2023-02-10,2,2023,1,Chuvosa,IA Convencional,Suffolk,REP-055,Sexing Tech,Sem protocolo,36,19.6,Fernanda Costa,0.6068,Nao_Prenha
OVI-0069,Íris,Ovino,Somalis,Linhagem C,2019-12-03,4.6,50.9,5,1,132,Sítio São Francisco,Poranga,2024-06-24,6,2024,2,Seca,IA Convencional,Dorper,REP-037,CRV Lagoa,P4+EB,92,26.2,Maria Souza,0.9128,Prenha
BOV-0122,Nina,Bovino,Guzerá,Linhagem A,2021-04-13,0.8,502.0,3,0,,Sítio Mandacaru,Catunda,2022-02-16,2,2022,1,Chuvosa,IATF,Angus,REP-033,Alta Genetics,P4+BE+PGF,75,28.6,João Silva,0.6713,Prenha
BOV-0123,Mimosa,Bovino,Sindi,Linhagem F,2016-09-29,7.4,535.6,4,0,,Fazenda Palmeira,Ipaporanga,2024-03-06,3,2024,1,Chuvosa,IA Convencional,Bonsmara,REP-063,Insitec,P4+BE+PGF,7,24.4,Ana Lima,0.6862,Prenha
BOV-0124,Palma,Bovino,Nelore,Linhagem D,2022-04-15,-0.2,556.7,3,0,,Sítio Boa Sorte,Nova Russas,2022-02-14,2,2022,1,Chuvosa,IA Convencional,Angus,REP-065,Sexing Tech,Sem protocolo,55,34.4,Fernanda Costa,0.5877,Nao_Prenha
CAP-0055,Estrela,Caprino,Saanen,Linhagem C,2022-03-23,1.3,40.6,3,0,,Fazenda Poço Fundo,Tamboril,2023-07-28,7,2023,3,Seca,IATF,Boer,REP-055,Sexing Tech,Cosynch,16,34.1,Juliana Pinto,0.297,Nao_Prenha
BOV-0125,Fada,Bovino,Girolando,Linhagem H,2022-01-26,1.1,486.6,5,0,,Sítio Boa Sorte,Ipaporanga,2023-02-19,2,2023,1,Chuvosa,IATF,Brahman,REP-069,Próprio,Ovsynch,60,39.9,Juliana Pinto,0.6285,Prenha
BOV-0126,Beleza,Bovino,Sindi,Linhagem E,2020-08-22,3.7,503.7,4,2,170,Fazenda Boa Esperança,Poranga,2024-04-22,4,2024,2,Chuvosa,IA Convencional,Gir,REP-078,Grupo Nelore,Ovsynch,24,35.1,Pedro Alves,0.9176,Prenha
BOV-0127,Estrela,Bovino,Canchim,Linhagem D,2020-01-11,2.4,430.7,4,0,,Fazenda Bela Vista,Tamboril,2022-06-12,6,2022,2,Seca,IA Convencional,Angus,REP-005,Geneal,Ovsynch,28,36.7,Luciana Reis,0.7493,Prenha
OVI-0070,Lua,Ovino,Morada Nova,Sem registro,2018-04-17,4.1,69.3,4,1,264,Fazenda Poço Fundo,Monsenhor Tabosa,2022-05-16,5,2022,2,Seca,IA Convencional,Suffolk,REP-079,Próprio,Sem protocolo,118,23.4,João Silva,0.7947,Prenha
OVI-0071,Bonita,Ovino,Texel,Linhagem D,2021-11-02,0.8,67.6,2,0,,Fazenda Palmeira,Crateús,2022-08-12,8,2022,3,Seca,IA Convencional,Suffolk,REP-038,Geneal,P4+BE+PGF,71,29.8,Marcos Farias,0.4644,Prenha
BOV-0128,Terra,Bovino,Girolando,Linhagem F,2016-08-11,8.3,529.0,4,5,286,Fazenda Poço Fundo,Quiterianópolis,2024-11-24,11,2024,4,Chuvosa,IATF,Gir,REP-058,CRV Lagoa,Ovsynch,19,22.0,Marcos Farias,0.6328,Prenha
CAP-0056,Lua,Caprino,Toggenburg,Linhagem H,2021-02-05,1.4,53.6,5,0,,Sítio Boa Sorte,Ipaporanga,2022-07-04,7,2022,3,Seca,IA Convencional,Saanen,REP-050,Próprio,Resynch,96,34.1,Maria Souza,0.5275,Nao_Prenha
BOV-0129,Íris,Bovino,Girolando,Linhagem D,2019-10-04,3.1,323.4,4,0,,Sítio Três Irmãos,Independência,2022-11-04,11,2022,4,Chuvosa,IA Convencional,Senepol,REP-001,Grupo Nelore,Ovsynch,58,24.8,Carlos Melo,0.5409,Prenha
BOV-0130,Sara,Bovino,Canchim,Linhagem E,2022-02-04,-0.1,345.1,4,0,,Sítio São Francisco,Catunda,2022-01-12,1,2022,1,Chuvosa,IATF,Angus,REP-080,Próprio,P4+EB,57,27.7,Juliana Pinto,0.787,Prenha
BOV-0131,Bonita,Bovino,Gir,Linhagem F,2019-05-07,4.5,312.7,5,1,175,Fazenda Bela Vista,Ararendá,2023-11-10,11,2023,4,Chuvosa,IATF,Nelore,REP-005,CRV Lagoa,Select Synch,83,32.5,Juliana Pinto,0.7786,Prenha
CAP-0057,Flor,Caprino,Toggenburg,Linhagem B,2020-10-16,1.6,33.0,4,0,,Sítio Mandacaru,Crateús,2022-05-13,5,2022,2,Seca,IATF,Toggenburg,REP-074,Próprio,Cosynch,47,29.6,Ana Lima,0.6773,Nao_Prenha
CAP-0058,Terra,Caprino,Toggenburg,Linhagem D,2020-10-15,3.0,49.3,4,0,,Fazenda Bela Vista,Poranga,2023-10-11,10,2023,4,Seca,IATF,Alpino,REP-038,Alta Genetics,Resynch,83,30.4,Luciana Reis,0.6754,Prenha
BOV-0132,Dalila,Bovino,Tabapuã,Linhagem H,2018-04-29,6.0,380.1,4,1,35,Fazenda Caatinga Verde,Nova Russas,2024-04-29,4,2024,2,Chuvosa,IA Convencional,Nelore,REP-071,Sexing Tech,GnRH+PGF2α,86,22.4,Carlos Melo,0.584,Prenha
OVI-0072,Estrela,Ovino,Dorper,Sem registro,2017-12-20,5.1,71.7,4,3,48,Sítio Boa Sorte,Ararendá,2023-02-02,2,2023,1,Chuvosa,IATF,Texel,REP-008,Insitec,Select Synch,87,21.0,Luciana Reis,0.8995,Prenha
OVI-0073,Beleza,Ovino,Morada Nova,Linhagem C,2022-03-24,-0.1,61.5,4,0,,Fazenda Poço Fundo,Catunda,2022-02-08,2,2022,1,Chuvosa,IA Convencional,Ile de France,REP-074,Grupo Nelore,Sem protocolo,13,39.3,João Silva,0.4196,Nao_Prenha
BOV-0133,Beleza,Bovino,Tabapuã,Linhagem B,2016-05-09,7.2,429.1,3,3,184,Fazenda Boa Esperança,Tamboril,2023-07-11,7,2023,3,Seca,IATF,Nelore,REP-057,Grupo Nelore,Sem protocolo,32,29.6,Maria Souza,0.953,Prenha
CAP-0059,Graça,Caprino,Boer,Sem registro,2018-02-18,5.8,39.5,3,0,,Fazenda Boa Esperança,Ararendá,2023-11-28,11,2023,4,Chuvosa,IATF,Alpino,REP-067,CRV Lagoa,Cosynch,110,39.6,Pedro Alves,0.5144,Nao_Prenha
CAP-0060,Chuva,Caprino,Anglo Nubiana,Linhagem E,2021-03-27,1.0,56.3,4,0,,Sítio São Francisco,Nova Russas,2022-04-05,4,2022,2,Chuvosa,IATF,Alpino,REP-069,Sexing Tech,Cosynch,78,34.7,Fernanda Costa,0.7939,Prenha
BOV-0134,Íris,Bovino,Nelore,Linhagem B,2019-01-25,3.6,447.9,2,2,209,Sítio São Francisco,Independência,2022-08-23,8,2022,3,Seca,IATF,Simmental,REP-040,Grupo Nelore,Sem protocolo,75,25.0,Carlos Melo,0.7244,Prenha
CAP-0061,Serena,Caprino,Anglo Nubiana,Linhagem C,2017-03-09,7.0,43.8,3,4,258,Sítio Três Irmãos,Ararendá,2024-02-25,2,2024,1,Chuvosa,IA Convencional,Anglo Nubiano,REP-012,Insitec,Select Synch,83,25.8,Ana Lima,0.8359,Prenha
BOV-0135,Palma,Bovino,Brahman,Linhagem B,2021-04-11,2.0,538.3,4,0,,Sítio Riacho Seco,Crateús,2023-04-20,4,2023,2,Chuvosa,IA Convencional,Angus,REP-061,CRV Lagoa,Resynch,55,22.0,Fernanda Costa,0.7142,Prenha
BOV-0136,Fada,Bovino,Tabapuã,Linhagem D,2021-09-11,0.9,494.3,2,0,,Fazenda Poço Fundo,Tamboril,2022-07-30,7,2022,3,Seca,IA Convencional,Senepol,REP-071,Alta Genetics,Sem protocolo,106,24.6,Roberto Neto,0.3429,Nao_Prenha
BOV-0137,Linda,Bovino,Brahman,Linhagem E,2020-11-18,3.0,478.8,2,1,88,Sítio Riacho Seco,Independência,2023-12-02,12,2023,4,Chuvosa,IA Convencional,Angus,REP-052,CRV Lagoa,GnRH+PGF2α,80,31.1,Marcos Farias,0.4734,Nao_Prenha
BOV-0138,Serena,Bovino,Girolando,Linhagem G,2017-01-05,6.2,551.0,4,0,,Fazenda Caatinga Verde,Quiterianópolis,2023-03-22,3,2023,1,Chuvosa,IATF,Simmental,REP-026,Alta Genetics,Select Synch,101,21.2,Luciana Reis,0.6681,Prenha
CAP-0062,Amora,Caprino,Anglo Nubiana,Linhagem F,2020-11-15,3.1,28.3,5,1,95,Fazenda Boa Esperança,Catunda,2023-12-07,12,2023,4,Chuvosa,IA Convencional,Alpino,REP-015,Insitec,P4+EB,114,24.5,Marcos Farias,0.6643,Nao_Prenha
BOV-0139,Beleza,Bovino,Tabapuã,Linhagem C,2020-04-16,4.0,443.5,4,1,101,Fazenda Caatinga Verde,Independência,2024-04-11,4,2024,2,Chuvosa,IA Convencional,Gir,REP-002,CRV Lagoa,Ovsynch,29,30.2,Roberto Neto,0.7226,Prenha
CAP-0063,Linda,Caprino,Saanen,Linhagem C,2017-07-10,5.0,59.8,5,3,122,Sítio Boa Sorte,Tamboril,2022-06-23,6,2022,2,Seca,IATF,Toggenburg,REP-055,Grupo Nelore,P4+BE+PGF,63,29.2,Luciana Reis,0.7345,Prenha
OVI-0074,Jade,Ovino,Santa Inês,Linhagem H,2022-02-15,1.9,56.4,4,0,,Fazenda Caatinga Verde,Ararendá,2024-01-22,1,2024,1,Chuvosa,IA Convencional,Santa Inês,REP-011,Grupo Nelore,Select Synch,79,28.6,Pedro Alves,0.5944,Prenha
OVI-0075,Flor,Ovino,Somalis,Linhagem E,2022-01-17,1.7,70.9,4,0,,Fazenda Poço Fundo,Monsenhor Tabosa,2023-10-02,10,2023,4,Seca,IA Convencional,Santa Inês,REP-038,Alta Genetics,Sem protocolo,65,28.0,Juliana Pinto,0.6572,Prenha
CAP-0064,Rosa,Caprino,Moxotó,Linhagem C,2016-09-08,8.0,49.2,4,2,43,Fazenda Caatinga Verde,Nova Russas,2024-08-27,8,2024,3,Seca,IATF,Boer,REP-079,Sexing Tech,GnRH+PGF2α,41,28.7,Marcos Farias,0.6065,Nao_Prenha
BOV-0140,Dalila,Bovino,Canchim,Linhagem C,2017-12-16,4.9,522.4,3,1,278,Fazenda Bela Vista,Poranga,2022-11-06,11,2022,4,Chuvosa,IA Convencional,Brahman,REP-064,Insitec,GnRH+PGF2α,28,35.6,Fernanda Costa,0.7847,Prenha
OVI-0076,Nuvem,Ovino,Bergamácia,Sem registro,2019-11-14,2.4,64.5,2,0,,Sítio São Francisco,Quiterianópolis,2022-04-22,4,2022,2,Chuvosa,IA Convencional,Texel,REP-061,Sexing Tech,Select Synch,64,26.8,Luciana Reis,0.3634,Nao_Prenha
BOV-0141,Terra,Bovino,Guzerá,Linhagem E,2021-01-12,3.1,484.9,2,1,251,Fazenda Caatinga Verde,Ipaporanga,2024-02-22,2,2024,1,Chuvosa,IA Convencional,Simmental,REP-075,Geneal,IATF 7 dias,83,38.2,Fernanda Costa,0.6021,Nao_Prenha
OVI-0077,Lua,Ovino,Bergamácia,Linhagem F,2021-10-30,2.1,45.5,1,0,,Sítio Três Irmãos,Ararendá,2023-11-23,11,2023,4,Chuvosa,IA Convencional,Dorper,REP-029,Próprio,Select Synch,111,19.5,Maria Souza,0.1377,Nao_Prenha
BOV-0142,Aurora,Bovino,Gir,Linhagem E,2016-08-20,6.6,567.3,2,4,96,Fazenda Bela Vista,Nova Russas,2023-03-21,3,2023,1,Chuvosa,IATF,Bonsmara,REP-060,Próprio,GnRH+PGF2α,53,32.4,Pedro Alves,0.6272,Prenha
BOV-0143,Beleza,Bovino,Gir,Linhagem D,2018-11-20,4.0,513.1,3,1,60,Sítio Três Irmãos,Ararendá,2022-11-28,11,2022,4,Chuvosa,IA Convencional,Brahman,REP-079,Geneal,Resynch,38,39.0,Pedro Alves,0.6534,Prenha
BOV-0144,Cida,Bovino,Gir,Linhagem A,2020-11-01,2.4,494.6,2,0,,Sítio Riacho Seco,Independência,2023-03-24,3,2023,1,Chuvosa,IA Convencional,Gir,REP-005,Próprio,P4+EB,14,30.6,Luciana Reis,0.442,Nao_Prenha
OVI-0078,Viola,Ovino,Texel,Linhagem F,2021-07-02,3.2,68.3,4,0,,Sítio Mandacaru,Catunda,2024-09-06,9,2024,3,Seca,IA Convencional,Suffolk,REP-043,Próprio,GnRH+PGF2α,74,23.0,Luciana Reis,0.6772,Prenha
OVI-0079,Aurora,Ovino,Dorper,Linhagem F,2020-02-05,4.9,68.2,4,2,133,Fazenda Poço Fundo,Ipaporanga,2024-12-30,12,2024,4,Chuvosa,IA Convencional,Santa Inês,REP-063,CRV Lagoa,IATF 7 dias,27,30.2,Ana Lima,0.8875,Prenha
OVI-0080,Pétala,Ovino,Santa Inês,Linhagem H,2021-06-26,2.7,59.7,4,1,38,Sítio Três Irmãos,Tamboril,2024-03-07,3,2024,1,Chuvosa,IA Convencional,Ile de France,REP-059,Próprio,P4+BE+PGF,9,25.5,João Silva,0.5427,Nao_Prenha
BOV-0145,Flor,Bovino,Canchim,Linhagem B,2016-05-31,6.4,285.7,5,4,53,Fazenda Boa Esperança,Nova Russas,2022-10-17,10,2022,4,Seca,IATF,Bonsmara,REP-059,Grupo Nelore,Ovsynch,36,33.4,João Silva,0.8293,Prenha
BOV-0146,Orquídea,Bovino,Tabapuã,Linhagem A,2016-09-15,6.4,523.5,5,3,196,Sítio Boa Sorte,Tamboril,2023-02-20,2,2023,1,Chuvosa,IATF,Brahman,REP-076,Alta Genetics,Ovsynch,20,39.5,Marcos Farias,0.6144,Prenha
BOV-0147,Jade,Bovino,Girolando,Linhagem B,2017-11-19,6.2,353.1,4,1,81,Fazenda Boa Esperança,Ararendá,2024-01-28,1,2024,1,Chuvosa,IATF,Gir,REP-001,CRV Lagoa,Ovsynch,106,36.6,Roberto Neto,0.75,Prenha
BOV-0148,Rita,Bovino,Girolando,Linhagem E,2017-06-03,5.7,361.3,4,1,119,Sítio Mandacaru,Ipaporanga,2023-02-27,2,2023,1,Chuvosa,IATF,Bonsmara,REP-045,Geneal,Resynch,83,33.2,Pedro Alves,0.7449,Prenha
BOV-0149,Anita,Bovino,Brahman,Linhagem A,2017-01-26,7.0,511.1,4,2,57,Fazenda Bela Vista,Independência,2024-01-12,1,2024,1,Chuvosa,IATF,Gir,REP-007,Próprio,Resynch,29,20.5,Luciana Reis,0.8183,Prenha
CAP-0065,Palma,Caprino,Canindé,Linhagem F,2016-06-26,6.1,62.2,3,0,,Sítio Mandacaru,Poranga,2022-08-02,8,2022,3,Seca,IA Convencional,Anglo Nubiano,REP-054,Alta Genetics,Resynch,67,29.3,Ana Lima,0.7321,Prenha
BOV-0150,Orquídea,Bovino,Tabapuã,Linhagem G,2017-02-05,6.2,340.0,5,0,,Sítio São Francisco,Poranga,2023-05-01,5,2023,2,Seca,IA Convencional,Senepol,REP-023,Geneal,Ovsynch,65,30.9,Roberto Neto,0.6222,Nao_Prenha
CAP-0066,Lua,Caprino,Anglo Nubiana,Linhagem C,2019-10-07,2.9,30.2,3,1,264,Sítio Mandacaru,Independência,2022-09-18,9,2022,3,Seca,IA Convencional,Alpino,REP-074,Grupo Nelore,IATF 7 dias,58,21.8,Ana Lima,0.8903,Prenha
CAP-0067,Sara,Caprino,Repartida,Sem registro,2018-06-05,6.2,38.3,4,1,156,Sítio Mandacaru,Crateús,2024-08-27,8,2024,3,Seca,IATF,Toggenburg,REP-006,CRV Lagoa,Ovsynch,46,27.6,Juliana Pinto,0.7639,Prenha
BOV-0151,Brisa,Bovino,Brahman,Linhagem E,2021-01-27,3.7,447.5,1,2,238,Fazenda Boa Esperança,Ararendá,2024-10-11,10,2024,4,Seca,IA Convencional,Nelore,REP-021,Próprio,GnRH+PGF2α,32,20.9,Ana Lima,0.4911,Nao_Prenha
OVI-0081,Estrela,Ovino,Morada Nova,Linhagem E,2021-02-06,3.5,40.0,5,2,267,Fazenda Palmeira,Crateús,2024-08-07,8,2024,3,Seca,IA Convencional,Suffolk,REP-055,Insitec,Sem protocolo,95,31.9,Roberto Neto,0.5379,Nao_Prenha
BOV-0152,Aurora,Bovino,Guzerá,Linhagem F,2019-10-07,2.5,313.3,3,0,,Sítio São Francisco,Independência,2022-04-23,4,2022,2,Chuvosa,IATF,Nelore,REP-031,Grupo Nelore,Select Synch,51,26.1,Maria Souza,0.5548,Nao_Prenha
OVI-0082,Nuvem,Ovino,Dorper,Linhagem G,2018-07-12,5.3,53.7,3,0,,Fazenda Palmeira,Ipaporanga,2023-10-19,10,2023,4,Seca,IA Convencional,Texel,REP-069,Próprio,Select Synch,13,26.2,Luciana Reis,0.5343,Prenha
OVI-0083,Flor,Ovino,Santa Inês,Linhagem H,2018-02-10,6.5,48.8,3,0,,Fazenda Bela Vista,Tamboril,2024-07-26,7,2024,3,Seca,IA Convencional,Santa Inês,REP-003,Sexing Tech,Resynch,18,21.6,Pedro Alves,0.5076,Nao_Prenha
OVI-0084,Fada,Ovino,Texel,Linhagem F,2021-04-25,2.6,63.7,1,0,,Fazenda Poço Fundo,Poranga,2023-12-12,12,2023,4,Chuvosa,IATF,Suffolk,REP-042,Geneal,Sem protocolo,13,18.5,Marcos Farias,0.1296,Nao_Prenha
BOV-0153,Amora,Bovino,Brahman,Linhagem E,2017-12-04,5.5,391.6,3,0,,Fazenda Bela Vista,Catunda,2023-06-17,6,2023,2,Seca,IA Convencional,Gir,REP-024,Alta Genetics,Sem protocolo,23,25.8,Pedro Alves,0.5245,Prenha
BOV-0154,Beleza,Bovino,Sindi,Linhagem C,2017-06-02,7.1,335.3,4,0,,Sítio Riacho Seco,Catunda,2024-06-21,6,2024,2,Seca,IA Convencional,Brahman,REP-069,Sexing Tech,Sem protocolo,90,25.0,Pedro Alves,0.5447,Prenha
BOV-0155,Palma,Bovino,Nelore,Linhagem B,2019-08-04,3.3,443.8,4,1,272,Sítio Riacho Seco,Monsenhor Tabosa,2022-11-16,11,2022,4,Chuvosa,IATF,Bonsmara,REP-062,CRV Lagoa,Sem protocolo,119,24.4,Pedro Alves,0.8156,Prenha
BOV-0156,Estrela,Bovino,Canchim,Linhagem G,2020-07-03,2.7,307.7,2,0,,Sítio Três Irmãos,Catunda,2023-03-28,3,2023,1,Chuvosa,IA Convencional,Brahman,REP-012,Grupo Nelore,P4+EB,79,29.6,Ana Lima,0.545,Nao_Prenha
CAP-0068,Eva,Caprino,Canindé,Sem registro,2020-06-16,2.4,41.7,3,0,,Sítio São Francisco,Ararendá,2022-10-30,10,2022,4,Seca,IA Convencional,Toggenburg,REP-057,Sexing Tech,GnRH+PGF2α,49,25.7,Marcos Farias,0.6911,Nao_Prenha
CAP-0069,Linda,Caprino,Repartida,Linhagem B,2020-08-23,2.1,50.1,3,0,,Sítio Mandacaru,Quiterianópolis,2022-10-13,10,2022,4,Seca,IATF,Alpino,REP-001,Geneal,GnRH+PGF2α,65,39.7,Fernanda Costa,0.5153,Nao_Prenha
OVI-0085,Fada,Ovino,Texel,Linhagem E,2018-03-27,4.8,55.8,2,2,185,Fazenda Boa Esperança,Independência,2023-01-16,1,2023,1,Chuvosa,IA Convencional,Texel,REP-039,Próprio,P4+EB,68,30.3,Ana Lima,0.6326,Prenha
OVI-0086,Terra,Ovino,Texel,Linhagem E,2020-09-04,2.3,33.2,4,0,,Sítio Mandacaru,Quiterianópolis,2023-01-03,1,2023,1,Chuvosa,IA Convencional,Dorper,REP-061,Próprio,Resynch,13,31.2,Juliana Pinto,0.2732,Prenha
BOV-0157,Serena,Bovino,Canchim,Linhagem B,2017-08-21,6.2,320.6,3,2,214,Fazenda Caatinga Verde,Catunda,2023-10-17,10,2023,4,Seca,IA Convencional,Bonsmara,REP-066,Alta Genetics,IATF 7 dias,58,32.0,João Silva,0.9381,Prenha
OVI-0087,Íris,Ovino,Dorper,Linhagem E,2022-02-05,1.7,43.7,4,0,,Fazenda Bela Vista,Catunda,2023-10-23,10,2023,4,Seca,IA Convencional,Texel,REP-048,Insitec,P4+EB,17,29.8,Pedro Alves,0.4242,Prenha
BOV-0158,Viola,Bovino,Gir,Linhagem F,2018-06-24,4.6,418.1,2,1,38,Sítio Mandacaru,Catunda,2023-01-21,1,2023,1,Chuvosa,IA Convencional,Gir,REP-023,Próprio,Resynch,66,25.7,Pedro Alves,0.4592,Prenha
CAP-0070,Orquídea,Caprino,Canindé,Linhagem A,2017-06-11,5.4,39.4,3,0,,Sítio Riacho Seco,Quiterianópolis,2022-10-19,10,2022,4,Seca,IA Convencional,Boer,REP-026,CRV Lagoa,P4+EB,59,33.2,Maria Souza,0.726,Prenha
BOV-0159,Rosa,Bovino,Sindi,Linhagem C,2016-06-26,5.9,283.1,2,0,,Fazenda Boa Esperança,Ipaporanga,2022-05-16,5,2022,2,Seca,IATF,Bonsmara,REP-036,Grupo Nelore,Sem protocolo,82,22.5,Pedro Alves,0.3822,Prenha
CAP-0071,Pétala,Caprino,Anglo Nubiana,Linhagem G,2021-08-30,0.7,56.2,4,0,,Sítio São Francisco,Catunda,2022-05-20,5,2022,2,Seca,IATF,Alpino,REP-047,Próprio,GnRH+PGF2α,41,21.8,João Silva,0.7032,Prenha
BOV-0160,Glória,Bovino,Brahman,Linhagem A,2020-10-03,2.4,313.9,5,0,,Fazenda Caatinga Verde,Catunda,2023-03-15,3,2023,1,Chuvosa,IATF,Gir,REP-011,Sexing Tech,Sem protocolo,64,20.4,Luciana Reis,0.5765,Prenha
BOV-0161,Amora,Bovino,Tabapuã,Linhagem B,2020-12-23,2.3,575.5,3,0,,Fazenda Boa Esperança,Ararendá,2023-04-08,4,2023,2,Chuvosa,IA Convencional,Brahman,REP-051,Geneal,Ovsynch,119,36.5,Fernanda Costa,0.7085,Prenha
BOV-0162,Brisa,Bovino,Guzerá,Sem registro,2017-11-22,4.5,381.6,4,3,92,Sítio Mandacaru,Nova Russas,2022-05-13,5,2022,2,Seca,IA Convencional,Angus,REP-046,Geneal,Sem protocolo,34,36.4,Carlos Melo,0.5823,Nao_Prenha
OVI-0088,Graça,Ovino,Santa Inês,Sem registro,2021-02-05,1.5,53.0,3,0,,Fazenda Boa Esperança,Independência,2022-08-10,8,2022,3,Seca,IA Convencional,Texel,REP-078,Próprio,Resynch,8,20.2,Maria Souza,0.63,Prenha
BOV-0163,Anita,Bovino,Brahman,Sem registro,2021-07-09,3.1,478.6,4,1,205,Fazenda Poço Fundo,Ipaporanga,2024-08-12,8,2024,3,Seca,IATF,Brahman,REP-058,Sexing Tech,P4+EB,108,36.9,João Silva,0.9271,Prenha
BOV-0164,Joia,Bovino,Girolando,Linhagem G,2022-03-30,1.5,409.2,3,0,,Fazenda Palmeira,Poranga,2023-09-13,9,2023,3,Seca,IATF,Gir,REP-061,Grupo Nelore,Select Synch,67,34.8,Luciana Reis,0.6602,Prenha
CAP-0072,Duna,Caprino,Anglo Nubiana,Linhagem F,2019-03-11,4.6,49.8,2,2,208,Sítio Três Irmãos,Quiterianópolis,2023-10-19,10,2023,4,Seca,IA Convencional,Anglo Nubiano,REP-046,Geneal,P4+BE+PGF,108,34.3,Fernanda Costa,0.7179,Prenha
BOV-0165,Pétala,Bovino,Gir,Linhagem E,2019-07-02,3.0,371.5,3,0,,Fazenda Palmeira,Quiterianópolis,2022-06-23,6,2022,2,Seca,IA Convencional,Senepol,REP-003,Próprio,Sem protocolo,73,25.2,Roberto Neto,0.3559,Nao_Prenha
BOV-0166,Brisa,Bovino,Brahman,Linhagem H,2021-06-23,1.1,429.0,4,0,,Sítio Riacho Seco,Ipaporanga,2022-07-24,7,2022,3,Seca,IA Convencional,Brahman,REP-028,Sexing Tech,Cosynch,26,31.5,Roberto Neto,0.4434,Prenha
CAP-0073,Hera,Caprino,Canindé,Linhagem E,2018-07-14,4.0,31.5,3,0,,Sítio Boa Sorte,Ipaporanga,2022-07-08,7,2022,3,Seca,IA Convencional,Alpino,REP-065,Insitec,Cosynch,77,35.6,Roberto Neto,0.4231,Prenha
BOV-0167,Viola,Bovino,Nelore,Linhagem A,2021-01-30,1.9,491.0,5,0,,Sítio Mandacaru,Quiterianópolis,2023-01-05,1,2023,1,Chuvosa,IA Convencional,Bonsmara,REP-067,Alta Genetics,Select Synch,32,32.5,Carlos Melo,0.7155,Prenha
BOV-0168,Amora,Bovino,Guzerá,Sem registro,2020-11-18,3.4,529.1,2,0,,Sítio Mandacaru,Tamboril,2024-04-20,4,2024,2,Chuvosa,IA Convencional,Senepol,REP-031,CRV Lagoa,IATF 7 dias,113,27.1,Pedro Alves,0.5734,Nao_Prenha
BOV-0169,Linda,Bovino,Brahman,Linhagem F,2020-09-24,1.5,361.8,1,0,,Fazenda Boa Esperança,Ipaporanga,2022-03-17,3,2022,1,Chuvosa,IA Convencional,Angus,REP-078,Sexing Tech,P4+EB,89,30.1,Luciana Reis,0.3651,Nao_Prenha
BOV-0170,Eva,Bovino,Girolando,Linhagem D,2017-01-04,7.2,313.6,4,0,,Sítio Riacho Seco,Ipaporanga,2024-03-23,3,2024,1,Chuvosa,IATF,Angus,REP-077,CRV Lagoa,IATF 7 dias,71,32.6,Marcos Farias,0.5883,Prenha
OVI-0089,Pétala,Ovino,Morada Nova,Linhagem F,2020-09-28,2.5,39.5,5,1,239,Sítio Boa Sorte,Ipaporanga,2023-03-23,3,2023,1,Chuvosa,IA Convencional,Santa Inês,REP-070,Geneal,Select Synch,37,37.0,Luciana Reis,0.6082,Nao_Prenha
CAP-0074,Graça,Caprino,Canindé,Linhagem E,2020-01-26,4.6,58.4,1,0,,Fazenda Palmeira,Quiterianópolis,2024-08-31,8,2024,3,Seca,IA Convencional,Saanen,REP-047,Insitec,IATF 7 dias,112,34.3,Ana Lima,0.3642,Nao_Prenha
BOV-0171,Hera,Bovino,Gir,Linhagem G,2018-11-12,4.8,507.0,3,1,254,Sítio Três Irmãos,Ararendá,2023-09-09,9,2023,3,Seca,IA Convencional,Senepol,REP-053,Insitec,IATF 7 dias,85,25.0,João Silva,0.97,Prenha
CAP-0075,Brisa,Caprino,Moxotó,Sem registro,2017-10-18,5.7,41.0,4,4,197,Fazenda Bela Vista,Crateús,2023-06-19,6,2023,2,Seca,IA Convencional,Anglo Nubiano,REP-026,Próprio,Resynch,63,33.3,Pedro Alves,0.8219,Prenha
OVI-0090,Fada,Ovino,Texel,Linhagem F,2020-08-07,3.2,69.6,3,0,,Sítio Três Irmãos,Quiterianópolis,2023-10-17,10,2023,4,Seca,IA Convencional,Suffolk,REP-024,Geneal,Cosynch,92,31.0,Carlos Melo,0.6391,Nao_Prenha
CAP-0076,Orquídea,Caprino,Moxotó,Linhagem E,2016-03-25,5.9,51.2,5,3,131,Sítio Mandacaru,Quiterianópolis,2022-02-17,2,2022,1,Chuvosa,IATF,Alpino,REP-020,CRV Lagoa,P4+BE+PGF,38,33.4,João Silva,0.97,Prenha
OVI-0091,Palma,Ovino,Morada Nova,Linhagem D,2021-07-17,1.1,40.2,5,0,,Sítio São Francisco,Poranga,2022-08-31,8,2022,3,Seca,IA Convencional,Dorper,REP-037,Próprio,P4+BE+PGF,41,34.4,Pedro Alves,0.5367,Prenha
BOV-0172,Graça,Bovino,Sindi,Sem registro,2016-04-27,7.3,465.3,5,2,264,Sítio São Francisco,Quiterianópolis,2023-08-18,8,2023,3,Seca,IATF,Angus,REP-077,Sexing Tech,P4+BE+PGF,15,18.2,Fernanda Costa,0.6744,Prenha
BOV-0173,Duna,Bovino,Sindi,Linhagem C,2016-07-05,5.5,465.9,3,3,219,Fazenda Bela Vista,Nova Russas,2022-01-11,1,2022,1,Chuvosa,IATF,Simmental,REP-065,Geneal,Sem protocolo,21,39.3,João Silva,0.7698,Nao_Prenha
BOV-0174,Beleza,Bovino,Girolando,Linhagem E,2021-12-12,2.5,315.1,2,0,,Fazenda Caatinga Verde,Nova Russas,2024-06-05,6,2024,2,Seca,IA Convencional,Brahman,REP-067,Sexing Tech,P4+BE+PGF,68,37.2,Fernanda Costa,0.354,Nao_Prenha
OVI-0092,Graça,Ovino,Santa Inês,Linhagem G,2022-03-26,2.2,38.4,3,0,,Sítio Riacho Seco,Crateús,2024-06-20,6,2024,2,Seca,IA Convencional,Dorper,REP-046,Próprio,GnRH+PGF2α,65,23.7,Roberto Neto,0.4828,Prenha
BOV-0175,Graça,Bovino,Gir,Linhagem C,2017-05-21,6.6,540.5,3,1,290,Fazenda Boa Esperança,Catunda,2023-12-17,12,2023,4,Chuvosa,IATF,Angus,REP-054,CRV Lagoa,Sem protocolo,110,24.0,Ana Lima,0.8786,Nao_Prenha
BOV-0176,Dalila,Bovino,Gir,Linhagem G,2020-06-02,3.7,377.1,1,1,275,Sítio Boa Sorte,Crateús,2024-02-05,2,2024,1,Chuvosa,IA Convencional,Senepol,REP-042,Próprio,P4+EB,63,31.8,Juliana Pinto,0.4553,Prenha
BOV-0177,Terra,Bovino,Gir,Sem registro,2019-08-16,2.7,565.6,3,1,160,Sítio São Francisco,Independência,2022-04-24,4,2022,2,Chuvosa,IA Convencional,Simmental,REP-052,Sexing Tech,P4+EB,27,23.3,Maria Souza,0.97,Prenha
CAP-0077,Amora,Caprino,Canindé,Sem registro,2017-06-21,6.5,58.8,4,3,258,Fazenda Poço Fundo,Ipaporanga,2024-01-06,1,2024,1,Chuvosa,IA Convencional,Anglo Nubiano,REP-048,Grupo Nelore,Sem protocolo,118,26.5,Juliana Pinto,0.9199,Prenha
BOV-0178,Bonita,Bovino,Canchim,Linhagem B,2021-10-03,2.2,347.3,4,0,,Sítio Riacho Seco,Quiterianópolis,2023-12-01,12,2023,4,Chuvosa,IATF,Bonsmara,REP-062,Sexing Tech,IATF 7 dias,68,29.6,Maria Souza,0.8756,Prenha
BOV-0179,Linda,Bovino,Gir,Linhagem B,2019-04-25,3.0,434.0,4,1,78,Fazenda Caatinga Verde,Poranga,2022-04-08,4,2022,2,Chuvosa,IATF,Nelore,REP-065,CRV Lagoa,Sem protocolo,64,32.5,Carlos Melo,0.7625,Prenha
BOV-0180,Joia,Bovino,Gir,Linhagem C,2020-05-28,1.8,543.0,3,0,,Fazenda Bela Vista,Tamboril,2022-04-03,4,2022,2,Chuvosa,IATF,Gir,REP-011,Próprio,Sem protocolo,101,32.7,Carlos Melo,0.6264,Prenha
BOV-0181,Dalila,Bovino,Canchim,Linhagem C,2016-02-24,6.8,487.5,5,5,279,Fazenda Caatinga Verde,Ipaporanga,2022-12-18,12,2022,4,Chuvosa,IATF,Gir,REP-018,CRV Lagoa,P4+BE+PGF,43,31.6,Fernanda Costa,0.8429,Prenha
BOV-0182,Lua,Bovino,Canchim,Linhagem B,2016-04-19,6.9,323.5,3,5,127,Fazenda Poço Fundo,Crateús,2023-03-05,3,2023,1,Chuvosa,IA Convencional,Bonsmara,REP-022,Alta Genetics,Resynch,16,24.6,Pedro Alves,0.455,Nao_Prenha
OVI-0093,Lua,Ovino,Santa Inês,Linhagem G,2019-04-22,4.9,32.3,4,3,242,Fazenda Caatinga Verde,Crateús,2024-03-13,3,2024,1,Chuvosa,IATF,Texel,REP-052,Geneal,Select Synch,113,28.9,Juliana Pinto,0.9073,Prenha
OVI-0094,Sara,Ovino,Somalis,Linhagem F,2018-08-07,3.7,50.1,3,0,,Sítio Riacho Seco,Poranga,2022-05-05,5,2022,2,Seca,IA Convencional,Santa Inês,REP-058,Próprio,GnRH+PGF2α,39,37.6,Luciana Reis,0.5509,Prenha
BOV-0183,Orquídea,Bovino,Guzerá,Linhagem D,2021-09-10,1.5,536.0,4,0,,Sítio Riacho Seco,Independência,2023-03-26,3,2023,1,Chuvosa,IA Convencional,Simmental,REP-037,Próprio,Sem protocolo,21,37.4,Roberto Neto,0.3954,Nao_Prenha
BOV-0184,Lua,Bovino,Gir,Linhagem C,2017-10-02,7.0,404.8,5,2,150,Sítio Boa Sorte,Independência,2024-10-04,10,2024,4,Seca,IA Convencional,Senepol,REP-065,CRV Lagoa,IATF 7 dias,31,30.3,Fernanda Costa,0.8671,Prenha
OVI-0095,Sara,Ovino,Dorper,Linhagem B,2018-11-22,5.0,65.1,4,1,293,Sítio Três Irmãos,Ipaporanga,2023-11-28,11,2023,4,Chuvosa,IA Convencional,Santa Inês,REP-072,CRV Lagoa,Resynch,82,32.7,Luciana Reis,0.871,Prenha
OVI-0096,Nuvem,Ovino,Bergamácia,Sem registro,2020-01-21,2.8,62.5,4,1,80,Sítio São Francisco,Ararendá,2022-11-18,11,2022,4,Chuvosa,IA Convencional,Texel,REP-001,Alta Genetics,GnRH+PGF2α,24,32.2,Pedro Alves,0.5678,Prenha
BOV-0185,Jade,Bovino,Girolando,Linhagem A,2020-01-17,3.3,506.1,3,0,,Fazenda Palmeira,Monsenhor Tabosa,2023-05-18,5,2023,2,Seca,IA Convencional,Senepol,REP-057,Alta Genetics,Resynch,22,35.6,Roberto Neto,0.5598,Nao_Prenha
OVI-0097,Flor,Ovino,Dorper,Sem registro,2016-12-13,6.9,74.2,3,0,,Fazenda Palmeira,Nova Russas,2023-11-24,11,2023,4,Chuvosa,IATF,Suffolk,REP-052,Próprio,P4+EB,55,34.7,Juliana Pinto,0.6623,Prenha
CAP-0078,Anita,Caprino,Boer,Linhagem H,2017-08-24,6.6,60.8,4,4,256,Sítio Três Irmãos,Crateús,2024-04-07,4,2024,2,Chuvosa,IA Convencional,Boer,REP-043,Geneal,IATF 7 dias,94,25.6,Ana Lima,0.7973,Prenha
OVI-0098,Nuvem,Ovino,Somalis,Sem registro,2017-01-15,7.8,54.4,4,1,41,Sítio São Francisco,Nova Russas,2024-11-13,11,2024,4,Chuvosa,IATF,Texel,REP-065,CRV Lagoa,IATF 7 dias,8,37.6,Juliana Pinto,0.4311,Nao_Prenha
BOV-0186,Dalila,Bovino,Nelore,Linhagem B,2021-01-12,2.6,381.7,3,0,,Fazenda Palmeira,Tamboril,2023-09-03,9,2023,3,Seca,IATF,Gir,REP-042,Grupo Nelore,P4+BE+PGF,49,24.6,Pedro Alves,0.6775,Nao_Prenha
BOV-0187,Brisa,Bovino,Tabapuã,Linhagem H,2017-08-23,6.7,307.7,3,1,273,Sítio Mandacaru,Catunda,2024-05-21,5,2024,2,Seca,IA Convencional,Nelore,REP-051,Insitec,P4+BE+PGF,32,27.8,Marcos Farias,0.5586,Nao_Prenha
OVI-0099,Sara,Ovino,Morada Nova,Linhagem A,2020-09-03,2.2,37.5,4,0,,Sítio Riacho Seco,Ararendá,2022-11-30,11,2022,4,Chuvosa,IATF,Ile de France,REP-021,Grupo Nelore,Cosynch,95,29.3,Maria Souza,0.7241,Nao_Prenha
BOV-0188,Jade,Bovino,Guzerá,Linhagem C,2017-03-27,5.4,366.9,4,0,,Sítio Riacho Seco,Crateús,2022-09-05,9,2022,3,Seca,IA Convencional,Simmental,REP-019,Insitec,IATF 7 dias,52,24.7,Carlos Melo,0.6611,Nao_Prenha
BOV-0189,Sara,Bovino,Guzerá,Linhagem C,2016-01-09,6.7,541.1,3,4,188,Sítio Mandacaru,Independência,2022-09-08,9,2022,3,Seca,IA Convencional,Nelore,REP-065,Próprio,Resynch,77,28.0,Roberto Neto,0.7619,Prenha
OVI-0100,Graça,Ovino,Somalis,Linhagem E,2019-08-25,2.9,49.6,3,1,203,Fazenda Bela Vista,Crateús,2022-07-02,7,2022,3,Seca,IA Convencional,Ile de France,REP-072,Próprio,GnRH+PGF2α,74,19.0,Carlos Melo,0.637,Nao_Prenha
OVI-0101,Serena,Ovino,Morada Nova,Linhagem H,2022-05-24,2.5,53.6,1,0,,Sítio Riacho Seco,Ipaporanga,2024-12-04,12,2024,4,Chuvosa,IATF,Suffolk,REP-078,Sexing Tech,Sem protocolo,7,24.0,Ana Lima,0.2334,Nao_Prenha
BOV-0190,Estrela,Bovino,Girolando,Linhagem C,2019-10-24,4.6,287.2,4,3,161,Fazenda Caatinga Verde,Independência,2024-06-14,6,2024,2,Seca,IA Convencional,Gir,REP-033,Insitec,Ovsynch,16,20.5,Marcos Farias,0.6398,Nao_Prenha
BOV-0191,Beleza,Bovino,Nelore,Linhagem D,2018-01-13,4.1,397.0,3,1,195,Sítio São Francisco,Poranga,2022-02-25,2,2022,1,Chuvosa,IA Convencional,Brahman,REP-064,Grupo Nelore,Cosynch,38,26.3,João Silva,0.97,Prenha
BOV-0192,Serena,Bovino,Tabapuã,Linhagem E,2019-07-27,5.0,425.3,3,1,39,Fazenda Palmeira,Independência,2024-08-09,8,2024,3,Seca,IATF,Nelore,REP-073,Geneal,Cosynch,39,30.2,Maria Souza,0.7614,Prenha
CAP-0079,Eva,Caprino,Repartida,Linhagem A,2022-01-22,0.9,47.9,3,0,,Fazenda Bela Vista,Crateús,2022-12-11,12,2022,4,Chuvosa,IA Convencional,Boer,REP-062,Sexing Tech,IATF 7 dias,10,18.0,Juliana Pinto,0.4458,Nao_Prenha
BOV-0193,Duna,Bovino,Sindi,Linhagem D,2018-05-21,6.5,328.4,4,0,,Fazenda Caatinga Verde,Quiterianópolis,2024-11-11,11,2024,4,Chuvosa,IA Convencional,Nelore,REP-079,Grupo Nelore,Select Synch,43,20.0,Pedro Alves,0.6299,Nao_Prenha
CAP-0080,Nina,Caprino,Canindé,Linhagem A,2019-01-23,4.3,40.6,4,2,198,Sítio Riacho Seco,Crateús,2023-05-19,5,2023,2,Seca,IATF,Saanen,REP-023,Geneal,Sem protocolo,7,38.1,João Silva,0.4597,Nao_Prenha
OVI-0102,Flor,Ovino,Bergamácia,Linhagem F,2022-01-15,0.1,60.9,3,0,,Sítio Três Irmãos,Ararendá,2022-03-05,3,2022,1,Chuvosa,IA Convencional,Suffolk,REP-025,Geneal,P4+EB,110,31.2,Pedro Alves,0.6318,Prenha
CAP-0081,Duna,Caprino,Repartida,Linhagem D,2018-02-23,4.4,51.1,4,0,,Sítio Riacho Seco,Poranga,2022-07-04,7,2022,3,Seca,IA Convencional,Alpino,REP-001,Alta Genetics,IATF 7 dias,34,39.6,João Silva,0.6598,Prenha
BOV-0194,Viola,Bovino,Brahman,Linhagem H,2021-07-16,1.4,501.6,4,0,,Sítio Mandacaru,Tamboril,2022-12-16,12,2022,4,Chuvosa,IA Convencional,Bonsmara,REP-036,Alta Genetics,IATF 7 dias,13,30.9,Pedro Alves,0.6567,Prenha
BOV-0195,Palma,Bovino,Nelore,Linhagem D,2016-01-09,8.4,561.6,4,3,170,Fazenda Palmeira,Crateús,2024-05-24,5,2024,2,Seca,IA Convencional,Senepol,REP-007,Sexing Tech,Sem protocolo,20,33.0,Luciana Reis,0.7061,Prenha
BOV-0196,Hera,Bovino,Gir,Linhagem B,2018-03-08,5.7,522.3,5,1,246,Fazenda Caatinga Verde,Ipaporanga,2023-11-17,11,2023,4,Chuvosa,IATF,Simmental,REP-004,Geneal,Sem protocolo,14,38.2,Pedro Alves,0.5239,Nao_Prenha
BOV-0197,Rosa,Bovino,Canchim,Linhagem G,2018-10-09,3.8,567.6,5,1,296,Sítio Riacho Seco,Ipaporanga,2022-08-09,8,2022,3,Seca,IA Convencional,Angus,REP-075,CRV Lagoa,Sem protocolo,106,23.2,Juliana Pinto,0.6474,Nao_Prenha
CAP-0082,Glória,Caprino,Repartida,Linhagem A,2019-07-07,2.9,30.3,4,0,,Fazenda Boa Esperança,Catunda,2022-05-14,5,2022,2,Seca,IA Convencional,Boer,REP-038,Insitec,GnRH+PGF2α,43,31.4,Maria Souza,0.5735,Prenha
CAP-0083,Mimosa,Caprino,Boer,Linhagem B,2021-01-31,3.1,60.6,4,1,43,Sítio Três Irmãos,Crateús,2024-02-26,2,2024,1,Chuvosa,IATF,Toggenburg,REP-076,Insitec,GnRH+PGF2α,63,29.4,Ana Lima,0.7501,Nao_Prenha
BOV-0198,Viola,Bovino,Tabapuã,Linhagem F,2018-11-15,5.1,497.4,4,1,100,Fazenda Poço Fundo,Catunda,2023-12-29,12,2023,4,Chuvosa,IATF,Gir,REP-040,Grupo Nelore,Sem protocolo,107,19.0,Carlos Melo,0.6958,Prenha
BOV-0199,Mimosa,Bovino,Nelore,Linhagem G,2021-10-21,1.0,432.1,5,0,,Sítio Boa Sorte,Tamboril,2022-10-24,10,2022,4,Seca,IATF,Angus,REP-060,Grupo Nelore,GnRH+PGF2α,59,25.6,Ana Lima,0.8543,Prenha
OVI-0103,Chuva,Ovino,Dorper,Linhagem D,2019-05-12,5.0,36.5,5,0,,Sítio Riacho Seco,Poranga,2024-05-07,5,2024,2,Seca,IA Convencional,Dorper,REP-031,Geneal,Cosynch,68,22.8,Ana Lima,0.6071,Prenha
CAP-0084,Mimosa,Caprino,Anglo Nubiana,Linhagem D,2020-01-26,2.0,29.1,2,0,,Fazenda Boa Esperança,Tamboril,2022-01-21,1,2022,1,Chuvosa,IATF,Saanen,REP-037,Alta Genetics,P4+EB,61,22.3,Fernanda Costa,0.5646,Nao_Prenha
OVI-0104,Chuva,Ovino,Morada Nova,Linhagem E,2022-03-21,1.2,32.9,5,0,,Sítio Boa Sorte,Tamboril,2023-05-19,5,2023,2,Seca,IATF,Dorper,REP-059,Alta Genetics,GnRH+PGF2α,7,36.3,Roberto Neto,0.2768,Nao_Prenha
CAP-0085,Linda,Caprino,Saanen,Linhagem H,2016-09-24,5.9,57.4,3,3,221,Sítio Mandacaru,Tamboril,2022-08-31,8,2022,3,Seca,IATF,Boer,REP-038,Insitec,Sem protocolo,45,31.2,João Silva,0.7315,Prenha
BOV-0200,Sofia,Bovino,Canchim,Linhagem C,2017-06-01,7.4,498.2,4,5,63,Fazenda Palmeira,Ararendá,2024-11-06,11,2024,4,Chuvosa,IATF,Angus,REP-042,Próprio,Resynch,26,29.2,Fernanda Costa,0.7633,Nao_Prenha
BOV-0201,Hera,Bovino,Brahman,Linhagem B,2016-05-29,6.8,415.6,3,1,186,Fazenda Caatinga Verde,Catunda,2023-03-01,3,2023,1,Chuvosa,IATF,Angus,REP-018,Insitec,Sem protocolo,59,37.6,Pedro Alves,0.6208,Prenha
OVI-0105,Orquídea,Ovino,Somalis,Linhagem G,2016-06-17,8.1,46.5,4,3,239,Fazenda Boa Esperança,Independência,2024-08-10,8,2024,3,Seca,IA Convencional,Ile de France,REP-030,Sexing Tech,P4+BE+PGF,52,35.7,Carlos Melo,0.6169,Nao_Prenha
OVI-0106,Aurora,Ovino,Santa Inês,Linhagem C,2019-02-06,4.2,35.1,2,0,,Fazenda Caatinga Verde,Tamboril,2023-04-12,4,2023,2,Chuvosa,IA Convencional,Santa Inês,REP-070,Sexing Tech,IATF 7 dias,47,22.3,Carlos Melo,0.4561,Nao_Prenha
BOV-0202,Duna,Bovino,Nelore,Linhagem H,2020-07-12,3.7,476.2,5,0,,Sítio São Francisco,Catunda,2024-04-10,4,2024,2,Chuvosa,IATF,Gir,REP-060,Próprio,Resynch,115,26.7,Ana Lima,0.7186,Nao_Prenha
BOV-0203,Jade,Bovino,Canchim,Sem registro,2018-05-08,6.1,447.5,3,4,95,Sítio Boa Sorte,Tamboril,2024-06-17,6,2024,2,Seca,IA Convencional,Senepol,REP-055,Próprio,Sem protocolo,44,38.8,Luciana Reis,0.7278,Nao_Prenha
OVI-0107,Amora,Ovino,Somalis,Linhagem G,2019-08-28,2.5,71.7,3,1,230,Fazenda Poço Fundo,Tamboril,2022-02-17,2,2022,1,Chuvosa,IA Convencional,Santa Inês,REP-014,Sexing Tech,Select Synch,53,22.5,Maria Souza,0.7726,Prenha
OVI-0108,Joia,Ovino,Santa Inês,Linhagem H,2016-05-11,8.4,40.6,5,3,175,Fazenda Boa Esperança,Monsenhor Tabosa,2024-09-27,9,2024,3,Seca,IATF,Dorper,REP-002,Alta Genetics,Resynch,31,23.1,Maria Souza,0.8673,Prenha
BOV-0204,Íris,Bovino,Tabapuã,Linhagem E,2017-03-29,5.5,502.9,3,1,96,Sítio Mandacaru,Poranga,2022-09-22,9,2022,3,Seca,IA Convencional,Gir,REP-076,Alta Genetics,Ovsynch,116,22.5,Luciana Reis,0.7585,Prenha
CAP-0086,Nina,Caprino,Moxotó,Sem registro,2016-09-19,7.5,47.5,5,3,265,Sítio Boa Sorte,Nova Russas,2024-03-28,3,2024,1,Chuvosa,IA Convencional,Boer,REP-079,Insitec,Resynch,64,30.7,Carlos Melo,0.7458,Prenha
BOV-0205,Linda,Bovino,Girolando,Linhagem D,2021-02-18,3.0,450.6,3,0,,Fazenda Caatinga Verde,Ipaporanga,2024-02-27,2,2024,1,Chuvosa,IATF,Bonsmara,REP-064,Geneal,Select Synch,35,37.5,Carlos Melo,0.5199,Prenha
OVI-0109,Beleza,Ovino,Morada Nova,Sem registro,2020-08-06,3.9,40.9,2,0,,Fazenda Poço Fundo,Tamboril,2024-07-12,7,2024,3,Seca,IA Convencional,Texel,REP-005,CRV Lagoa,Sem protocolo,14,32.1,Roberto Neto,0.0594,Nao_Prenha
CAP-0087,Beleza,Caprino,Boer,Linhagem B,2021-03-16,3.5,31.1,4,2,254,Fazenda Boa Esperança,Poranga,2024-09-19,9,2024,3,Seca,IA Convencional,Anglo Nubiano,REP-023,Sexing Tech,Ovsynch,22,28.4,Pedro Alves,0.6214,Prenha
OVI-0110,Sofia,Ovino,Dorper,Linhagem A,2017-09-20,6.8,41.3,2,5,140,Fazenda Caatinga Verde,Ararendá,2024-06-21,6,2024,2,Seca,IATF,Dorper,REP-077,CRV Lagoa,P4+BE+PGF,61,33.3,Maria Souza,0.5392,Nao_Prenha
OVI-0111,Pétala,Ovino,Morada Nova,Linhagem A,2020-03-14,3.1,32.7,1,0,,Fazenda Bela Vista,Independência,2023-05-04,5,2023,2,Seca,IA Convencional,Santa Inês,REP-054,Grupo Nelore,GnRH+PGF2α,48,36.1,Ana Lima,0.1977,Nao_Prenha
OVI-0112,Cida,Ovino,Santa Inês,Linhagem D,2020-06-06,4.0,41.2,3,0,,Sítio São Francisco,Ararendá,2024-05-26,5,2024,2,Seca,IA Convencional,Dorper,REP-009,Próprio,P4+BE+PGF,6,26.8,João Silva,0.3996,Nao_Prenha
BOV-0206,Flor,Bovino,Sindi,Linhagem F,2018-06-14,5.9,459.7,5,0,,Sítio Três Irmãos,Poranga,2024-04-21,4,2024,2,Chuvosa,IATF,Senepol,REP-050,Próprio,IATF 7 dias,96,29.8,Pedro Alves,0.625,Nao_Prenha
BOV-0207,Rita,Bovino,Nelore,Linhagem E,2016-10-03,7.1,553.6,4,4,149,Sítio Mandacaru,Ipaporanga,2023-11-18,11,2023,4,Chuvosa,IA Convencional,Simmental,REP-031,Próprio,P4+EB,69,30.9,Ana Lima,0.97,Prenha
OVI-0113,Serena,Ovino,Texel,Linhagem F,2017-07-17,6.6,40.7,3,5,49,Fazenda Bela Vista,Nova Russas,2024-02-07,2,2024,1,Chuvosa,IATF,Texel,REP-006,Grupo Nelore,Sem protocolo,35,38.3,Luciana Reis,0.3753,Prenha
CAP-0088,Chuva,Caprino,Saanen,Linhagem C,2019-11-04,3.5,30.0,5,0,,Fazenda Palmeira,Monsenhor Tabosa,2023-05-12,5,2023,2,Seca,IATF,Alpino,REP-057,Próprio,P4+BE+PGF,107,33.1,Juliana Pinto,0.4969,Prenha
BOV-0208,Lua,Bovino,Brahman,Sem registro,2016-08-01,6.2,307.5,4,1,150,Sítio São Francisco,Tamboril,2022-10-17,10,2022,4,Seca,IA Convencional,Angus,REP-023,Grupo Nelore,Ovsynch,69,19.7,Carlos Melo,0.6485,Nao_Prenha
BOV-0209,Rita,Bovino,Tabapuã,Linhagem E,2016-11-23,7.1,330.3,4,4,251,Fazenda Poço Fundo,Ipaporanga,2024-01-07,1,2024,1,Chuvosa,IA Convencional,Gir,REP-077,Grupo Nelore,P4+BE+PGF,102,21.4,João Silva,0.9319,Prenha
BOV-0210,Glória,Bovino,Canchim,Linhagem A,2021-03-14,2.5,392.5,4,0,,Sítio São Francisco,Crateús,2023-09-19,9,2023,3,Seca,IA Convencional,Brahman,REP-065,Próprio,Ovsynch,47,21.0,Ana Lima,0.6962,Nao_Prenha
CAP-0089,Eva,Caprino,Toggenburg,Linhagem H,2020-04-22,4.4,30.6,5,0,,Fazenda Caatinga Verde,Monsenhor Tabosa,2024-09-29,9,2024,3,Seca,IATF,Alpino,REP-063,Próprio,P4+BE+PGF,54,38.5,Ana Lima,0.4561,Nao_Prenha
OVI-0114,Linda,Ovino,Texel,Linhagem E,2018-10-07,4.6,71.6,3,0,,Sítio Riacho Seco,Independência,2023-05-12,5,2023,2,Seca,IATF,Santa Inês,REP-032,Grupo Nelore,Sem protocolo,94,32.6,Carlos Melo,0.6656,Prenha
CAP-0090,Hera,Caprino,Saanen,Linhagem B,2016-11-25,8.0,34.1,3,5,184,Fazenda Poço Fundo,Ipaporanga,2024-11-27,11,2024,4,Chuvosa,IA Convencional,Toggenburg,REP-074,Insitec,IATF 7 dias,69,39.3,Juliana Pinto,0.5366,Nao_Prenha
BOV-0211,Nuvem,Bovino,Nelore,Linhagem C,2020-06-18,3.3,524.9,1,0,,Fazenda Poço Fundo,Independência,2023-09-23,9,2023,3,Seca,IATF,Angus,REP-048,Alta Genetics,IATF 7 dias,104,33.3,Roberto Neto,0.4502,Nao_Prenha
BOV-0212,Nuvem,Bovino,Nelore,Linhagem B,2018-01-30,5.0,334.8,4,2,239,Sítio Três Irmãos,Nova Russas,2023-02-16,2,2023,1,Chuvosa,IATF,Bonsmara,REP-049,CRV Lagoa,Ovsynch,61,31.8,Maria Souza,0.97,Prenha
BOV-0213,Pétala,Bovino,Gir,Sem registro,2021-05-11,3.4,298.3,4,0,,Fazenda Palmeira,Crateús,2024-09-20,9,2024,3,Seca,IA Convencional,Nelore,REP-078,Grupo Nelore,Cosynch,90,30.8,Maria Souza,0.7815,Prenha
BOV-0214,Eva,Bovino,Brahman,Linhagem A,2019-11-06,3.9,479.5,3,0,,Fazenda Poço Fundo,Independência,2023-10-08,10,2023,4,Seca,IA Convencional,Brahman,REP-078,CRV Lagoa,Resynch,50,37.2,João Silva,0.5666,Prenha
OVI-0115,Pétala,Ovino,Somalis,Linhagem G,2020-02-18,4.4,54.1,4,0,,Fazenda Boa Esperança,Monsenhor Tabosa,2024-07-14,7,2024,3,Seca,IA Convencional,Suffolk,REP-030,Grupo Nelore,Sem protocolo,86,39.1,João Silva,0.4743,Prenha
BOV-0215,Rita,Bovino,Sindi,Linhagem G,2017-02-15,7.0,338.5,3,4,288,Sítio Riacho Seco,Independência,2024-02-28,2,2024,1,Chuvosa,IA Convencional,Simmental,REP-015,Geneal,Select Synch,9,20.8,Carlos Melo,0.5104,Prenha
BOV-0216,Aurora,Bovino,Nelore,Linhagem B,2017-03-08,7.3,558.7,3,3,173,Fazenda Palmeira,Ararendá,2024-06-09,6,2024,2,Seca,IA Convencional,Angus,REP-043,Insitec,Ovsynch,33,33.8,Maria Souza,0.97,Prenha
OVI-0116,Glória,Ovino,Morada Nova,Linhagem C,2020-04-12,4.2,43.1,3,0,,Sítio Mandacaru,Monsenhor Tabosa,2024-06-13,6,2024,2,Seca,IATF,Dorper,REP-041,Geneal,GnRH+PGF2α,16,25.5,Ana Lima,0.4346,Prenha
OVI-0117,Lua,Ovino,Dorper,Linhagem H,2020-05-08,4.0,66.3,5,0,,Fazenda Poço Fundo,Crateús,2024-05-17,5,2024,2,Seca,IATF,Texel,REP-059,Sexing Tech,GnRH+PGF2α,71,32.6,Ana Lima,0.6669,Prenha
OVI-0118,Graça,Ovino,Bergamácia,Sem registro,2019-03-06,3.6,57.8,3,2,93,Sítio Riacho Seco,Nova Russas,2022-10-26,10,2022,4,Seca,IATF,Santa Inês,REP-008,Insitec,Cosynch,40,39.9,Luciana Reis,0.7216,Prenha
OVI-0119,Orquídea,Ovino,Texel,Linhagem B,2016-08-03,6.4,44.9,4,1,41,Fazenda Poço Fundo,Quiterianópolis,2023-01-02,1,2023,1,Chuvosa,IA Convencional,Suffolk,REP-068,Próprio,Sem protocolo,75,26.6,Luciana Reis,0.4071,Nao_Prenha
OVI-0120,Brisa,Ovino,Somalis,Linhagem D,2017-06-20,6.3,68.5,4,3,113,Sítio São Francisco,Tamboril,2023-10-25,10,2023,4,Seca,IA Convencional,Santa Inês,REP-002,Sexing Tech,Ovsynch,78,21.0,Carlos Melo,0.8809,Prenha
CAP-0091,Graça,Caprino,Canindé,Sem registro,2020-03-22,4.2,62.3,2,1,121,Fazenda Poço Fundo,Independência,2024-05-24,5,2024,2,Seca,IATF,Boer,REP-032,CRV Lagoa,Sem protocolo,11,20.6,Fernanda Costa,0.5233,Nao_Prenha
CAP-0092,Glória,Caprino,Repartida,Linhagem G,2017-01-02,7.6,38.2,4,2,35,Sítio São Francisco,Crateús,2024-08-07,8,2024,3,Seca,IA Convencional,Toggenburg,REP-036,Próprio,Select Synch,20,20.6,Luciana Reis,0.4078,Nao_Prenha
BOV-0217,Rita,Bovino,Girolando,Linhagem G,2020-11-11,2.8,377.6,4,0,,Fazenda Palmeira,Catunda,2023-09-04,9,2023,3,Seca,IA Convencional,Nelore,REP-009,Grupo Nelore,Select Synch,56,35.9,Roberto Neto,0.4408,Nao_Prenha
BOV-0218,Joia,Bovino,Guzerá,Linhagem F,2016-01-22,8.4,291.7,4,5,112,Fazenda Palmeira,Nova Russas,2024-07-04,7,2024,3,Seca,IA Convencional,Nelore,REP-070,Alta Genetics,GnRH+PGF2α,16,30.4,Maria Souza,0.4359,Nao_Prenha
OVI-0121,Pétala,Ovino,Somalis,Linhagem B,2019-05-16,2.9,60.3,4,1,190,Fazenda Palmeira,Tamboril,2022-04-05,4,2022,2,Chuvosa,IA Convencional,Texel,REP-006,Alta Genetics,Select Synch,71,38.0,Juliana Pinto,0.756,Nao_Prenha
CAP-0093,Nuvem,Caprino,Saanen,Linhagem C,2020-01-10,3.5,43.6,4,1,225,Fazenda Caatinga Verde,Quiterianópolis,2023-07-23,7,2023,3,Seca,IA Convencional,Alpino,REP-069,Alta Genetics,GnRH+PGF2α,88,37.9,Luciana Reis,0.6491,Prenha
BOV-0219,Lua,Bovino,Girolando,Linhagem B,2020-03-04,4.7,526.5,3,3,224,Sítio Três Irmãos,Catunda,2024-11-13,11,2024,4,Chuvosa,IATF,Gir,REP-071,Geneal,IATF 7 dias,8,39.2,Maria Souza,0.6397,Nao_Prenha
OVI-0122,Graça,Ovino,Santa Inês,Linhagem B,2018-07-13,5.0,48.2,5,3,83,Sítio Mandacaru,Ararendá,2023-07-15,7,2023,3,Seca,IATF,Santa Inês,REP-068,Sexing Tech,IATF 7 dias,105,38.4,Marcos Farias,0.719,Prenha
OVI-0123,Serena,Ovino,Texel,Linhagem C,2017-11-30,5.9,46.8,4,4,236,Fazenda Bela Vista,Independência,2023-10-14,10,2023,4,Seca,IA Convencional,Dorper,REP-049,Grupo Nelore,Select Synch,66,31.0,João Silva,0.796,Nao_Prenha
OVI-0124,Pétala,Ovino,Morada Nova,Sem registro,2020-09-09,3.9,74.4,4,2,176,Sítio Três Irmãos,Nova Russas,2024-07-26,7,2024,3,Seca,IATF,Suffolk,REP-041,Insitec,IATF 7 dias,40,39.0,Ana Lima,0.8862,Prenha
BOV-0220,Pétala,Bovino,Nelore,Linhagem B,2017-01-18,5.9,503.0,4,3,35,Fazenda Palmeira,Catunda,2022-12-05,12,2022,4,Chuvosa,IATF,Nelore,REP-052,CRV Lagoa,Resynch,59,32.9,Luciana Reis,0.8901,Prenha
OVI-0125,Duna,Ovino,Bergamácia,Linhagem A,2018-09-27,6.2,33.8,4,1,298,Fazenda Palmeira,Monsenhor Tabosa,2024-12-17,12,2024,4,Chuvosa,IA Convencional,Ile de France,REP-055,Geneal,Ovsynch,120,23.0,Fernanda Costa,0.766,Prenha
CAP-0094,Chuva,Caprino,Toggenburg,Linhagem G,2018-10-20,3.9,45.9,3,0,,Fazenda Palmeira,Crateús,2022-08-30,8,2022,3,Seca,IA Convencional,Saanen,REP-080,Insitec,IATF 7 dias,99,31.9,Ana Lima,0.5951,Prenha
BOV-0221,Brisa,Bovino,Girolando,Linhagem C,2016-01-22,7.9,386.4,2,3,131,Sítio Riacho Seco,Crateús,2023-12-18,12,2023,4,Chuvosa,IATF,Gir,REP-033,Alta Genetics,GnRH+PGF2α,15,29.6,Roberto Neto,0.4219,Prenha
BOV-0222,Linda,Bovino,Gir,Linhagem A,2018-01-16,5.5,476.9,4,1,211,Sítio São Francisco,Nova Russas,2023-07-06,7,2023,3,Seca,IA Convencional,Gir,REP-018,Geneal,GnRH+PGF2α,100,27.5,Ana Lima,0.8359,Prenha
BOV-0223,Rita,Bovino,Tabapuã,Linhagem B,2018-12-24,3.7,445.0,4,2,95,Fazenda Bela Vista,Ipaporanga,2022-09-01,9,2022,3,Seca,IA Convencional,Gir,REP-003,Alta Genetics,P4+BE+PGF,46,34.5,Marcos Farias,0.6725,Prenha
BOV-0224,Pétala,Bovino,Tabapuã,Linhagem C,2016-08-01,7.3,501.2,4,2,174,Fazenda Bela Vista,Catunda,2023-12-02,12,2023,4,Chuvosa,IA Convencional,Simmental,REP-032,Sexing Tech,Sem protocolo,67,19.8,Ana Lima,0.8856,Prenha
CAP-0095,Lua,Caprino,Canindé,Sem registro,2021-04-25,1.3,50.6,3,0,,Sítio São Francisco,Independência,2022-07-31,7,2022,3,Seca,IA Convencional,Alpino,REP-003,Grupo Nelore,IATF 7 dias,34,20.7,João Silva,0.659,Prenha
BOV-0225,Jade,Bovino,Brahman,Sem registro,2021-11-20,1.8,380.9,4,0,,Fazenda Caatinga Verde,Monsenhor Tabosa,2023-09-20,9,2023,3,Seca,IA Convencional,Angus,REP-032,Sexing Tech,Sem protocolo,87,19.1,Carlos Melo,0.5307,Nao_Prenha
BOV-0226,Terra,Bovino,Gir,Linhagem F,2021-04-17,2.3,335.5,5,0,,Fazenda Bela Vista,Monsenhor Tabosa,2023-07-28,7,2023,3,Seca,IA Convencional,Gir,REP-047,Próprio,Select Synch,47,24.7,João Silva,0.6615,Prenha
BOV-0227,Sofia,Bovino,Gir,Linhagem H,2018-05-10,5.8,319.1,4,0,,Sítio Três Irmãos,Ipaporanga,2024-02-26,2,2024,1,Chuvosa,IATF,Nelore,REP-080,Sexing Tech,Resynch,10,30.9,Ana Lima,0.5067,Prenha
OVI-0126,Bonita,Ovino,Texel,Linhagem H,2017-06-07,5.6,62.6,5,4,207,Sítio Riacho Seco,Quiterianópolis,2023-01-28,1,2023,1,Chuvosa,IA Convencional,Ile de France,REP-065,Insitec,GnRH+PGF2α,119,26.1,Roberto Neto,0.5406,Prenha
BOV-0228,Fada,Bovino,Nelore,Sem registro,2019-04-01,3.0,571.7,3,1,283,Sítio Riacho Seco,Catunda,2022-04-04,4,2022,2,Chuvosa,IATF,Senepol,REP-072,Insitec,Ovsynch,92,29.7,Maria Souza,0.97,Prenha
BOV-0229,Nuvem,Bovino,Canchim,Linhagem H,2016-02-06,8.8,492.3,4,4,142,Sítio São Francisco,Crateús,2024-11-16,11,2024,4,Chuvosa,IATF,Simmental,REP-031,Sexing Tech,Ovsynch,42,33.6,Maria Souza,0.97,Prenha
CAP-0096,Sofia,Caprino,Repartida,Linhagem E,2017-06-28,6.0,51.8,3,1,89,Sítio Três Irmãos,Catunda,2023-07-08,7,2023,3,Seca,IATF,Anglo Nubiano,REP-018,Geneal,Sem protocolo,5,32.3,Fernanda Costa,0.5422,Nao_Prenha
CAP-0097,Orquídea,Caprino,Toggenburg,Linhagem G,2019-02-19,3.9,47.9,5,2,84,Fazenda Palmeira,Tamboril,2022-12-28,12,2022,4,Chuvosa,IA Convencional,Anglo Nubiano,REP-029,Sexing Tech,Sem protocolo,97,34.4,Carlos Melo,0.5053,Prenha
OVI-0127,Hera,Ovino,Morada Nova,Linhagem C,2017-09-29,6.8,47.9,5,0,,Sítio Mandacaru,Ararendá,2024-07-02,7,2024,3,Seca,IATF,Suffolk,REP-037,CRV Lagoa,Cosynch,68,22.0,Pedro Alves,0.6663,Prenha
OVI-0128,Flor,Ovino,Texel,Linhagem A,2017-08-10,4.8,51.6,4,3,81,Fazenda Poço Fundo,Quiterianópolis,2022-05-28,5,2022,2,Seca,IA Convencional,Dorper,REP-015,Insitec,GnRH+PGF2α,97,29.6,Juliana Pinto,0.8167,Prenha
OVI-0129,Bonita,Ovino,Santa Inês,Linhagem C,2017-06-25,5.9,38.1,4,0,,Sítio Três Irmãos,Tamboril,2023-05-24,5,2023,2,Seca,IA Convencional,Texel,REP-062,Insitec,Sem protocolo,106,39.3,Marcos Farias,0.4571,Nao_Prenha
BOV-0230,Cida,Bovino,Nelore,Linhagem D,2018-12-31,3.7,293.4,4,0,,Sítio São Francisco,Crateús,2022-09-10,9,2022,3,Seca,IA Convencional,Senepol,REP-055,Geneal,P4+EB,70,37.5,Pedro Alves,0.5207,Prenha
BOV-0231,Glória,Bovino,Girolando,Linhagem C,2017-04-05,7.5,347.4,5,2,212,Fazenda Boa Esperança,Poranga,2024-10-04,10,2024,4,Seca,IA Convencional,Nelore,REP-023,Geneal,GnRH+PGF2α,14,31.5,Fernanda Costa,0.6339,Prenha
CAP-0098,Amora,Caprino,Anglo Nubiana,Linhagem G,2019-03-21,4.7,61.9,4,2,69,Fazenda Bela Vista,Quiterianópolis,2023-12-15,12,2023,4,Chuvosa,IATF,Saanen,REP-062,Insitec,Sem protocolo,105,18.0,Pedro Alves,0.8172,Prenha
BOV-0232,Sofia,Bovino,Guzerá,Sem registro,2017-08-15,4.9,334.6,3,2,283,Fazenda Bela Vista,Tamboril,2022-07-05,7,2022,3,Seca,IA Convencional,Angus,REP-054,Grupo Nelore,Sem protocolo,59,28.6,Juliana Pinto,0.6135,Prenha
BOV-0233,Aurora,Bovino,Brahman,Linhagem F,2020-09-23,4.2,306.2,3,0,,Sítio Três Irmãos,Crateús,2024-12-15,12,2024,4,Chuvosa,IATF,Bonsmara,REP-047,Insitec,Ovsynch,113,18.4,Luciana Reis,0.596,Prenha
BOV-0234,Jade,Bovino,Brahman,Linhagem B,2018-09-20,4.5,504.1,2,1,223,Sítio Três Irmãos,Poranga,2023-03-08,3,2023,1,Chuvosa,IA Convencional,Nelore,REP-062,Insitec,P4+EB,98,18.6,Fernanda Costa,0.7968,Prenha
BOV-0235,Jade,Bovino,Canchim,Linhagem A,2017-09-05,5.3,322.0,4,2,270,Sítio Três Irmãos,Independência,2023-01-09,1,2023,1,Chuvosa,IA Convencional,Bonsmara,REP-005,Grupo Nelore,IATF 7 dias,57,33.9,João Silva,0.929,Prenha
BOV-0236,Linda,Bovino,Sindi,Linhagem D,2021-02-03,2.4,348.2,5,0,,Sítio Mandacaru,Crateús,2023-06-13,6,2023,2,Seca,IATF,Bonsmara,REP-051,Alta Genetics,P4+BE+PGF,16,29.5,Ana Lima,0.4228,Prenha
OVI-0130,Glória,Ovino,Dorper,Linhagem H,2017-11-06,4.5,40.4,2,0,,Fazenda Caatinga Verde,Independência,2022-04-22,4,2022,2,Chuvosa,IA Convencional,Suffolk,REP-014,CRV Lagoa,Cosynch,51,31.3,João Silva,0.4486,Nao_Prenha
OVI-0131,Amora,Ovino,Bergamácia,Linhagem E,2018-02-07,5.0,42.3,2,0,,Sítio Boa Sorte,Ipaporanga,2023-02-18,2,2023,1,Chuvosa,IA Convencional,Santa Inês,REP-002,Sexing Tech,P4+EB,77,39.7,João Silva,0.3469,Prenha
BOV-0237,Duna,Bovino,Guzerá,Linhagem C,2017-06-14,5.1,549.0,4,1,42,Fazenda Caatinga Verde,Independência,2022-07-19,7,2022,3,Seca,IA Convencional,Gir,REP-060,CRV Lagoa,P4+EB,80,35.5,Juliana Pinto,0.6049,Nao_Prenha
BOV-0238,Nuvem,Bovino,Guzerá,Linhagem B,2017-07-30,5.3,515.6,3,2,250,Sítio Mandacaru,Poranga,2022-11-26,11,2022,4,Chuvosa,IA Convencional,Gir,REP-020,Grupo Nelore,Cosynch,10,37.6,Ana Lima,0.5871,Nao_Prenha
BOV-0239,Aurora,Bovino,Canchim,Linhagem E,2021-08-05,0.9,330.9,3,0,,Fazenda Bela Vista,Ararendá,2022-07-12,7,2022,3,Seca,IA Convencional,Brahman,REP-061,Sexing Tech,GnRH+PGF2α,40,30.7,Maria Souza,0.575,Nao_Prenha
BOV-0240,Dalila,Bovino,Nelore,Linhagem H,2022-05-18,2.4,537.7,3,0,,Sítio Três Irmãos,Quiterianópolis,2024-09-26,9,2024,3,Seca,IATF,Brahman,REP-058,Sexing Tech,Sem protocolo,61,26.1,Fernanda Costa,0.7978,Prenha
BOV-0241,Mimosa,Bovino,Sindi,Linhagem H,2017-09-25,4.9,327.5,3,0,,Sítio Riacho Seco,Ararendá,2022-08-04,8,2022,3,Seca,IA Convencional,Gir,REP-060,CRV Lagoa,Sem protocolo,33,26.5,Maria Souza,0.4806,Prenha
BOV-0242,Hera,Bovino,Tabapuã,Linhagem H,2020-11-09,2.3,299.3,3,0,,Sítio Riacho Seco,Crateús,2023-02-13,2,2023,1,Chuvosa,IA Convencional,Brahman,REP-020,Geneal,IATF 7 dias,32,33.5,Maria Souza,0.592,Prenha
OVI-0132,Glória,Ovino,Texel,Linhagem B,2016-09-12,7.3,41.2,3,0,,Sítio Três Irmãos,Independência,2024-01-11,1,2024,1,Chuvosa,IA Convencional,Suffolk,REP-036,Geneal,Ovsynch,102,33.0,Carlos Melo,0.4261,Prenha
OVI-0133,Jade,Ovino,Bergamácia,Linhagem G,2021-11-19,1.3,39.9,2,0,,Sítio Boa Sorte,Quiterianópolis,2023-03-15,3,2023,1,Chuvosa,IA Convencional,Texel,REP-061,Grupo Nelore,Cosynch,48,39.2,Pedro Alves,0.3423,Nao_Prenha
OVI-0134,Mimosa,Ovino,Santa Inês,Sem registro,2022-04-16,0.8,58.5,3,0,,Sítio Boa Sorte,Ipaporanga,2023-02-11,2,2023,1,Chuvosa,IA Convencional,Ile de France,REP-034,Grupo Nelore,Resynch,6,21.3,Pedro Alves,0.5085,Nao_Prenha
CAP-0099,Fada,Caprino,Anglo Nubiana,Linhagem F,2021-01-14,1.5,55.6,3,0,,Sítio Mandacaru,Crateús,2022-07-19,7,2022,3,Seca,IA Convencional,Boer,REP-047,CRV Lagoa,Cosynch,81,26.3,Ana Lima,0.757,Nao_Prenha
OVI-0135,Palma,Ovino,Dorper,Linhagem H,2020-08-22,3.7,67.6,3,1,88,Sítio Mandacaru,Independência,2024-04-20,4,2024,2,Chuvosa,IA Convencional,Texel,REP-056,Geneal,Select Synch,27,28.1,Pedro Alves,0.6343,Nao_Prenha
OVI-0136,Linda,Ovino,Santa Inês,Linhagem A,2019-03-06,3.4,35.9,1,1,83,Sítio Riacho Seco,Catunda,2022-07-23,7,2022,3,Seca,IATF,Santa Inês,REP-038,Insitec,GnRH+PGF2α,68,34.5,Marcos Farias,0.3605,Nao_Prenha
BOV-0243,Rita,Bovino,Canchim,Linhagem E,2017-05-24,6.6,552.4,4,5,232,Fazenda Caatinga Verde,Nova Russas,2023-12-20,12,2023,4,Chuvosa,IATF,Gir,REP-054,Próprio,IATF 7 dias,5,38.7,Marcos Farias,0.6041,Prenha
CAP-0100,Bonita,Caprino,Saanen,Linhagem D,2016-03-04,6.0,59.1,4,4,192,Fazenda Palmeira,Quiterianópolis,2022-02-23,2,2022,1,Chuvosa,IATF,Saanen,REP-079,Próprio,Cosynch,47,21.7,Roberto Neto,0.8226,Prenha
BOV-0244,Glória,Bovino,Guzerá,Linhagem D,2017-12-12,6.3,327.5,3,1,288,Fazenda Bela Vista,Monsenhor Tabosa,2024-04-05,4,2024,2,Chuvosa,IA Convencional,Simmental,REP-012,CRV Lagoa,Select Synch,20,31.9,Carlos Melo,0.4408,Prenha
OVI-0137,Graça,Ovino,Somalis,Sem registro,2016-04-23,6.1,33.1,4,3,213,Fazenda Palmeira,Tamboril,2022-06-11,6,2022,2,Seca,IATF,Suffolk,REP-034,Próprio,Cosynch,28,23.3,Carlos Melo,0.8217,Prenha
OVI-0138,Brisa,Ovino,Somalis,Linhagem A,2017-03-30,7.3,36.6,3,1,77,Sítio Três Irmãos,Ararendá,2024-07-29,7,2024,3,Seca,IA Convencional,Santa Inês,REP-053,CRV Lagoa,P4+BE+PGF,14,28.9,Ana Lima,0.5755,Nao_Prenha
BOV-0245,Jade,Bovino,Canchim,Linhagem G,2020-03-17,3.6,328.3,3,0,,Sítio Boa Sorte,Monsenhor Tabosa,2023-10-05,10,2023,4,Seca,IATF,Senepol,REP-079,Grupo Nelore,GnRH+PGF2α,89,30.5,João Silva,0.7448,Nao_Prenha
BOV-0246,Estrela,Bovino,Girolando,Linhagem G,2022-01-04,0.1,540.1,2,0,,Fazenda Caatinga Verde,Nova Russas,2022-02-17,2,2022,1,Chuvosa,IATF,Angus,REP-026,CRV Lagoa,Ovsynch,8,25.2,Maria Souza,0.589,Nao_Prenha
OVI-0139,Palma,Ovino,Somalis,Linhagem E,2021-07-23,2.9,71.7,3,0,,Sítio Mandacaru,Poranga,2024-06-12,6,2024,2,Seca,IA Convencional,Suffolk,REP-022,Insitec,GnRH+PGF2α,92,36.6,Roberto Neto,0.5554,Nao_Prenha
BOV-0247,Sofia,Bovino,Tabapuã,Linhagem E,2019-07-29,3.0,339.9,3,0,,Sítio Mandacaru,Quiterianópolis,2022-08-09,8,2022,3,Seca,IA Convencional,Gir,REP-078,Insitec,IATF 7 dias,62,21.7,Marcos Farias,0.6034,Prenha
BOV-0248,Joia,Bovino,Girolando,Linhagem D,2019-08-14,4.8,353.6,3,2,220,Fazenda Boa Esperança,Monsenhor Tabosa,2024-05-29,5,2024,2,Seca,IA Convencional,Brahman,REP-060,Grupo Nelore,Sem protocolo,23,35.1,João Silva,0.6417,Prenha
OVI-0140,Anita,Ovino,Somalis,Linhagem D,2018-06-09,4.1,62.8,5,2,68,Sítio Boa Sorte,Tamboril,2022-07-30,7,2022,3,Seca,IA Convencional,Texel,REP-007,Insitec,Sem protocolo,78,37.6,Roberto Neto,0.4618,Nao_Prenha
CAP-0101,Jade,Caprino,Boer,Sem registro,2017-05-03,5.4,50.3,4,1,40,Fazenda Caatinga Verde,Independência,2022-09-12,9,2022,3,Seca,IATF,Boer,REP-005,Grupo Nelore,Resynch,41,18.4,João Silva,0.6998,Prenha
BOV-0249,Jade,Bovino,Guzerá,Linhagem B,2019-05-17,4.2,383.7,2,1,282,Sítio Três Irmãos,Monsenhor Tabosa,2023-07-17,7,2023,3,Seca,IA Convencional,Senepol,REP-004,Alta Genetics,Resynch,83,19.0,Luciana Reis,0.5975,Nao_Prenha
BOV-0250,Beleza,Bovino,Girolando,Linhagem A,2020-11-19,2.4,337.3,5,0,,Fazenda Boa Esperança,Ipaporanga,2023-04-09,4,2023,2,Chuvosa,IA Convencional,Nelore,REP-039,CRV Lagoa,IATF 7 dias,109,37.9,João Silva,0.4571,Nao_Prenha
BOV-0251,Íris,Bovino,Gir,Linhagem G,2017-07-18,7.0,375.8,3,4,241,Sítio São Francisco,Poranga,2024-08-01,8,2024,3,Seca,IA Convencional,Angus,REP-063,Sexing Tech,Select Synch,86,27.8,Marcos Farias,0.7905,Prenha
BOV-0252,Aurora,Bovino,Gir,Sem registro,2018-12-16,4.7,447.6,5,1,69,Sítio São Francisco,Ararendá,2023-08-30,8,2023,3,Seca,IA Convencional,Brahman,REP-025,Geneal,P4+EB,14,39.4,Ana Lima,0.5006,Nao_Prenha
OVI-0141,Beleza,Ovino,Bergamácia,Linhagem D,2019-07-01,5.0,68.5,2,1,142,Sítio São Francisco,Quiterianópolis,2024-07-18,7,2024,3,Seca,IA Convencional,Dorper,REP-009,Sexing Tech,Select Synch,51,26.5,Juliana Pinto,0.6073,Prenha
BOV-0253,Brisa,Bovino,Gir,Linhagem H,2017-08-26,6.9,313.1,1,3,125,Fazenda Caatinga Verde,Ipaporanga,2024-08-02,8,2024,3,Seca,IATF,Bonsmara,REP-011,Sexing Tech,Sem protocolo,39,18.6,Luciana Reis,0.5219,Prenha
BOV-0254,Nina,Bovino,Gir,Linhagem G,2019-01-21,5.0,474.6,4,3,129,Fazenda Palmeira,Poranga,2024-01-28,1,2024,1,Chuvosa,IATF,Nelore,REP-067,Geneal,IATF 7 dias,42,22.2,Juliana Pinto,0.97,Prenha
OVI-0142,Dalila,Ovino,Santa Inês,Linhagem D,2018-06-18,4.2,56.7,3,2,81,Fazenda Poço Fundo,Ipaporanga,2022-08-24,8,2022,3,Seca,IATF,Santa Inês,REP-035,Geneal,P4+BE+PGF,40,23.0,Roberto Neto,0.8161,Prenha
OVI-0143,Terra,Ovino,Morada Nova,Linhagem C,2016-01-13,6.5,71.0,4,5,186,Sítio Três Irmãos,Independência,2022-07-13,7,2022,3,Seca,IATF,Ile de France,REP-043,Geneal,Sem protocolo,114,37.9,Pedro Alves,0.6497,Nao_Prenha
OVI-0144,Linda,Ovino,Morada Nova,Linhagem G,2019-09-30,2.4,69.9,3,0,,Sítio Riacho Seco,Tamboril,2022-02-12,2,2022,1,Chuvosa,IA Convencional,Texel,REP-015,CRV Lagoa,P4+EB,81,25.7,Juliana Pinto,0.591,Nao_Prenha
OVI-0145,Íris,Ovino,Santa Inês,Linhagem F,2017-08-23,4.9,66.6,3,3,209,Sítio Riacho Seco,Crateús,2022-07-12,7,2022,3,Seca,IA Convencional,Texel,REP-039,Próprio,Sem protocolo,74,23.7,Carlos Melo,0.7475,Nao_Prenha
OVI-0146,Rita,Ovino,Bergamácia,Sem registro,2017-04-06,6.3,63.3,1,3,142,Sítio São Francisco,Poranga,2023-07-07,7,2023,3,Seca,IA Convencional,Ile de France,REP-047,Alta Genetics,P4+EB,89,39.9,Luciana Reis,0.473,Nao_Prenha
CAP-0102,Cida,Caprino,Saanen,Linhagem H,2021-01-14,3.9,61.7,3,1,230,Fazenda Boa Esperança,Poranga,2024-12-15,12,2024,4,Chuvosa,IA Convencional,Saanen,REP-044,Insitec,Cosynch,80,27.2,Carlos Melo,0.7468,Prenha
BOV-0255,Duna,Bovino,Nelore,Linhagem E,2019-03-27,3.4,558.2,3,0,,Fazenda Caatinga Verde,Ararendá,2022-08-14,8,2022,3,Seca,IATF,Gir,REP-009,Insitec,Ovsynch,71,39.3,Marcos Farias,0.6644,Prenha
OVI-0147,Serena,Ovino,Santa Inês,Linhagem E,2021-06-23,2.2,47.1,5,0,,Fazenda Bela Vista,Ipaporanga,2023-09-19,9,2023,3,Seca,IA Convencional,Suffolk,REP-019,Próprio,Select Synch,37,21.0,Marcos Farias,0.6614,Prenha
CAP-0103,Terra,Caprino,Boer,Linhagem C,2018-06-15,3.7,37.2,4,1,246,Sítio Mandacaru,Nova Russas,2022-03-07,3,2022,1,Chuvosa,IA Convencional,Saanen,REP-073,Geneal,IATF 7 dias,56,39.3,Carlos Melo,0.5692,Nao_Prenha
BOV-0256,Jade,Bovino,Sindi,Linhagem F,2022-03-20,0.9,305.7,4,0,,Fazenda Palmeira,Ararendá,2023-02-13,2,2023,1,Chuvosa,IA Convencional,Brahman,REP-065,Próprio,Ovsynch,74,22.0,Maria Souza,0.7242,Prenha
BOV-0257,Jade,Bovino,Nelore,Linhagem C,2020-08-07,4.0,287.9,4,0,,Fazenda Palmeira,Monsenhor Tabosa,2024-08-02,8,2024,3,Seca,IA Convencional,Simmental,REP-080,Grupo Nelore,Sem protocolo,101,21.1,Ana Lima,0.7112,Prenha
OVI-0148,Palma,Ovino,Santa Inês,Linhagem B,2021-10-22,2.8,34.4,4,0,,Sítio Boa Sorte,Crateús,2024-07-31,7,2024,3,Seca,IA Convencional,Santa Inês,REP-075,Próprio,Resynch,47,31.1,Juliana Pinto,0.6819,Nao_Prenha
BOV-0258,Nuvem,Bovino,Canchim,Linhagem B,2021-10-15,1.0,347.1,4,0,,Sítio São Francisco,Ipaporanga,2022-10-23,10,2022,4,Seca,IA Convencional,Angus,REP-001,Alta Genetics,Sem protocolo,43,31.8,Luciana Reis,0.5026,Prenha
BOV-0259,Viola,Bovino,Nelore,Linhagem B,2020-12-22,3.2,370.0,4,0,,Sítio Riacho Seco,Poranga,2024-03-11,3,2024,1,Chuvosa,IATF,Nelore,REP-056,Alta Genetics,Sem protocolo,109,23.2,Carlos Melo,0.6353,Prenha
CAP-0104,Pétala,Caprino,Canindé,Sem registro,2017-11-30,7.0,35.4,4,2,81,Sítio Três Irmãos,Ararendá,2024-11-13,11,2024,4,Chuvosa,IA Convencional,Alpino,REP-055,Alta Genetics,P4+BE+PGF,80,28.8,Roberto Neto,0.7147,Prenha
OVI-0149,Bonita,Ovino,Dorper,Linhagem H,2020-12-25,1.3,52.1,4,0,,Sítio São Francisco,Monsenhor Tabosa,2022-03-29,3,2022,1,Chuvosa,IA Convencional,Dorper,REP-050,Grupo Nelore,Select Synch,6,39.6,Marcos Farias,0.2947,Prenha
BOV-0260,Chuva,Bovino,Sindi,Linhagem H,2021-02-25,1.6,508.8,3,0,,Sítio Mandacaru,Independência,2022-10-14,10,2022,4,Seca,IA Convencional,Senepol,REP-068,Sexing Tech,Resynch,13,38.2,Roberto Neto,0.2285,Nao_Prenha
OVI-0150,Hera,Ovino,Santa Inês,Linhagem B,2016-10-03,5.5,42.0,4,3,273,Fazenda Poço Fundo,Quiterianópolis,2022-04-03,4,2022,2,Chuvosa,IATF,Dorper,REP-008,Grupo Nelore,Ovsynch,46,34.7,Maria Souza,0.8369,Prenha
CAP-0105,Flor,Caprino,Moxotó,Linhagem G,2020-12-13,3.1,62.2,3,1,223,Sítio São Francisco,Nova Russas,2024-02-06,2,2024,1,Chuvosa,IATF,Anglo Nubiano,REP-057,Próprio,Cosynch,22,39.8,Marcos Farias,0.7026,Prenha
OVI-0151,Lua,Ovino,Bergamácia,Linhagem H,2016-12-18,5.2,40.8,4,0,,Sítio Boa Sorte,Independência,2022-02-19,2,2022,1,Chuvosa,IATF,Santa Inês,REP-064,Alta Genetics,GnRH+PGF2α,51,35.0,Marcos Farias,0.6013,Prenha
BOV-0261,Duna,Bovino,Gir,Linhagem D,2019-12-31,2.8,408.3,3,0,,Sítio Três Irmãos,Ararendá,2022-10-10,10,2022,4,Seca,IATF,Gir,REP-007,Grupo Nelore,GnRH+PGF2α,77,19.7,Carlos Melo,0.7819,Prenha
CAP-0106,Glória,Caprino,Repartida,Linhagem A,2020-01-05,2.4,63.8,2,0,,Fazenda Poço Fundo,Poranga,2022-05-20,5,2022,2,Seca,IATF,Boer,REP-070,Próprio,IATF 7 dias,114,29.4,Marcos Farias,0.4931,Nao_Prenha
CAP-0107,Rosa,Caprino,Toggenburg,Linhagem A,2016-05-02,5.8,37.7,3,0,,Sítio Riacho Seco,Ipaporanga,2022-03-08,3,2022,1,Chuvosa,IA Convencional,Toggenburg,REP-045,CRV Lagoa,Cosynch,22,22.5,João Silva,0.3638,Prenha
OVI-0152,Fada,Ovino,Santa Inês,Linhagem H,2019-01-13,3.2,53.4,3,1,250,Fazenda Boa Esperança,Tamboril,2022-03-27,3,2022,1,Chuvosa,IATF,Santa Inês,REP-078,Insitec,P4+EB,66,24.7,João Silva,0.9202,Prenha
OVI-0153,Rita,Ovino,Texel,Sem registro,2016-08-01,7.6,50.5,3,1,89,Sítio São Francisco,Monsenhor Tabosa,2024-03-03,3,2024,1,Chuvosa,IATF,Dorper,REP-008,Alta Genetics,Sem protocolo,61,20.6,Fernanda Costa,0.776,Prenha
OVI-0154,Cida,Ovino,Santa Inês,Linhagem E,2022-05-15,-0.1,66.9,2,0,,Sítio Mandacaru,Tamboril,2022-04-04,4,2022,2,Chuvosa,IA Convencional,Dorper,REP-017,Grupo Nelore,Sem protocolo,61,22.0,Fernanda Costa,0.5839,Prenha
BOV-0262,Flor,Bovino,Brahman,Linhagem E,2016-11-08,6.5,491.6,4,1,257,Sítio São Francisco,Catunda,2023-05-28,5,2023,2,Seca,IA Convencional,Gir,REP-041,Próprio,IATF 7 dias,96,24.7,Marcos Farias,0.8266,Prenha
CAP-0108,Sara,Caprino,Saanen,Linhagem B,2019-02-19,3.3,59.1,4,1,137,Sítio Riacho Seco,Ararendá,2022-06-10,6,2022,2,Seca,IATF,Boer,REP-003,Geneal,Cosynch,20,26.2,João Silva,0.7381,Prenha
OVI-0155,Amora,Ovino,Dorper,Linhagem A,2016-12-12,5.4,48.5,1,3,226,Fazenda Poço Fundo,Catunda,2022-05-03,5,2022,2,Seca,IATF,Ile de France,REP-040,CRV Lagoa,Ovsynch,61,19.0,Roberto Neto,0.6713,Nao_Prenha
BOV-0263,Rosa,Bovino,Guzerá,Linhagem H,2018-06-05,3.7,528.8,4,1,59,Sítio Riacho Seco,Quiterianópolis,2022-02-26,2,2022,1,Chuvosa,IA Convencional,Bonsmara,REP-034,Alta Genetics,Select Synch,108,20.4,Carlos Melo,0.6878,Prenha
CAP-0109,Pétala,Caprino,Toggenburg,Linhagem A,2017-06-24,4.6,31.2,3,2,202,Fazenda Caatinga Verde,Nova Russas,2022-02-01,2,2022,1,Chuvosa,IATF,Saanen,REP-016,Sexing Tech,Sem protocolo,78,26.7,Carlos Melo,0.6199,Prenha
BOV-0264,Mimosa,Bovino,Guzerá,Linhagem B,2021-03-25,1.0,471.3,4,0,,Fazenda Palmeira,Monsenhor Tabosa,2022-03-17,3,2022,1,Chuvosa,IA Convencional,Gir,REP-057,Alta Genetics,Sem protocolo,12,30.8,Carlos Melo,0.2868,Nao_Prenha
BOV-0265,Sara,Bovino,Girolando,Linhagem H,2017-06-05,5.8,541.4,4,1,88,Sítio Boa Sorte,Crateús,2023-04-11,4,2023,2,Chuvosa,IATF,Angus,REP-030,CRV Lagoa,Sem protocolo,88,18.8,Luciana Reis,0.7689,Nao_Prenha
CAP-0110,Cida,Caprino,Toggenburg,Linhagem E,2016-07-02,6.8,30.9,4,4,69,Sítio Três Irmãos,Quiterianópolis,2023-04-26,4,2023,2,Chuvosa,IATF,Anglo Nubiano,REP-019,CRV Lagoa,P4+BE+PGF,35,22.5,Fernanda Costa,0.7186,Prenha
BOV-0266,Jade,Bovino,Sindi,Linhagem F,2020-03-14,4.4,289.3,3,1,106,Fazenda Palmeira,Catunda,2024-08-21,8,2024,3,Seca,IATF,Simmental,REP-028,Geneal,Sem protocolo,80,18.6,Ana Lima,0.7043,Nao_Prenha
OVI-0156,Flor,Ovino,Somalis,Linhagem G,2018-07-08,6.3,63.6,4,0,,Fazenda Palmeira,Catunda,2024-10-28,10,2024,4,Seca,IA Convencional,Ile de France,REP-041,Sexing Tech,Resynch,113,37.3,Juliana Pinto,0.5762,Nao_Prenha
BOV-0267,Pétala,Bovino,Guzerá,Linhagem H,2019-09-08,3.7,416.7,4,0,,Sítio Boa Sorte,Catunda,2023-05-13,5,2023,2,Seca,IA Convencional,Angus,REP-010,Sexing Tech,GnRH+PGF2α,93,23.3,Fernanda Costa,0.6569,Prenha
OVI-0157,Fada,Ovino,Texel,Linhagem G,2022-01-11,1.3,60.6,4,0,,Fazenda Palmeira,Independência,2023-05-17,5,2023,2,Seca,IA Convencional,Ile de France,REP-026,Alta Genetics,P4+BE+PGF,48,24.9,Roberto Neto,0.4765,Prenha
BOV-0268,Rosa,Bovino,Gir,Sem registro,2022-03-21,2.4,540.8,5,0,,Fazenda Palmeira,Quiterianópolis,2024-08-20,8,2024,3,Seca,IA Convencional,Angus,REP-046,Alta Genetics,Select Synch,93,21.7,Pedro Alves,0.7278,Prenha
BOV-0269,Chuva,Bovino,Gir,Linhagem H,2017-03-17,5.0,556.2,5,3,260,Fazenda Bela Vista,Poranga,2022-04-03,4,2022,2,Chuvosa,IA Convencional,Bonsmara,REP-011,Alta Genetics,Ovsynch,99,36.4,Luciana Reis,0.8749,Prenha
BOV-0270,Palma,Bovino,Canchim,Linhagem H,2020-04-02,3.5,432.6,4,0,,Fazenda Palmeira,Catunda,2023-10-19,10,2023,4,Seca,IA Convencional,Angus,REP-055,Sexing Tech,Sem protocolo,34,24.5,João Silva,0.5772,Nao_Prenha
BOV-0271,Nuvem,Bovino,Sindi,Linhagem E,2020-10-29,4.1,543.9,3,1,175,Sítio São Francisco,Independência,2024-11-29,11,2024,4,Chuvosa,IA Convencional,Simmental,REP-034,Grupo Nelore,Resynch,26,20.6,Luciana Reis,0.776,Nao_Prenha
OVI-0158,Graça,Ovino,Somalis,Linhagem D,2017-01-28,6.1,64.5,1,0,,Fazenda Boa Esperança,Monsenhor Tabosa,2023-02-28,2,2023,1,Chuvosa,IATF,Ile de France,REP-037,Grupo Nelore,Resynch,119,29.9,João Silva,0.4132,Nao_Prenha
BOV-0272,Dalila,Bovino,Tabapuã,Linhagem F,2017-05-06,7.1,358.9,5,2,89,Fazenda Bela Vista,Catunda,2024-06-29,6,2024,2,Seca,IATF,Gir,REP-036,Geneal,Sem protocolo,50,35.7,Maria Souza,0.6797,Prenha
BOV-0273,Beleza,Bovino,Gir,Linhagem D,2016-06-06,8.0,518.3,3,6,48,Fazenda Poço Fundo,Tamboril,2024-06-06,6,2024,2,Seca,IATF,Bonsmara,REP-034,Geneal,Sem protocolo,86,31.8,Pedro Alves,0.708,Prenha
BOV-0274,Aurora,Bovino,Nelore,Linhagem D,2021-10-15,1.4,300.2,4,0,,Fazenda Poço Fundo,Poranga,2023-03-15,3,2023,1,Chuvosa,IA Convencional,Gir,REP-045,Geneal,Sem protocolo,95,21.9,Carlos Melo,0.6331,Nao_Prenha
BOV-0275,Amora,Bovino,Canchim,Linhagem D,2018-08-07,5.0,519.0,3,2,276,Sítio Riacho Seco,Monsenhor Tabosa,2023-08-22,8,2023,3,Seca,IA Convencional,Gir,REP-055,CRV Lagoa,P4+BE+PGF,42,20.1,Carlos Melo,0.7773,Prenha
OVI-0159,Fada,Ovino,Somalis,Linhagem F,2021-06-04,3.3,61.6,1,1,289,Sítio Boa Sorte,Nova Russas,2024-09-28,9,2024,3,Seca,IA Convencional,Suffolk,REP-053,Geneal,Select Synch,32,37.6,João Silva,0.4196,Nao_Prenha
BOV-0276,Serena,Bovino,Brahman,Linhagem F,2019-01-04,5.7,470.9,2,3,239,Sítio Três Irmãos,Poranga,2024-09-21,9,2024,3,Seca,IATF,Brahman,REP-017,Grupo Nelore,Cosynch,33,30.6,Marcos Farias,0.7398,Prenha
CAP-0111,Chuva,Caprino,Canindé,Linhagem F,2019-12-15,2.4,47.2,3,0,,Fazenda Bela Vista,Monsenhor Tabosa,2022-05-10,5,2022,2,Seca,IA Convencional,Anglo Nubiano,REP-053,Alta Genetics,IATF 7 dias,25,36.4,Ana Lima,0.5468,Nao_Prenha
BOV-0277,Estrela,Bovino,Tabapuã,Sem registro,2021-11-26,0.7,425.5,3,0,,Sítio Três Irmãos,Quiterianópolis,2022-07-29,7,2022,3,Seca,IATF,Senepol,REP-017,Insitec,IATF 7 dias,8,23.1,João Silva,0.5729,Prenha
OVI-0160,Jade,Ovino,Bergamácia,Linhagem E,2016-03-23,5.9,58.0,3,4,230,Fazenda Palmeira,Crateús,2022-01-31,1,2022,1,Chuvosa,IA Convencional,Ile de France,REP-036,Geneal,P4+BE+PGF,29,36.3,Fernanda Costa,0.7248,Prenha
CAP-0112,Rita,Caprino,Boer,Linhagem G,2020-03-22,3.4,36.2,3,1,277,Fazenda Poço Fundo,Crateús,2023-08-20,8,2023,3,Seca,IATF,Anglo Nubiano,REP-051,Sexing Tech,Cosynch,41,38.0,Marcos Farias,0.5173,Prenha
OVI-0161,Nina,Ovino,Somalis,Linhagem C,2020-02-23,4.5,59.6,3,0,,Sítio São Francisco,Ipaporanga,2024-09-03,9,2024,3,Seca,IATF,Santa Inês,REP-052,Grupo Nelore,Sem protocolo,17,30.3,Luciana Reis,0.5794,Prenha
CAP-0113,Orquídea,Caprino,Toggenburg,Linhagem H,2016-08-29,8.1,39.5,3,1,48,Fazenda Caatinga Verde,Tamboril,2024-10-07,10,2024,4,Seca,IATF,Toggenburg,REP-063,Grupo Nelore,P4+EB,46,33.2,Roberto Neto,0.442,Prenha
OVI-0162,Viola,Ovino,Santa Inês,Linhagem A,2022-03-22,0.2,62.1,3,0,,Sítio Riacho Seco,Ipaporanga,2022-06-16,6,2022,2,Seca,IA Convencional,Suffolk,REP-055,Geneal,Cosynch,25,29.4,Pedro Alves,0.757,Prenha
OVI-0163,Fada,Ovino,Texel,Linhagem C,2022-02-18,2.2,44.8,4,0,,Sítio Mandacaru,Monsenhor Tabosa,2024-05-06,5,2024,2,Seca,IA Convencional,Santa Inês,REP-019,Sexing Tech,Sem protocolo,97,38.3,Marcos Farias,0.3442,Nao_Prenha
BOV-0278,Rosa,Bovino,Brahman,Linhagem C,2021-04-17,3.3,558.1,4,0,,Fazenda Poço Fundo,Independência,2024-08-05,8,2024,3,Seca,IA Convencional,Brahman,REP-061,CRV Lagoa,Sem protocolo,26,29.5,João Silva,0.5673,Prenha
BOV-0279,Brisa,Bovino,Guzerá,Linhagem E,2022-01-11,2.5,298.3,4,0,,Fazenda Boa Esperança,Tamboril,2024-07-28,7,2024,3,Seca,IATF,Nelore,REP-037,Insitec,Sem protocolo,13,25.7,Ana Lima,0.3832,Nao_Prenha
BOV-0280,Rosa,Bovino,Gir,Linhagem F,2022-04-17,0.8,325.7,4,0,,Sítio Mandacaru,Quiterianópolis,2023-02-19,2,2023,1,Chuvosa,IA Convencional,Simmental,REP-074,Insitec,Select Synch,27,23.8,Pedro Alves,0.5284,Nao_Prenha
OVI-0164,Rita,Ovino,Santa Inês,Linhagem H,2018-05-07,4.6,74.5,2,1,103,Fazenda Boa Esperança,Independência,2022-12-11,12,2022,4,Chuvosa,IA Convencional,Dorper,REP-057,Geneal,GnRH+PGF2α,26,28.5,Fernanda Costa,0.6526,Prenha
OVI-0165,Glória,Ovino,Dorper,Linhagem H,2020-04-28,4.3,68.1,3,0,,Fazenda Bela Vista,Quiterianópolis,2024-08-29,8,2024,3,Seca,IATF,Texel,REP-057,Geneal,IATF 7 dias,118,31.3,Pedro Alves,0.7221,Prenha
OVI-0166,Linda,Ovino,Santa Inês,Linhagem D,2019-11-27,3.1,68.8,4,1,247,Fazenda Bela Vista,Crateús,2022-12-31,12,2022,4,Chuvosa,IATF,Texel,REP-057,Sexing Tech,Sem protocolo,32,31.6,Roberto Neto,0.8825,Prenha
CAP-0114,Rosa,Caprino,Moxotó,Linhagem G,2021-08-21,0.4,29.2,3,0,,Sítio Mandacaru,Crateús,2022-01-27,1,2022,1,Chuvosa,IA Convencional,Saanen,REP-078,Próprio,P4+EB,55,19.0,Carlos Melo,0.5825,Prenha
BOV-0281,Cida,Bovino,Guzerá,Linhagem B,2017-03-01,5.1,463.9,4,1,97,Fazenda Boa Esperança,Monsenhor Tabosa,2022-03-20,3,2022,1,Chuvosa,IA Convencional,Nelore,REP-070,Sexing Tech,Resynch,15,27.2,João Silva,0.6441,Prenha
OVI-0167,Beleza,Ovino,Somalis,Linhagem G,2017-11-24,6.2,72.4,3,0,,Sítio Três Irmãos,Independência,2024-01-21,1,2024,1,Chuvosa,IATF,Santa Inês,REP-006,Sexing Tech,IATF 7 dias,13,22.2,Pedro Alves,0.5023,Nao_Prenha
BOV-0282,Mimosa,Bovino,Guzerá,Linhagem C,2019-06-28,4.0,382.4,4,2,74,Fazenda Bela Vista,Ipaporanga,2023-07-15,7,2023,3,Seca,IA Convencional,Nelore,REP-041,Grupo Nelore,GnRH+PGF2α,77,38.5,Maria Souza,0.7492,Prenha
BOV-0283,Aurora,Bovino,Brahman,Sem registro,2018-10-07,5.0,506.7,3,0,,Sítio Mandacaru,Monsenhor Tabosa,2023-09-23,9,2023,3,Seca,IATF,Bonsmara,REP-029,Insitec,Ovsynch,53,33.5,Carlos Melo,0.6523,Prenha
BOV-0284,Terra,Bovino,Sindi,Linhagem H,2018-11-28,5.6,427.0,4,2,297,Fazenda Poço Fundo,Independência,2024-06-19,6,2024,2,Seca,IATF,Nelore,REP-073,Alta Genetics,Sem protocolo,62,36.2,João Silva,0.7178,Nao_Prenha
BOV-0285,Viola,Bovino,Gir,Linhagem G,2022-03-09,1.3,512.0,3,0,,Sítio Riacho Seco,Independência,2023-07-05,7,2023,3,Seca,IA Convencional,Simmental,REP-076,Sexing Tech,Ovsynch,38,18.7,Marcos Farias,0.8149,Prenha
OVI-0168,Bonita,Ovino,Bergamácia,Linhagem G,2019-08-13,3.0,69.4,1,1,273,Fazenda Caatinga Verde,Independência,2022-08-03,8,2022,3,Seca,IA Convencional,Texel,REP-070,Alta Genetics,Sem protocolo,47,25.4,Pedro Alves,0.3758,Nao_Prenha
OVI-0169,Hera,Ovino,Dorper,Linhagem E,2021-04-23,2.1,57.8,4,0,,Fazenda Poço Fundo,Quiterianópolis,2023-05-14,5,2023,2,Seca,IATF,Texel,REP-074,Geneal,GnRH+PGF2α,43,18.9,Marcos Farias,0.6959,Prenha
BOV-0286,Amora,Bovino,Girolando,Linhagem G,2021-11-16,1.2,479.0,4,0,,Fazenda Poço Fundo,Independência,2023-02-11,2,2023,1,Chuvosa,IATF,Angus,REP-001,Próprio,Resynch,16,24.8,Fernanda Costa,0.5794,Prenha
BOV-0287,Nuvem,Bovino,Brahman,Linhagem D,2020-11-23,1.6,485.4,5,0,,Fazenda Palmeira,Quiterianópolis,2022-07-04,7,2022,3,Seca,IA Convencional,Angus,REP-061,Próprio,Resynch,5,28.5,Maria Souza,0.5692,Nao_Prenha
OVI-0170,Brisa,Ovino,Dorper,Linhagem F,2020-05-06,2.4,49.2,3,0,,Fazenda Palmeira,Ipaporanga,2022-09-21,9,2022,3,Seca,IA Convencional,Dorper,REP-063,Próprio,P4+BE+PGF,109,32.8,Juliana Pinto,0.6321,Nao_Prenha
BOV-0288,Chuva,Bovino,Tabapuã,Sem registro,2021-08-15,0.4,473.7,3,0,,Fazenda Poço Fundo,Independência,2022-01-04,1,2022,1,Chuvosa,IA Convencional,Nelore,REP-020,Sexing Tech,Sem protocolo,10,22.6,Maria Souza,0.4974,Prenha
CAP-0115,Bonita,Caprino,Saanen,Linhagem F,2018-12-05,5.4,42.7,4,0,,Fazenda Boa Esperança,Independência,2024-05-13,5,2024,2,Seca,IA Convencional,Boer,REP-017,Grupo Nelore,P4+BE+PGF,64,35.7,Maria Souza,0.5689,Prenha
CAP-0116,Hera,Caprino,Toggenburg,Linhagem C,2020-09-26,1.6,37.6,4,0,,Sítio Boa Sorte,Ipaporanga,2022-04-22,4,2022,2,Chuvosa,IA Convencional,Toggenburg,REP-055,Grupo Nelore,Select Synch,69,26.2,Fernanda Costa,0.5867,Nao_Prenha
BOV-0289,Mimosa,Bovino,Brahman,Linhagem A,2019-10-12,3.7,523.9,4,1,252,Sítio Riacho Seco,Monsenhor Tabosa,2023-06-13,6,2023,2,Seca,IA Convencional,Simmental,REP-077,Próprio,Resynch,11,28.2,Maria Souza,0.7393,Prenha
CAP-0117,Cida,Caprino,Toggenburg,Linhagem B,2018-12-30,4.0,43.4,4,1,48,Sítio São Francisco,Independência,2023-01-02,1,2023,1,Chuvosa,IA Convencional,Saanen,REP-069,CRV Lagoa,P4+BE+PGF,81,20.5,Marcos Farias,0.6054,Nao_Prenha
OVI-0171,Linda,Ovino,Texel,Linhagem H,2019-01-30,4.9,42.5,4,3,50,Sítio Três Irmãos,Quiterianópolis,2023-12-09,12,2023,4,Chuvosa,IA Convencional,Ile de France,REP-011,Sexing Tech,Sem protocolo,14,25.2,Pedro Alves,0.3406,Nao_Prenha
BOV-0290,Aurora,Bovino,Brahman,Linhagem E,2020-11-10,1.8,358.3,3,0,,Sítio São Francisco,Quiterianópolis,2022-08-27,8,2022,3,Seca,IA Convencional,Simmental,REP-024,Sexing Tech,Resynch,93,35.6,Juliana Pinto,0.485,Nao_Prenha
OVI-0172,Joia,Ovino,Santa Inês,Linhagem A,2019-03-13,4.3,40.9,4,2,96,Sítio São Francisco,Tamboril,2023-07-13,7,2023,3,Seca,IATF,Suffolk,REP-042,Alta Genetics,GnRH+PGF2α,40,23.9,Fernanda Costa,0.8083,Prenha
BOV-0291,Jade,Bovino,Canchim,Linhagem E,2019-09-08,4.5,283.8,3,2,257,Fazenda Bela Vista,Quiterianópolis,2024-03-07,3,2024,1,Chuvosa,IA Convencional,Simmental,REP-052,CRV Lagoa,Select Synch,24,28.2,Ana Lima,0.618,Nao_Prenha
OVI-0173,Duna,Ovino,Bergamácia,Linhagem F,2016-12-06,6.2,47.9,3,2,261,Fazenda Bela Vista,Poranga,2023-03-02,3,2023,1,Chuvosa,IATF,Ile de France,REP-073,Geneal,Sem protocolo,91,28.3,Juliana Pinto,0.8109,Nao_Prenha
OVI-0174,Sara,Ovino,Somalis,Linhagem C,2018-08-19,5.5,48.3,5,0,,Fazenda Caatinga Verde,Independência,2024-02-08,2,2024,1,Chuvosa,IATF,Dorper,REP-052,Grupo Nelore,Sem protocolo,17,26.7,Maria Souza,0.6297,Prenha
BOV-0292,Sofia,Bovino,Gir,Linhagem G,2019-08-01,4.5,545.4,5,2,287,Sítio Riacho Seco,Nova Russas,2024-01-14,1,2024,1,Chuvosa,IATF,Bonsmara,REP-021,Insitec,Resynch,73,29.7,Roberto Neto,0.9167,Prenha
OVI-0175,Joia,Ovino,Somalis,Sem registro,2017-02-06,7.0,73.9,3,5,44,Sítio Três Irmãos,Poranga,2024-02-25,2,2024,1,Chuvosa,IATF,Suffolk,REP-003,Sexing Tech,Select Synch,84,22.9,Juliana Pinto,0.5624,Prenha
OVI-0176,Aurora,Ovino,Bergamácia,Linhagem D,2020-02-25,2.0,70.0,4,0,,Fazenda Bela Vista,Ararendá,2022-02-16,2,2022,1,Chuvosa,IA Convencional,Ile de France,REP-042,Alta Genetics,Cosynch,113,38.1,Fernanda Costa,0.6215,Prenha
BOV-0293,Nina,Bovino,Canchim,Linhagem G,2018-09-17,4.3,472.4,4,1,111,Fazenda Poço Fundo,Catunda,2022-12-29,12,2022,4,Chuvosa,IA Convencional,Simmental,REP-050,CRV Lagoa,P4+EB,36,28.2,João Silva,0.835,Nao_Prenha
CAP-0118,Cida,Caprino,Canindé,Sem registro,2017-05-10,7.6,44.2,4,0,,Fazenda Palmeira,Ararendá,2024-12-29,12,2024,4,Chuvosa,IA Convencional,Anglo Nubiano,REP-016,CRV Lagoa,P4+BE+PGF,42,35.9,Fernanda Costa,0.7282,Prenha
CAP-0119,Íris,Caprino,Canindé,Linhagem F,2020-02-10,4.2,33.3,3,1,137,Sítio São Francisco,Nova Russas,2024-04-25,4,2024,2,Chuvosa,IA Convencional,Saanen,REP-038,Próprio,Resynch,38,20.1,Luciana Reis,0.641,Prenha
BOV-0294,Rosa,Bovino,Nelore,Linhagem E,2022-05-16,1.2,322.0,4,0,,Fazenda Caatinga Verde,Independência,2023-07-18,7,2023,3,Seca,IATF,Senepol,REP-061,Próprio,IATF 7 dias,33,37.4,Fernanda Costa,0.6766,Nao_Prenha
BOV-0295,Terra,Bovino,Brahman,Linhagem C,2020-04-22,3.1,535.3,4,0,,Fazenda Poço Fundo,Ararendá,2023-06-11,6,2023,2,Seca,IA Convencional,Nelore,REP-045,Próprio,Select Synch,79,18.3,Marcos Farias,0.6543,Prenha
OVI-0177,Anita,Ovino,Texel,Linhagem D,2020-03-13,3.9,69.4,4,1,224,Fazenda Caatinga Verde,Tamboril,2024-02-14,2,2024,1,Chuvosa,IA Convencional,Dorper,REP-020,Sexing Tech,Cosynch,6,32.7,Fernanda Costa,0.6424,Prenha
CAP-0120,Mimosa,Caprino,Canindé,Linhagem A,2021-11-16,1.4,41.5,2,0,,Fazenda Palmeira,Ipaporanga,2023-04-13,4,2023,2,Chuvosa,IA Convencional,Boer,REP-058,Grupo Nelore,Select Synch,47,29.2,Marcos Farias,0.452,Prenha
BOV-0296,Joia,Bovino,Canchim,Linhagem D,2018-09-30,4.5,292.1,4,2,76,Fazenda Caatinga Verde,Crateús,2023-04-13,4,2023,2,Chuvosa,IA Convencional,Angus,REP-030,Alta Genetics,Select Synch,100,22.2,Pedro Alves,0.6195,Nao_Prenha
BOV-0297,Flor,Bovino,Gir,Linhagem G,2018-03-15,6.5,305.0,3,4,140,Fazenda Poço Fundo,Ipaporanga,2024-09-06,9,2024,3,Seca,IATF,Gir,REP-025,Grupo Nelore,Sem protocolo,81,28.7,João Silva,0.7938,Nao_Prenha
BOV-0298,Jade,Bovino,Girolando,Linhagem G,2019-01-13,5.7,432.2,4,2,165,Fazenda Palmeira,Nova Russas,2024-10-05,10,2024,4,Seca,IA Convencional,Brahman,REP-015,Insitec,Select Synch,116,29.7,Carlos Melo,0.8163,Nao_Prenha
BOV-0299,Íris,Bovino,Tabapuã,Linhagem E,2018-01-02,4.4,371.4,5,1,205,Sítio São Francisco,Tamboril,2022-05-15,5,2022,2,Seca,IATF,Bonsmara,REP-065,Sexing Tech,GnRH+PGF2α,86,33.1,Ana Lima,0.7234,Nao_Prenha
BOV-0300,Amora,Bovino,Guzerá,Linhagem E,2018-05-11,4.5,337.6,3,1,110,Sítio Mandacaru,Quiterianópolis,2022-11-13,11,2022,4,Chuvosa,IA Convencional,Angus,REP-030,Sexing Tech,Resynch,83,32.6,Marcos Farias,0.6669,Prenha
BOV-0301,Duna,Bovino,Sindi,Linhagem E,2019-07-15,5.0,449.0,4,0,,Fazenda Bela Vista,Ararendá,2024-07-10,7,2024,3,Seca,IA Convencional,Gir,REP-003,Insitec,Sem protocolo,102,38.7,Roberto Neto,0.482,Prenha
OVI-0178,Terra,Ovino,Dorper,Linhagem D,2020-03-09,1.9,66.0,3,0,,Sítio Três Irmãos,Ipaporanga,2022-02-18,2,2022,1,Chuvosa,IATF,Suffolk,REP-021,Sexing Tech,IATF 7 dias,107,22.7,Luciana Reis,0.7726,Nao_Prenha
CAP-0121,Glória,Caprino,Toggenburg,Linhagem G,2021-06-17,1.9,49.7,2,0,,Fazenda Caatinga Verde,Ipaporanga,2023-05-27,5,2023,2,Seca,IATF,Alpino,REP-018,Próprio,Resynch,86,25.5,Fernanda Costa,0.4359,Prenha
OVI-0179,Jade,Ovino,Somalis,Linhagem C,2017-09-13,5.1,56.7,4,3,155,Fazenda Caatinga Verde,Crateús,2022-11-05,11,2022,4,Chuvosa,IA Convencional,Texel,REP-009,Insitec,Select Synch,46,30.6,Marcos Farias,0.8156,Prenha
OVI-0180,Nuvem,Ovino,Texel,Sem registro,2018-01-24,5.7,51.8,3,2,160,Fazenda Poço Fundo,Quiterianópolis,2023-10-20,10,2023,4,Seca,IA Convencional,Dorper,REP-063,Insitec,GnRH+PGF2α,82,34.4,Pedro Alves,0.6974,Nao_Prenha
BOV-0302,Viola,Bovino,Tabapuã,Linhagem B,2020-03-09,1.9,567.9,5,0,,Sítio Três Irmãos,Ipaporanga,2022-02-03,2,2022,1,Chuvosa,IA Convencional,Nelore,REP-072,Insitec,Sem protocolo,106,29.9,Juliana Pinto,0.4823,Nao_Prenha
BOV-0303,Palma,Bovino,Tabapuã,Sem registro,2018-02-20,4.3,363.1,4,2,107,Sítio Riacho Seco,Catunda,2022-05-30,5,2022,2,Seca,IATF,Senepol,REP-003,Geneal,Sem protocolo,88,25.3,Juliana Pinto,0.7023,Prenha
CAP-0122,Estrela,Caprino,Toggenburg,Linhagem D,2016-02-04,7.2,33.6,5,4,197,Sítio Mandacaru,Independência,2023-04-07,4,2023,2,Chuvosa,IATF,Toggenburg,REP-019,Alta Genetics,Sem protocolo,73,28.1,Juliana Pinto,0.5748,Nao_Prenha
CAP-0123,Fada,Caprino,Anglo Nubiana,Linhagem A,2022-01-21,1.9,60.2,5,0,,Sítio São Francisco,Monsenhor Tabosa,2023-12-15,12,2023,4,Chuvosa,IA Convencional,Saanen,REP-018,Geneal,Cosynch,30,24.7,Carlos Melo,0.5805,Nao_Prenha
BOV-0304,Nina,Bovino,Nelore,Linhagem D,2018-05-04,5.8,411.6,3,3,93,Sítio Três Irmãos,Independência,2024-02-19,2,2024,1,Chuvosa,IATF,Gir,REP-016,Geneal,Select Synch,16,39.3,Juliana Pinto,0.6799,Prenha
CAP-0124,Viola,Caprino,Toggenburg,Linhagem B,2020-01-13,4.6,32.1,4,0,,Sítio Boa Sorte,Nova Russas,2024-09-05,9,2024,3,Seca,IA Convencional,Alpino,REP-056,Insitec,Sem protocolo,53,35.7,Maria Souza,0.3863,Prenha
OVI-0181,Glória,Ovino,Dorper,Linhagem A,2021-04-14,0.8,34.0,5,0,,Sítio Riacho Seco,Crateús,2022-02-02,2,2022,1,Chuvosa,IATF,Texel,REP-077,Insitec,Ovsynch,77,18.2,Pedro Alves,0.6491,Prenha
BOV-0305,Íris,Bovino,Girolando,Linhagem E,2020-09-13,2.3,569.6,4,0,,Sítio Riacho Seco,Tamboril,2022-12-20,12,2022,4,Chuvosa,IA Convencional,Simmental,REP-052,Próprio,P4+EB,51,37.3,Pedro Alves,0.6253,Nao_Prenha
BOV-0306,Beleza,Bovino,Guzerá,Linhagem A,2016-04-26,5.8,546.6,2,1,238,Fazenda Bela Vista,Ipaporanga,2022-02-22,2,2022,1,Chuvosa,IATF,Nelore,REP-045,Alta Genetics,Ovsynch,10,29.9,Marcos Farias,0.4638,Nao_Prenha
BOV-0307,Jade,Bovino,Girolando,Linhagem B,2022-01-07,2.5,461.0,4,1,273,Fazenda Palmeira,Monsenhor Tabosa,2024-06-20,6,2024,2,Seca,IA Convencional,Senepol,REP-062,Geneal,Sem protocolo,65,37.8,Pedro Alves,0.7189,Prenha
OVI-0182,Graça,Ovino,Bergamácia,Linhagem H,2018-07-12,3.9,62.8,3,2,83,Sítio Riacho Seco,Poranga,2022-06-18,6,2022,2,Seca,IATF,Santa Inês,REP-067,Grupo Nelore,Sem protocolo,36,23.0,Carlos Melo,0.6417,Prenha
OVI-0183,Bonita,Ovino,Morada Nova,Linhagem D,2020-04-26,2.0,32.6,4,0,,Sítio Riacho Seco,Monsenhor Tabosa,2022-04-09,4,2022,2,Chuvosa,IA Convencional,Dorper,REP-074,Geneal,Resynch,25,26.7,Juliana Pinto,0.4735,Nao_Prenha
BOV-0308,Rosa,Bovino,Gir,Linhagem G,2022-02-13,2.3,363.8,4,0,,Sítio Riacho Seco,Catunda,2024-06-19,6,2024,2,Seca,IATF,Bonsmara,REP-013,Próprio,Sem protocolo,48,39.9,Carlos Melo,0.5833,Nao_Prenha
BOV-0309,Estrela,Bovino,Gir,Linhagem H,2022-02-03,0.6,572.5,5,0,,Sítio Riacho Seco,Quiterianópolis,2022-09-16,9,2022,3,Seca,IATF,Angus,REP-011,Insitec,IATF 7 dias,75,33.7,Fernanda Costa,0.7911,Prenha
CAP-0125,Viola,Caprino,Repartida,Linhagem F,2018-03-09,4.6,56.7,3,2,299,Fazenda Boa Esperança,Catunda,2022-10-18,10,2022,4,Seca,IATF,Boer,REP-070,Alta Genetics,Select Synch,81,35.2,Marcos Farias,0.7747,Prenha
OVI-0184,Orquídea,Ovino,Morada Nova,Linhagem E,2017-09-14,6.7,34.1,5,3,181,Sítio Boa Sorte,Independência,2024-05-18,5,2024,2,Seca,IA Convencional,Texel,REP-001,CRV Lagoa,Resynch,54,37.8,Luciana Reis,0.6155,Nao_Prenha
OVI-0185,Nuvem,Ovino,Texel,Linhagem F,2016-09-30,5.6,38.2,4,1,230,Sítio São Francisco,Tamboril,2022-05-02,5,2022,2,Seca,IA Convencional,Dorper,REP-010,Alta Genetics,Sem protocolo,105,21.5,Roberto Neto,0.5622,Nao_Prenha
OVI-0186,Graça,Ovino,Morada Nova,Linhagem E,2018-04-23,6.2,64.7,1,0,,Sítio São Francisco,Ararendá,2024-06-27,6,2024,2,Seca,IA Convencional,Texel,REP-016,Grupo Nelore,Resynch,71,24.8,Juliana Pinto,0.3791,Prenha
CAP-0126,Chuva,Caprino,Boer,Linhagem B,2019-01-19,3.2,32.2,4,0,,Fazenda Palmeira,Ipaporanga,2022-03-25,3,2022,1,Chuvosa,IA Convencional,Saanen,REP-078,Grupo Nelore,Cosynch,117,33.6,Carlos Melo,0.5853,Prenha
OVI-0187,Linda,Ovino,Bergamácia,Linhagem B,2020-09-23,1.6,69.2,3,0,,Fazenda Caatinga Verde,Monsenhor Tabosa,2022-04-27,4,2022,2,Chuvosa,IATF,Santa Inês,REP-002,CRV Lagoa,P4+BE+PGF,120,23.5,Fernanda Costa,0.7672,Prenha
BOV-0310,Linda,Bovino,Canchim,Linhagem B,2018-12-24,3.6,462.0,4,2,295,Sítio Três Irmãos,Poranga,2022-08-01,8,2022,3,Seca,IA Convencional,Simmental,REP-074,CRV Lagoa,Sem protocolo,116,38.4,João Silva,0.7561,Prenha
OVI-0188,Jade,Ovino,Dorper,Linhagem A,2020-05-31,1.8,68.6,4,0,,Sítio Mandacaru,Independência,2022-03-23,3,2022,1,Chuvosa,IA Convencional,Suffolk,REP-043,CRV Lagoa,Cosynch,56,35.9,João Silva,0.6823,Nao_Prenha
CAP-0127,Palma,Caprino,Repartida,Linhagem H,2018-11-04,5.2,41.0,5,2,258,Sítio São Francisco,Catunda,2024-01-05,1,2024,1,Chuvosa,IA Convencional,Saanen,REP-042,Próprio,Ovsynch,105,19.1,Carlos Melo,0.7518,Prenha
BOV-0311,Aurora,Bovino,Brahman,Linhagem E,2019-09-29,4.2,528.6,2,2,76,Fazenda Poço Fundo,Tamboril,2023-12-22,12,2023,4,Chuvosa,IATF,Brahman,REP-063,Sexing Tech,Ovsynch,86,26.9,Luciana Reis,0.6629,Nao_Prenha
CAP-0128,Íris,Caprino,Anglo Nubiana,Linhagem B,2017-11-21,5.9,35.0,3,4,181,Sítio Três Irmãos,Tamboril,2023-10-24,10,2023,4,Seca,IATF,Anglo Nubiano,REP-012,Próprio,Sem protocolo,101,30.3,Roberto Neto,0.7468,Prenha
BOV-0312,Fada,Bovino,Sindi,Linhagem G,2020-04-26,2.3,451.0,2,0,,Fazenda Caatinga Verde,Crateús,2022-08-01,8,2022,3,Seca,IATF,Simmental,REP-029,Insitec,Ovsynch,61,36.2,Marcos Farias,0.4675,Prenha
BOV-0313,Nuvem,Bovino,Sindi,Sem registro,2017-08-18,4.4,569.4,5,1,254,Fazenda Bela Vista,Catunda,2022-01-26,1,2022,1,Chuvosa,IATF,Angus,REP-074,Geneal,P4+BE+PGF,58,30.2,Ana Lima,0.782,Nao_Prenha
BOV-0314,Eva,Bovino,Guzerá,Linhagem H,2020-02-02,3.2,387.1,5,0,,Fazenda Bela Vista,Ipaporanga,2023-04-26,4,2023,2,Chuvosa,IATF,Simmental,REP-061,Grupo Nelore,Sem protocolo,46,36.9,Marcos Farias,0.3136,Prenha
CAP-0129,Orquídea,Caprino,Boer,Linhagem A,2019-11-27,3.4,49.2,2,1,284,Sítio Riacho Seco,Catunda,2023-04-04,4,2023,2,Chuvosa,IATF,Saanen,REP-045,Geneal,Select Synch,80,27.6,João Silva,0.6731,Nao_Prenha
BOV-0315,Rosa,Bovino,Tabapuã,Linhagem H,2016-04-22,8.4,509.3,3,3,140,Sítio São Francisco,Poranga,2024-10-02,10,2024,4,Seca,IATF,Bonsmara,REP-053,Alta Genetics,Sem protocolo,89,27.9,Carlos Melo,0.7582,Nao_Prenha
CAP-0130,Serena,Caprino,Repartida,Linhagem B,2020-01-07,2.7,50.7,4,0,,Fazenda Boa Esperança,Ararendá,2022-09-03,9,2022,3,Seca,IATF,Anglo Nubiano,REP-043,CRV Lagoa,Ovsynch,98,22.3,Pedro Alves,0.7416,Nao_Prenha
BOV-0316,Jade,Bovino,Girolando,Sem registro,2020-04-10,4.4,383.0,2,1,120,Fazenda Bela Vista,Nova Russas,2024-08-29,8,2024,3,Seca,IA Convencional,Senepol,REP-026,Alta Genetics,GnRH+PGF2α,95,27.5,Luciana Reis,0.5483,Nao_Prenha
OVI-0189,Chuva,Ovino,Somalis,Linhagem F,2021-01-24,1.5,32.9,4,0,,Fazenda Boa Esperança,Crateús,2022-07-12,7,2022,3,Seca,IATF,Texel,REP-050,Sexing Tech,Select Synch,92,26.2,João Silva,0.72,Prenha
BOV-0317,Joia,Bovino,Girolando,Linhagem G,2018-02-11,6.7,345.5,3,5,109,Fazenda Palmeira,Independência,2024-10-17,10,2024,4,Seca,IATF,Simmental,REP-004,Grupo Nelore,Ovsynch,81,26.2,Luciana Reis,0.7084,Nao_Prenha
CAP-0131,Dalila,Caprino,Anglo Nubiana,Linhagem G,2019-06-30,4.1,53.3,4,0,,Sítio Mandacaru,Monsenhor Tabosa,2023-08-20,8,2023,3,Seca,IATF,Saanen,REP-071,Insitec,Ovsynch,120,20.2,Juliana Pinto,0.8655,Prenha
BOV-0318,Pétala,Bovino,Brahman,Linhagem F,2020-02-06,2.7,427.2,4,0,,Fazenda Palmeira,Ipaporanga,2022-10-17,10,2022,4,Seca,IA Convencional,Senepol,REP-068,Grupo Nelore,GnRH+PGF2α,50,19.3,Juliana Pinto,0.5927,Prenha
OVI-0190,Lua,Ovino,Morada Nova,Linhagem H,2019-03-03,4.6,64.8,3,3,236,Sítio Três Irmãos,Monsenhor Tabosa,2023-10-19,10,2023,4,Seca,IA Convencional,Suffolk,REP-062,Grupo Nelore,Resynch,60,26.3,João Silva,0.8163,Prenha
OVI-0191,Serena,Ovino,Morada Nova,Sem registro,2021-11-30,0.3,45.2,4,0,,Fazenda Boa Esperança,Nova Russas,2022-03-27,3,2022,1,Chuvosa,IA Convencional,Santa Inês,REP-025,Sexing Tech,P4+EB,87,24.9,Marcos Farias,0.7664,Nao_Prenha
OVI-0192,Linda,Ovino,Morada Nova,Linhagem G,2021-09-13,3.2,47.9,4,0,,Sítio Três Irmãos,Tamboril,2024-12-09,12,2024,4,Chuvosa,IATF,Ile de France,REP-027,Grupo Nelore,Sem protocolo,17,28.1,Ana Lima,0.717,Nao_Prenha
BOV-0319,Terra,Bovino,Guzerá,Linhagem E,2016-01-20,7.3,576.1,4,2,235,Fazenda Caatinga Verde,Quiterianópolis,2023-05-08,5,2023,2,Seca,IATF,Angus,REP-027,Próprio,Sem protocolo,10,21.4,Ana Lima,0.7137,Prenha
BOV-0320,Jade,Bovino,Brahman,Linhagem B,2020-03-24,3.3,513.8,3,0,,Sítio São Francisco,Ipaporanga,2023-07-24,7,2023,3,Seca,IA Convencional,Senepol,REP-015,Alta Genetics,Ovsynch,85,33.2,Luciana Reis,0.7267,Prenha
OVI-0193,Hera,Ovino,Dorper,Linhagem G,2019-03-12,4.4,43.2,4,1,133,Fazenda Palmeira,Crateús,2023-08-10,8,2023,3,Seca,IA Convencional,Ile de France,REP-062,CRV Lagoa,Ovsynch,16,30.2,Ana Lima,0.6152,Prenha
CAP-0132,Joia,Caprino,Saanen,Linhagem A,2016-12-08,5.4,50.8,4,1,256,Sítio Boa Sorte,Crateús,2022-05-19,5,2022,2,Seca,IATF,Toggenburg,REP-020,Sexing Tech,Cosynch,81,34.9,Ana Lima,0.8109,Prenha
OVI-0194,Hera,Ovino,Dorper,Linhagem H,2020-04-05,2.6,34.7,3,0,,Sítio Três Irmãos,Tamboril,2022-11-10,11,2022,4,Chuvosa,IA Convencional,Ile de France,REP-037,Grupo Nelore,Resynch,47,32.5,João Silva,0.5881,Prenha
CAP-0133,Serena,Caprino,Boer,Linhagem A,2017-04-01,5.1,47.8,4,1,194,Fazenda Poço Fundo,Crateús,2022-05-14,5,2022,2,Seca,IA Convencional,Alpino,REP-050,Insitec,P4+EB,52,18.8,Ana Lima,0.8428,Prenha
OVI-0195,Estrela,Ovino,Dorper,Linhagem G,2021-05-05,2.8,48.6,5,0,,Sítio Riacho Seco,Independência,2024-03-01,3,2024,1,Chuvosa,IA Convencional,Ile de France,REP-069,Sexing Tech,Resynch,92,28.8,Fernanda Costa,0.6237,Prenha
OVI-0196,Joia,Ovino,Morada Nova,Linhagem D,2020-05-10,3.1,63.8,4,1,103,Fazenda Bela Vista,Monsenhor Tabosa,2023-06-11,6,2023,2,Seca,IATF,Texel,REP-052,Geneal,P4+BE+PGF,10,28.1,Ana Lima,0.5768,Nao_Prenha
BOV-0321,Chuva,Bovino,Girolando,Linhagem F,2019-08-28,4.6,439.0,3,1,129,Fazenda Palmeira,Quiterianópolis,2024-03-27,3,2024,1,Chuvosa,IATF,Bonsmara,REP-040,Alta Genetics,Resynch,116,34.0,Fernanda Costa,0.9535,Prenha
BOV-0322,Nina,Bovino,Nelore,Linhagem C,2019-05-15,4.9,345.2,4,1,226,Fazenda Poço Fundo,Poranga,2024-04-24,4,2024,2,Chuvosa,IA Convencional,Angus,REP-035,Próprio,Cosynch,71,27.5,João Silva,0.9087,Prenha
BOV-0323,Beleza,Bovino,Girolando,Linhagem F,2021-04-03,2.1,559.4,3,0,,Fazenda Boa Esperança,Crateús,2023-05-19,5,2023,2,Seca,IA Convencional,Senepol,REP-012,Sexing Tech,P4+EB,91,20.1,Maria Souza,0.7593,Prenha
BOV-0324,Nuvem,Bovino,Guzerá,Linhagem C,2019-06-13,2.9,552.8,4,1,273,Fazenda Palmeira,Independência,2022-05-16,5,2022,2,Seca,IA Convencional,Simmental,REP-021,Geneal,GnRH+PGF2α,48,33.5,Carlos Melo,0.682,Prenha
OVI-0197,Rita,Ovino,Santa Inês,Linhagem F,2019-02-25,4.2,71.1,2,0,,Fazenda Bela Vista,Crateús,2023-05-26,5,2023,2,Seca,IA Convencional,Dorper,REP-057,Grupo Nelore,Resynch,22,37.4,Roberto Neto,0.336,Nao_Prenha
BOV-0325,Sara,Bovino,Guzerá,Linhagem E,2022-05-10,1.6,545.9,2,0,,Sítio São Francisco,Monsenhor Tabosa,2023-12-06,12,2023,4,Chuvosa,IA Convencional,Nelore,REP-011,Sexing Tech,GnRH+PGF2α,84,24.6,Pedro Alves,0.5448,Prenha
BOV-0326,Rosa,Bovino,Sindi,Linhagem A,2018-02-25,6.7,551.3,1,2,115,Fazenda Poço Fundo,Monsenhor Tabosa,2024-11-17,11,2024,4,Chuvosa,IA Convencional,Simmental,REP-035,Próprio,Resynch,11,32.3,Carlos Melo,0.2805,Nao_Prenha
BOV-0327,Bonita,Bovino,Nelore,Sem registro,2017-06-19,4.6,394.2,5,3,228,Sítio Boa Sorte,Catunda,2022-01-22,1,2022,1,Chuvosa,IA Convencional,Brahman,REP-053,Próprio,Sem protocolo,9,33.3,Roberto Neto,0.6611,Prenha
BOV-0328,Terra,Bovino,Canchim,Linhagem F,2018-12-28,3.5,305.4,4,1,290,Sítio Três Irmãos,Independência,2022-06-20,6,2022,2,Seca,IATF,Bonsmara,REP-009,Alta Genetics,Cosynch,119,20.5,Maria Souza,0.8841,Prenha
CAP-0134,Mimosa,Caprino,Repartida,Linhagem D,2016-02-25,7.8,30.6,4,6,265,Fazenda Boa Esperança,Independência,2023-11-30,11,2023,4,Chuvosa,IA Convencional,Alpino,REP-011,Alta Genetics,GnRH+PGF2α,85,37.2,Juliana Pinto,0.5057,Prenha
OVI-0198,Nuvem,Ovino,Texel,Linhagem C,2016-07-23,5.9,58.9,3,1,283,Fazenda Boa Esperança,Ararendá,2022-06-12,6,2022,2,Seca,IA Convencional,Texel,REP-065,CRV Lagoa,Sem protocolo,82,33.5,Carlos Melo,0.5285,Prenha
BOV-0329,Graça,Bovino,Gir,Sem registro,2022-01-29,1.0,508.5,3,0,,Fazenda Caatinga Verde,Poranga,2023-01-23,1,2023,1,Chuvosa,IATF,Bonsmara,REP-065,Próprio,Sem protocolo,101,39.8,Roberto Neto,0.5175,Prenha
BOV-0330,Mimosa,Bovino,Girolando,Linhagem F,2018-10-27,4.8,298.5,4,0,,Fazenda Boa Esperança,Ipaporanga,2023-07-31,7,2023,3,Seca,IA Convencional,Nelore,REP-076,Insitec,Resynch,84,34.6,Maria Souza,0.6873,Nao_Prenha
OVI-0199,Flor,Ovino,Bergamácia,Linhagem C,2022-05-20,1.1,51.4,4,0,,Sítio São Francisco,Tamboril,2023-06-22,6,2023,2,Seca,IA Convencional,Texel,REP-006,Próprio,Select Synch,52,29.0,Fernanda Costa,0.6132,Prenha
CAP-0135,Hera,Caprino,Boer,Linhagem A,2021-03-14,3.4,33.3,4,1,42,Fazenda Poço Fundo,Monsenhor Tabosa,2024-08-09,8,2024,3,Seca,IA Convencional,Boer,REP-056,Insitec,Ovsynch,116,21.1,Roberto Neto,0.5253,Prenha
CAP-0136,Nuvem,Caprino,Boer,Linhagem G,2017-01-23,5.0,33.5,3,0,,Sítio São Francisco,Tamboril,2022-02-03,2,2022,1,Chuvosa,IA Convencional,Toggenburg,REP-078,Próprio,IATF 7 dias,68,26.6,Marcos Farias,0.3793,Prenha
CAP-0137,Serena,Caprino,Anglo Nubiana,Linhagem E,2019-12-18,2.6,54.1,4,0,,Sítio Riacho Seco,Crateús,2022-08-06,8,2022,3,Seca,IA Convencional,Saanen,REP-021,Sexing Tech,P4+BE+PGF,35,29.4,Ana Lima,0.7497,Prenha
BOV-0331,Dalila,Bovino,Sindi,Sem registro,2017-06-14,7.5,497.4,4,6,95,Sítio Riacho Seco,Monsenhor Tabosa,2024-12-20,12,2024,4,Chuvosa,IA Convencional,Brahman,REP-032,Alta Genetics,P4+EB,52,30.4,Maria Souza,0.7385,Nao_Prenha
OVI-0200,Rita,Ovino,Somalis,Linhagem A,2019-02-23,4.8,62.0,5,2,147,Sítio Mandacaru,Ararendá,2023-11-29,11,2023,4,Chuvosa,IATF,Texel,REP-041,Grupo Nelore,Resynch,95,31.0,Ana Lima,0.7284,Prenha
BOV-0332,Beleza,Bovino,Canchim,Linhagem G,2016-11-29,8.1,460.8,5,5,166,Sítio Boa Sorte,Crateús,2024-12-19,12,2024,4,Chuvosa,IATF,Gir,REP-032,Alta Genetics,Ovsynch,13,27.9,Carlos Melo,0.5765,Prenha
BOV-0333,Sofia,Bovino,Guzerá,Sem registro,2019-08-03,5.1,545.0,3,1,91,Fazenda Caatinga Verde,Tamboril,2024-09-19,9,2024,3,Seca,IATF,Simmental,REP-055,Próprio,Select Synch,42,34.1,Marcos Farias,0.8526,Prenha
BOV-0334,Terra,Bovino,Tabapuã,Linhagem E,2016-04-13,5.9,390.6,4,1,258,Sítio Boa Sorte,Ipaporanga,2022-03-01,3,2022,1,Chuvosa,IATF,Nelore,REP-059,Sexing Tech,Resynch,85,26.4,Juliana Pinto,0.9151,Prenha
BOV-0335,Estrela,Bovino,Guzerá,Linhagem A,2017-05-22,4.9,423.1,3,3,43,Sítio Boa Sorte,Poranga,2022-04-18,4,2022,2,Chuvosa,IA Convencional,Simmental,REP-037,Sexing Tech,Ovsynch,85,27.6,Roberto Neto,0.6071,Nao_Prenha
BOV-0336,Fada,Bovino,Gir,Linhagem B,2021-07-27,0.8,325.5,4,0,,Fazenda Poço Fundo,Monsenhor Tabosa,2022-05-11,5,2022,2,Seca,IA Convencional,Angus,REP-064,Geneal,GnRH+PGF2α,16,34.6,Fernanda Costa,0.3892,Nao_Prenha
BOV-0337,Aurora,Bovino,Girolando,Linhagem A,2018-04-28,6.2,508.8,5,1,152,Sítio São Francisco,Ararendá,2024-07-07,7,2024,3,Seca,IATF,Nelore,REP-006,Alta Genetics,P4+EB,12,32.2,João Silva,0.7589,Nao_Prenha
CAP-0138,Fada,Caprino,Toggenburg,Linhagem A,2021-08-12,2.2,56.0,4,0,,Fazenda Palmeira,Ipaporanga,2023-10-17,10,2023,4,Seca,IA Convencional,Toggenburg,REP-026,Grupo Nelore,P4+BE+PGF,70,34.8,João Silva,0.5769,Prenha
OVI-0201,Eva,Ovino,Texel,Linhagem E,2021-09-16,1.2,38.5,1,0,,Sítio São Francisco,Poranga,2022-12-03,12,2022,4,Chuvosa,IATF,Dorper,REP-043,Alta Genetics,Ovsynch,39,30.2,Roberto Neto,0.3539,Nao_Prenha
BOV-0338,Terra,Bovino,Canchim,Linhagem E,2021-01-23,1.1,570.3,4,0,,Sítio São Francisco,Tamboril,2022-03-01,3,2022,1,Chuvosa,IA Convencional,Simmental,REP-028,Grupo Nelore,GnRH+PGF2α,31,22.1,Roberto Neto,0.5193,Nao_Prenha
OVI-0202,Rosa,Ovino,Santa Inês,Linhagem C,2018-06-07,6.4,32.5,4,2,135,Fazenda Poço Fundo,Poranga,2024-11-12,11,2024,4,Chuvosa,IA Convencional,Texel,REP-063,Geneal,Resynch,68,38.8,Fernanda Costa,0.7728,Nao_Prenha
OVI-0203,Pétala,Ovino,Santa Inês,Linhagem D,2016-11-14,5.7,58.6,5,2,30,Fazenda Boa Esperança,Monsenhor Tabosa,2022-08-08,8,2022,3,Seca,IATF,Santa Inês,REP-025,Geneal,GnRH+PGF2α,43,27.8,Pedro Alves,0.7262,Prenha
OVI-0204,Dalila,Ovino,Dorper,Linhagem B,2019-05-22,3.4,72.0,5,0,,Fazenda Boa Esperança,Ipaporanga,2022-10-18,10,2022,4,Seca,IA Convencional,Suffolk,REP-031,Geneal,Ovsynch,20,38.2,Luciana Reis,0.5239,Prenha
OVI-0205,Rita,Ovino,Morada Nova,Linhagem A,2016-09-16,6.1,49.1,3,0,,Fazenda Boa Esperança,Poranga,2022-11-10,11,2022,4,Chuvosa,IA Convencional,Santa Inês,REP-009,Insitec,Ovsynch,68,27.5,Roberto Neto,0.5501,Prenha
BOV-0339,Sofia,Bovino,Canchim,Linhagem F,2018-02-09,5.2,280.6,4,3,280,Sítio Três Irmãos,Poranga,2023-04-26,4,2023,2,Chuvosa,IA Convencional,Senepol,REP-059,Insitec,Sem protocolo,106,23.1,Carlos Melo,0.5729,Prenha
BOV-0340,Eva,Bovino,Guzerá,Sem registro,2022-03-06,0.6,471.8,3,0,,Sítio Riacho Seco,Catunda,2022-10-26,10,2022,4,Seca,IA Convencional,Bonsmara,REP-047,Geneal,Ovsynch,52,28.3,Carlos Melo,0.5167,Prenha
BOV-0341,Palma,Bovino,Nelore,Linhagem B,2021-01-20,1.9,431.9,5,0,,Sítio São Francisco,Quiterianópolis,2022-12-03,12,2022,4,Chuvosa,IATF,Brahman,REP-054,CRV Lagoa,Ovsynch,81,25.5,Juliana Pinto,0.6978,Prenha
OVI-0206,Mimosa,Ovino,Bergamácia,Linhagem D,2018-11-09,4.1,61.4,4,1,89,Fazenda Palmeira,Quiterianópolis,2022-12-04,12,2022,4,Chuvosa,IA Convencional,Dorper,REP-074,Sexing Tech,P4+BE+PGF,46,34.1,Marcos Farias,0.5934,Prenha
OVI-0207,Graça,Ovino,Somalis,Linhagem A,2018-02-10,3.9,53.3,5,2,186,Sítio Três Irmãos,Tamboril,2022-01-02,1,2022,1,Chuvosa,IA Convencional,Santa Inês,REP-003,CRV Lagoa,Select Synch,35,34.6,Ana Lima,0.5926,Prenha
BOV-0342,Flor,Bovino,Canchim,Sem registro,2016-10-01,6.7,406.6,3,3,35,Sítio São Francisco,Nova Russas,2023-06-04,6,2023,2,Seca,IA Convencional,Nelore,REP-080,Grupo Nelore,Sem protocolo,94,31.1,Roberto Neto,0.4357,Nao_Prenha
CAP-0139,Sara,Caprino,Anglo Nubiana,Linhagem A,2019-08-02,4.4,53.9,5,1,80,Fazenda Boa Esperança,Quiterianópolis,2023-12-21,12,2023,4,Chuvosa,IATF,Saanen,REP-063,Insitec,Resynch,59,33.1,Fernanda Costa,0.7696,Prenha
OVI-0208,Aurora,Ovino,Texel,Linhagem A,2018-10-02,3.8,64.2,3,1,47,Fazenda Poço Fundo,Ipaporanga,2022-07-12,7,2022,3,Seca,IA Convencional,Suffolk,REP-017,Grupo Nelore,Sem protocolo,46,24.8,Ana Lima,0.6898,Prenha
BOV-0343,Glória,Bovino,Sindi,Sem registro,2022-01-03,0.3,315.3,4,0,,Sítio Mandacaru,Monsenhor Tabosa,2022-04-10,4,2022,2,Chuvosa,IATF,Simmental,REP-015,Próprio,IATF 7 dias,120,27.9,João Silva,0.7686,Nao_Prenha
BOV-0344,Rita,Bovino,Nelore,Linhagem G,2021-06-14,1.9,512.7,4,0,,Sítio Boa Sorte,Poranga,2023-05-26,5,2023,2,Seca,IA Convencional,Gir,REP-030,Próprio,Cosynch,103,26.3,Pedro Alves,0.7836,Prenha
BOV-0345,Fada,Bovino,Canchim,Linhagem A,2022-04-24,-0.2,390.0,4,0,,Fazenda Poço Fundo,Ararendá,2022-02-18,2,2022,1,Chuvosa,IA Convencional,Gir,REP-036,Geneal,GnRH+PGF2α,95,29.6,Marcos Farias,0.4865,Prenha
BOV-0346,Duna,Bovino,Brahman,Linhagem B,2021-04-28,2.9,316.3,3,0,,Fazenda Caatinga Verde,Ararendá,2024-04-01,4,2024,2,Chuvosa,IATF,Angus,REP-024,Grupo Nelore,Select Synch,90,22.3,Fernanda Costa,0.7306,Prenha
BOV-0347,Hera,Bovino,Nelore,Linhagem D,2016-02-15,8.0,516.4,2,5,166,Sítio São Francisco,Ararendá,2024-02-01,2,2024,1,Chuvosa,IA Convencional,Simmental,REP-025,Próprio,Sem protocolo,79,29.7,Pedro Alves,0.5395,Prenha
BOV-0348,Joia,Bovino,Girolando,Linhagem F,2020-05-07,2.1,318.1,4,0,,Sítio São Francisco,Quiterianópolis,2022-05-26,5,2022,2,Seca,IA Convencional,Bonsmara,REP-029,Insitec,Ovsynch,66,29.3,Juliana Pinto,0.5505,Prenha
BOV-0349,Hera,Bovino,Guzerá,Linhagem H,2016-04-23,6.8,414.9,5,1,95,Sítio São Francisco,Poranga,2023-01-30,1,2023,1,Chuvosa,IATF,Gir,REP-037,Geneal,Ovsynch,66,31.5,Roberto Neto,0.7564,Prenha
BOV-0350,Flor,Bovino,Girolando,Linhagem E,2022-04-19,0.2,472.4,3,0,,Sítio Mandacaru,Monsenhor Tabosa,2022-06-23,6,2022,2,Seca,IA Convencional,Senepol,REP-061,Grupo Nelore,Select Synch,40,28.2,Carlos Melo,0.4736,Nao_Prenha
OVI-0209,Fada,Ovino,Santa Inês,Linhagem F,2021-04-06,2.6,73.9,4,0,,Fazenda Palmeira,Tamboril,2023-11-22,11,2023,4,Chuvosa,IA Convencional,Suffolk,REP-042,Alta Genetics,Sem protocolo,37,31.8,Carlos Melo,0.7564,Prenha
BOV-0351,Chuva,Bovino,Sindi,Linhagem H,2021-10-21,2.5,459.3,4,0,,Sítio Boa Sorte,Catunda,2024-04-22,4,2024,2,Chuvosa,IATF,Brahman,REP-042,Alta Genetics,Cosynch,103,31.5,Carlos Melo,0.6631,Nao_Prenha
CAP-0140,Pétala,Caprino,Saanen,Sem registro,2018-04-22,5.6,41.9,3,2,265,Fazenda Caatinga Verde,Ipaporanga,2023-11-22,11,2023,4,Chuvosa,IA Convencional,Toggenburg,REP-071,Geneal,GnRH+PGF2α,73,25.5,Juliana Pinto,0.7448,Prenha
CAP-0141,Rosa,Caprino,Moxotó,Sem registro,2021-07-20,3.0,58.4,4,1,131,Sítio Três Irmãos,Ararendá,2024-07-20,7,2024,3,Seca,IA Convencional,Alpino,REP-050,Sexing Tech,Sem protocolo,39,19.1,Luciana Reis,0.7764,Prenha
CAP-0142,Bonita,Caprino,Anglo Nubiana,Linhagem B,2016-10-14,6.8,47.8,2,0,,Fazenda Boa Esperança,Crateús,2023-07-23,7,2023,3,Seca,IATF,Alpino,REP-044,Grupo Nelore,Sem protocolo,100,33.1,João Silva,0.5397,Prenha
BOV-0352,Orquídea,Bovino,Guzerá,Linhagem C,2022-05-26,1.1,350.9,1,0,,Sítio Mandacaru,Crateús,2023-07-01,7,2023,3,Seca,IA Convencional,Senepol,REP-012,Grupo Nelore,Select Synch,102,22.8,Ana Lima,0.2994,Prenha
BOV-0353,Pétala,Bovino,Girolando,Linhagem B,2021-02-25,1.8,363.8,1,0,,Sítio São Francisco,Tamboril,2022-12-06,12,2022,4,Chuvosa,IATF,Angus,REP-011,Geneal,Resynch,60,30.8,Roberto Neto,0.216,Nao_Prenha
OVI-0210,Glória,Ovino,Somalis,Sem registro,2020-04-06,1.9,40.8,4,0,,Sítio Riacho Seco,Catunda,2022-02-17,2,2022,1,Chuvosa,IA Convencional,Texel,REP-057,Grupo Nelore,P4+EB,106,37.3,Fernanda Costa,0.5656,Nao_Prenha
OVI-0211,Glória,Ovino,Morada Nova,Linhagem B,2017-11-20,6.4,45.5,3,1,178,Sítio Mandacaru,Tamboril,2024-04-07,4,2024,2,Chuvosa,IATF,Dorper,REP-058,Próprio,P4+EB,120,23.1,Luciana Reis,0.8858,Prenha
BOV-0354,Glória,Bovino,Tabapuã,Linhagem D,2016-03-24,8.5,413.6,3,6,160,Fazenda Bela Vista,Independência,2024-10-02,10,2024,4,Seca,IA Convencional,Bonsmara,REP-075,Próprio,Resynch,49,23.0,Carlos Melo,0.646,Nao_Prenha
CAP-0143,Eva,Caprino,Anglo Nubiana,Sem registro,2016-07-15,6.7,31.4,4,0,,Fazenda Caatinga Verde,Independência,2023-04-14,4,2023,2,Chuvosa,IA Convencional,Boer,REP-036,Insitec,Ovsynch,37,19.7,Luciana Reis,0.6368,Prenha
BOV-0355,Anita,Bovino,Gir,Linhagem B,2016-09-30,6.6,295.6,4,5,120,Fazenda Boa Esperança,Tamboril,2023-04-20,4,2023,2,Chuvosa,IA Convencional,Simmental,REP-009,Insitec,Cosynch,41,30.1,Pedro Alves,0.6896,Prenha
OVI-0212,Eva,Ovino,Somalis,Linhagem C,2018-01-02,4.9,42.6,1,1,169,Fazenda Poço Fundo,Independência,2022-11-09,11,2022,4,Chuvosa,IATF,Dorper,REP-007,Geneal,P4+EB,70,35.9,Marcos Farias,0.5468,Nao_Prenha
BOV-0356,Eva,Bovino,Brahman,Linhagem E,2019-02-17,5.5,332.5,2,1,112,Fazenda Bela Vista,Crateús,2024-08-05,8,2024,3,Seca,IA Convencional,Gir,REP-059,Grupo Nelore,P4+BE+PGF,86,31.3,Maria Souza,0.488,Nao_Prenha
BOV-0357,Anita,Bovino,Guzerá,Linhagem A,2021-03-26,3.7,461.7,4,2,237,Sítio Riacho Seco,Independência,2024-11-30,11,2024,4,Chuvosa,IA Convencional,Senepol,REP-027,CRV Lagoa,Select Synch,101,23.5,Pedro Alves,0.845,Prenha
BOV-0358,Jade,Bovino,Sindi,Sem registro,2020-04-16,3.8,287.2,4,0,,Fazenda Bela Vista,Nova Russas,2024-02-09,2,2024,1,Chuvosa,IATF,Brahman,REP-032,Alta Genetics,Sem protocolo,32,27.6,Luciana Reis,0.7677,Prenha
BOV-0359,Palma,Bovino,Canchim,Linhagem G,2020-03-01,3.0,404.7,2,0,,Fazenda Boa Esperança,Monsenhor Tabosa,2023-02-24,2,2023,1,Chuvosa,IA Convencional,Angus,REP-050,Próprio,Sem protocolo,119,32.1,Carlos Melo,0.2867,Prenha
BOV-0360,Viola,Bovino,Nelore,Linhagem E,2022-03-09,2.5,534.2,2,1,129,Fazenda Bela Vista,Catunda,2024-09-04,9,2024,3,Seca,IATF,Senepol,REP-008,CRV Lagoa,GnRH+PGF2α,44,38.3,João Silva,0.7419,Prenha
BOV-0361,Palma,Bovino,Sindi,Linhagem H,2019-11-22,3.9,295.3,4,0,,Fazenda Boa Esperança,Catunda,2023-10-31,10,2023,4,Seca,IA Convencional,Brahman,REP-009,Alta Genetics,Select Synch,118,27.6,Roberto Neto,0.6395,Prenha
OVI-0213,Sofia,Ovino,Morada Nova,Sem registro,2017-08-12,5.2,58.5,3,1,51,Sítio Mandacaru,Tamboril,2022-10-19,10,2022,4,Seca,IATF,Santa Inês,REP-020,Geneal,P4+BE+PGF,10,24.7,Ana Lima,0.5743,Nao_Prenha
BOV-0362,Bonita,Bovino,Gir,Linhagem H,2018-12-23,5.7,420.5,5,3,88,Sítio Riacho Seco,Nova Russas,2024-09-15,9,2024,3,Seca,IA Convencional,Angus,REP-071,Insitec,Sem protocolo,15,32.7,Juliana Pinto,0.6679,Prenha
BOV-0363,Graça,Bovino,Brahman,Linhagem E,2021-10-31,1.7,524.5,4,0,,Fazenda Boa Esperança,Poranga,2023-07-26,7,2023,3,Seca,IA Convencional,Angus,REP-033,CRV Lagoa,P4+BE+PGF,47,38.7,Luciana Reis,0.4692,Prenha
CAP-0144,Palma,Caprino,Canindé,Linhagem B,2017-09-19,4.8,46.7,3,3,244,Sítio Mandacaru,Ararendá,2022-07-21,7,2022,3,Seca,IA Convencional,Alpino,REP-041,CRV Lagoa,Ovsynch,77,25.3,Ana Lima,0.8573,Prenha
BOV-0364,Jade,Bovino,Guzerá,Linhagem C,2021-04-22,0.9,315.5,3,0,,Fazenda Caatinga Verde,Tamboril,2022-03-04,3,2022,1,Chuvosa,IA Convencional,Brahman,REP-044,Alta Genetics,Cosynch,55,30.9,Roberto Neto,0.5085,Prenha
BOV-0365,Mimosa,Bovino,Canchim,Linhagem F,2017-09-06,6.7,560.3,4,5,107,Fazenda Caatinga Verde,Monsenhor Tabosa,2024-05-27,5,2024,2,Seca,IATF,Nelore,REP-074,CRV Lagoa,Ovsynch,11,18.0,João Silva,0.6657,Prenha
BOV-0366,Brisa,Bovino,Nelore,Linhagem H,2016-06-08,6.0,280.1,5,1,230,Fazenda Caatinga Verde,Poranga,2022-06-18,6,2022,2,Seca,IA Convencional,Simmental,REP-010,Insitec,Sem protocolo,110,39.9,Carlos Melo,0.5559,Nao_Prenha
BOV-0367,Viola,Bovino,Brahman,Sem registro,2017-01-28,7.7,365.1,3,2,113,Fazenda Caatinga Verde,Nova Russas,2024-10-13,10,2024,4,Seca,IA Convencional,Bonsmara,REP-054,Insitec,Select Synch,93,28.4,Fernanda Costa,0.8526,Prenha
CAP-0145,Beleza,Caprino,Boer,Linhagem B,2018-05-12,5.0,54.0,2,0,,Fazenda Bela Vista,Independência,2023-05-08,5,2023,2,Seca,IATF,Boer,REP-037,Insitec,Resynch,80,37.3,Maria Souza,0.3949,Nao_Prenha
BOV-0368,Dalila,Bovino,Brahman,Linhagem G,2022-03-11,1.5,476.9,3,0,,Fazenda Poço Fundo,Independência,2023-09-12,9,2023,3,Seca,IA Convencional,Gir,REP-060,Próprio,IATF 7 dias,29,25.6,João Silva,0.6592,Nao_Prenha
CAP-0146,Nina,Caprino,Canindé,Linhagem F,2017-06-28,6.3,52.4,5,4,124,Sítio Três Irmãos,Ararendá,2023-11-01,11,2023,4,Chuvosa,IATF,Toggenburg,REP-019,CRV Lagoa,P4+BE+PGF,5,37.1,Carlos Melo,0.5143,Nao_Prenha
CAP-0147,Joia,Caprino,Repartida,Linhagem F,2020-09-07,1.5,51.4,4,0,,Sítio São Francisco,Independência,2022-03-20,3,2022,1,Chuvosa,IA Convencional,Anglo Nubiano,REP-065,Sexing Tech,Cosynch,48,18.1,Marcos Farias,0.7079,Prenha
OVI-0214,Lua,Ovino,Texel,Sem registro,2020-11-16,1.3,55.5,4,0,,Sítio Três Irmãos,Ararendá,2022-03-22,3,2022,1,Chuvosa,IA Convencional,Ile de France,REP-060,Grupo Nelore,Sem protocolo,10,24.3,Roberto Neto,0.434,Prenha
BOV-0369,Bonita,Bovino,Tabapuã,Linhagem H,2018-07-28,4.9,281.3,3,1,260,Fazenda Caatinga Verde,Catunda,2023-06-05,6,2023,2,Seca,IA Convencional,Brahman,REP-054,CRV Lagoa,GnRH+PGF2α,35,26.7,João Silva,0.6559,Nao_Prenha
OVI-0215,Amora,Ovino,Somalis,Linhagem D,2016-07-28,8.2,55.0,4,0,,Fazenda Bela Vista,Catunda,2024-10-14,10,2024,4,Seca,IA Convencional,Dorper,REP-002,Próprio,Sem protocolo,114,23.2,Marcos Farias,0.6133,Nao_Prenha
BOV-0370,Fada,Bovino,Sindi,Linhagem B,2018-11-23,4.1,357.1,3,1,134,Fazenda Palmeira,Catunda,2022-12-13,12,2022,4,Chuvosa,IA Convencional,Bonsmara,REP-010,Alta Genetics,IATF 7 dias,98,21.6,Carlos Melo,0.6946,Nao_Prenha
BOV-0371,Pétala,Bovino,Girolando,Linhagem F,2016-09-27,6.8,509.5,3,4,268,Sítio Boa Sorte,Ipaporanga,2023-07-08,7,2023,3,Seca,IATF,Nelore,REP-023,Geneal,GnRH+PGF2α,70,20.7,Carlos Melo,0.8336,Prenha
CAP-0148,Aurora,Caprino,Saanen,Linhagem B,2016-09-16,6.2,33.9,4,4,129,Fazenda Poço Fundo,Quiterianópolis,2022-11-29,11,2022,4,Chuvosa,IA Convencional,Saanen,REP-066,Insitec,Sem protocolo,66,39.8,João Silva,0.5593,Prenha
BOV-0372,Rita,Bovino,Canchim,Linhagem F,2016-10-01,6.5,511.3,3,5,218,Fazenda Boa Esperança,Poranga,2023-04-10,4,2023,2,Chuvosa,IA Convencional,Simmental,REP-003,Próprio,Cosynch,30,37.8,Luciana Reis,0.6492,Nao_Prenha
CAP-0149,Palma,Caprino,Repartida,Linhagem A,2016-12-15,5.8,50.0,4,0,,Sítio Boa Sorte,Ipaporanga,2022-10-02,10,2022,4,Seca,IA Convencional,Anglo Nubiano,REP-041,Alta Genetics,Select Synch,80,21.0,Marcos Farias,0.5183,Nao_Prenha
BOV-0373,Bonita,Bovino,Sindi,Linhagem G,2017-03-12,5.1,569.2,3,2,224,Sítio Boa Sorte,Ipaporanga,2022-04-23,4,2022,2,Chuvosa,IA Convencional,Bonsmara,REP-040,Próprio,Select Synch,24,24.2,Maria Souza,0.7804,Prenha
BOV-0374,Aurora,Bovino,Gir,Linhagem A,2017-07-16,7.4,314.0,5,2,192,Sítio Três Irmãos,Tamboril,2024-12-11,12,2024,4,Chuvosa,IATF,Brahman,REP-036,Sexing Tech,Sem protocolo,118,20.7,Ana Lima,0.7964,Nao_Prenha
OVI-0216,Cida,Ovino,Santa Inês,Linhagem A,2019-05-02,4.3,64.3,2,1,77,Sítio Três Irmãos,Poranga,2023-09-02,9,2023,3,Seca,IA Convencional,Suffolk,REP-014,Geneal,GnRH+PGF2α,89,25.3,Pedro Alves,0.5936,Prenha
BOV-0375,Pétala,Bovino,Girolando,Linhagem D,2016-12-01,7.0,474.5,4,0,,Fazenda Bela Vista,Catunda,2023-11-16,11,2023,4,Chuvosa,IA Convencional,Angus,REP-053,CRV Lagoa,Ovsynch,85,35.9,Ana Lima,0.7691,Nao_Prenha
OVI-0217,Lua,Ovino,Santa Inês,Linhagem E,2021-07-10,1.8,41.1,4,0,,Sítio Mandacaru,Quiterianópolis,2023-05-03,5,2023,2,Seca,IA Convencional,Suffolk,REP-035,Alta Genetics,P4+BE+PGF,110,29.6,Pedro Alves,0.5897,Nao_Prenha
BOV-0376,Dalila,Bovino,Sindi,Sem registro,2020-07-19,2.5,318.5,3,0,,Fazenda Boa Esperança,Ipaporanga,2023-01-27,1,2023,1,Chuvosa,IA Convencional,Bonsmara,REP-018,Alta Genetics,Cosynch,90,23.5,Ana Lima,0.563,Nao_Prenha
OVI-0218,Nuvem,Ovino,Texel,Linhagem D,2017-03-29,4.8,46.7,4,1,93,Fazenda Caatinga Verde,Ararendá,2022-01-29,1,2022,1,Chuvosa,IA Convencional,Santa Inês,REP-019,Alta Genetics,Select Synch,116,26.1,Roberto Neto,0.529,Nao_Prenha
OVI-0219,Sara,Ovino,Texel,Sem registro,2021-06-25,2.1,42.8,4,0,,Fazenda Caatinga Verde,Tamboril,2023-07-15,7,2023,3,Seca,IA Convencional,Santa Inês,REP-015,Sexing Tech,Select Synch,12,35.2,Luciana Reis,0.3705,Prenha
BOV-0377,Mimosa,Bovino,Gir,Linhagem G,2021-04-22,3.7,416.3,3,0,,Fazenda Caatinga Verde,Independência,2024-12-20,12,2024,4,Chuvosa,IA Convencional,Simmental,REP-029,Geneal,P4+BE+PGF,62,22.4,Luciana Reis,0.7263,Prenha
BOV-0378,Viola,Bovino,Sindi,Linhagem B,2017-08-15,5.0,391.3,3,0,,Fazenda Boa Esperança,Ipaporanga,2022-08-13,8,2022,3,Seca,IATF,Bonsmara,REP-031,Sexing Tech,P4+BE+PGF,39,37.0,Carlos Melo,0.5039,Nao_Prenha
OVI-0220,Anita,Ovino,Somalis,Sem registro,2018-01-19,6.7,38.4,1,5,244,Sítio Três Irmãos,Nova Russas,2024-10-14,10,2024,4,Seca,IA Convencional,Santa Inês,REP-033,Próprio,Ovsynch,77,25.5,Ana Lima,0.3497,Nao_Prenha
CAP-0150,Duna,Caprino,Boer,Linhagem D,2017-01-28,7.1,35.3,3,0,,Sítio Boa Sorte,Ararendá,2024-02-18,2,2024,1,Chuvosa,IA Convencional,Alpino,REP-056,Grupo Nelore,Select Synch,114,25.4,Ana Lima,0.5337,Nao_Prenha
BOV-0379,Fada,Bovino,Nelore,Linhagem D,2018-08-05,5.7,420.1,4,0,,Sítio São Francisco,Tamboril,2024-04-21,4,2024,2,Chuvosa,IATF,Angus,REP-048,CRV Lagoa,Ovsynch,18,33.0,Luciana Reis,0.7355,Prenha
CAP-0151,Nina,Caprino,Toggenburg,Linhagem D,2018-05-06,4.2,50.6,2,1,153,Fazenda Boa Esperança,Ararendá,2022-07-11,7,2022,3,Seca,IA Convencional,Boer,REP-053,Sexing Tech,Ovsynch,10,28.5,Marcos Farias,0.4318,Prenha
OVI-0221,Sofia,Ovino,Bergamácia,Linhagem C,2016-01-01,8.4,72.2,4,4,114,Sítio São Francisco,Independência,2024-05-24,5,2024,2,Seca,IATF,Texel,REP-030,Próprio,IATF 7 dias,8,34.3,João Silva,0.7064,Prenha
BOV-0380,Palma,Bovino,Brahman,Linhagem G,2016-09-07,7.8,320.4,2,5,134,Sítio Três Irmãos,Independência,2024-07-09,7,2024,3,Seca,IA Convencional,Simmental,REP-049,CRV Lagoa,Ovsynch,51,31.8,Roberto Neto,0.4772,Prenha
OVI-0222,Jade,Ovino,Morada Nova,Linhagem F,2017-03-20,5.3,35.1,3,3,147,Fazenda Palmeira,Poranga,2022-06-23,6,2022,2,Seca,IA Convencional,Dorper,REP-058,Alta Genetics,Select Synch,94,35.9,Marcos Farias,0.6414,Prenha
BOV-0381,Nina,Bovino,Sindi,Linhagem B,2019-02-17,4.6,344.2,4,0,,Sítio Três Irmãos,Poranga,2023-10-09,10,2023,4,Seca,IA Convencional,Simmental,REP-017,CRV Lagoa,Resynch,30,26.9,Marcos Farias,0.5205,Nao_Prenha
OVI-0223,Dalila,Ovino,Texel,Linhagem H,2022-04-13,2.4,62.6,4,0,,Fazenda Boa Esperança,Catunda,2024-09-08,9,2024,3,Seca,IATF,Ile de France,REP-010,Alta Genetics,Cosynch,71,22.0,Pedro Alves,0.627,Prenha
BOV-0382,Fada,Bovino,Tabapuã,Sem registro,2017-12-31,4.2,535.1,3,0,,Sítio Riacho Seco,Ipaporanga,2022-04-01,4,2022,2,Chuvosa,IATF,Gir,REP-070,CRV Lagoa,Sem protocolo,94,32.0,Pedro Alves,0.6626,Prenha
OVI-0224,Chuva,Ovino,Santa Inês,Linhagem B,2016-05-02,5.9,65.3,4,0,,Sítio São Francisco,Ararendá,2022-03-09,3,2022,1,Chuvosa,IATF,Santa Inês,REP-057,Insitec,GnRH+PGF2α,15,25.1,Maria Souza,0.7061,Nao_Prenha
BOV-0383,Graça,Bovino,Tabapuã,Linhagem H,2019-12-18,3.8,314.5,5,2,178,Fazenda Bela Vista,Poranga,2023-10-03,10,2023,4,Seca,IATF,Bonsmara,REP-062,Sexing Tech,Select Synch,101,24.4,Maria Souza,0.8048,Prenha
OVI-0225,Graça,Ovino,Somalis,Linhagem E,2017-12-20,5.7,65.9,3,3,50,Fazenda Boa Esperança,Crateús,2023-08-15,8,2023,3,Seca,IA Convencional,Ile de France,REP-032,Geneal,Sem protocolo,69,27.6,João Silva,0.7259,Prenha
BOV-0384,Graça,Bovino,Gir,Sem registro,2020-07-17,3.6,403.9,4,2,146,Fazenda Bela Vista,Poranga,2024-02-13,2,2024,1,Chuvosa,IA Convencional,Angus,REP-006,Grupo Nelore,IATF 7 dias,46,26.1,Fernanda Costa,0.97,Prenha
BOV-0385,Nuvem,Bovino,Canchim,Linhagem E,2018-09-11,5.6,386.5,5,4,299,Sítio Três Irmãos,Quiterianópolis,2024-04-20,4,2024,2,Chuvosa,IA Convencional,Simmental,REP-068,CRV Lagoa,P4+EB,28,20.8,Carlos Melo,0.7872,Prenha
CAP-0152,Joia,Caprino,Boer,Linhagem C,2022-02-20,2.5,47.1,3,0,,Fazenda Bela Vista,Ipaporanga,2024-08-28,8,2024,3,Seca,IA Convencional,Boer,REP-052,Grupo Nelore,Cosynch,72,32.3,Carlos Melo,0.4812,Nao_Prenha
OVI-0226,Amora,Ovino,Morada Nova,Linhagem E,2020-07-27,3.1,42.4,3,0,,Sítio Três Irmãos,Nova Russas,2023-09-02,9,2023,3,Seca,IATF,Santa Inês,REP-011,Geneal,Cosynch,52,33.9,Roberto Neto,0.6182,Nao_Prenha
BOV-0386,Duna,Bovino,Nelore,Sem registro,2020-03-10,3.4,401.0,3,1,204,Sítio Três Irmãos,Ararendá,2023-08-19,8,2023,3,Seca,IA Convencional,Angus,REP-040,Geneal,P4+EB,74,33.0,Ana Lima,0.8527,Nao_Prenha
OVI-0227,Anita,Ovino,Morada Nova,Linhagem F,2021-08-31,0.5,47.8,4,0,,Sítio Mandacaru,Crateús,2022-02-16,2,2022,1,Chuvosa,IA Convencional,Santa Inês,REP-005,Sexing Tech,Resynch,111,39.6,Pedro Alves,0.6115,Prenha
BOV-0387,Duna,Bovino,Sindi,Linhagem H,2018-03-06,6.8,374.5,4,3,143,Sítio Mandacaru,Ararendá,2024-12-13,12,2024,4,Chuvosa,IA Convencional,Simmental,REP-060,Próprio,GnRH+PGF2α,108,21.1,Maria Souza,0.7882,Prenha
OVI-0228,Lua,Ovino,Bergamácia,Linhagem H,2018-09-14,3.8,53.2,3,2,195,Sítio Três Irmãos,Poranga,2022-07-07,7,2022,3,Seca,IA Convencional,Dorper,REP-064,Insitec,GnRH+PGF2α,33,18.9,João Silva,0.8123,Nao_Prenha
CAP-0153,Anita,Caprino,Saanen,Linhagem H,2016-02-04,6.0,58.4,5,0,,Fazenda Bela Vista,Poranga,2022-01-22,1,2022,1,Chuvosa,IA Convencional,Boer,REP-002,Alta Genetics,Select Synch,80,20.3,Maria Souza,0.5988,Prenha
OVI-0229,Sara,Ovino,Somalis,Linhagem C,2018-12-16,4.6,73.3,5,0,,Sítio Mandacaru,Monsenhor Tabosa,2023-08-04,8,2023,3,Seca,IATF,Santa Inês,REP-008,CRV Lagoa,Sem protocolo,117,31.7,Roberto Neto,0.4577,Nao_Prenha
OVI-0230,Terra,Ovino,Morada Nova,Linhagem H,2017-03-21,6.4,49.1,4,0,,Fazenda Bela Vista,Tamboril,2023-08-22,8,2023,3,Seca,IA Convencional,Dorper,REP-019,CRV Lagoa,Ovsynch,80,21.1,Ana Lima,0.6549,Prenha
BOV-0388,Jade,Bovino,Sindi,Linhagem G,2016-11-10,5.7,488.6,5,2,96,Sítio Boa Sorte,Tamboril,2022-07-08,7,2022,3,Seca,IA Convencional,Nelore,REP-051,Geneal,P4+EB,71,29.8,Fernanda Costa,0.9107,Prenha
BOV-0389,Fada,Bovino,Nelore,Linhagem G,2020-10-13,1.3,542.4,2,0,,Fazenda Poço Fundo,Independência,2022-02-06,2,2022,1,Chuvosa,IATF,Angus,REP-010,Sexing Tech,P4+EB,51,26.6,Maria Souza,0.7527,Prenha
BOV-0390,Nuvem,Bovino,Guzerá,Linhagem D,2018-11-06,5.1,525.2,4,1,253,Fazenda Bela Vista,Poranga,2023-11-29,11,2023,4,Chuvosa,IA Convencional,Nelore,REP-068,Insitec,Select Synch,78,20.4,Roberto Neto,0.6777,Prenha
BOV-0391,Mimosa,Bovino,Brahman,Linhagem B,2021-12-01,2.6,369.5,4,0,,Sítio Três Irmãos,Crateús,2024-07-05,7,2024,3,Seca,IATF,Brahman,REP-048,Geneal,Sem protocolo,57,19.0,Fernanda Costa,0.7743,Prenha
BOV-0392,Eva,Bovino,Sindi,Sem registro,2022-05-01,0.0,452.2,5,0,,Sítio Mandacaru,Poranga,2022-05-13,5,2022,2,Seca,IATF,Brahman,REP-080,Grupo Nelore,Sem protocolo,37,30.8,Roberto Neto,0.6599,Nao_Prenha
OVI-0231,Palma,Ovino,Dorper,Linhagem D,2017-01-02,7.9,55.0,3,3,157,Fazenda Palmeira,Nova Russas,2024-12-05,12,2024,4,Chuvosa,IA Convencional,Dorper,REP-023,Alta Genetics,P4+EB,23,25.3,Carlos Melo,0.6166,Prenha
CAP-0154,Orquídea,Caprino,Repartida,Linhagem B,2019-04-20,3.5,43.0,4,0,,Fazenda Bela Vista,Quiterianópolis,2022-10-17,10,2022,4,Seca,IA Convencional,Toggenburg,REP-059,Insitec,Resynch,57,31.7,Marcos Farias,0.5723,Prenha
OVI-0232,Amora,Ovino,Somalis,Linhagem A,2022-04-19,1.0,41.5,4,0,,Fazenda Boa Esperança,Nova Russas,2023-04-13,4,2023,2,Chuvosa,IATF,Ile de France,REP-045,Geneal,Select Synch,88,23.4,Pedro Alves,0.5778,Nao_Prenha
CAP-0155,Linda,Caprino,Moxotó,Linhagem F,2019-10-30,2.3,43.0,4,0,,Sítio Mandacaru,Quiterianópolis,2022-03-03,3,2022,1,Chuvosa,IA Convencional,Boer,REP-053,Próprio,P4+BE+PGF,60,32.5,Marcos Farias,0.661,Prenha
CAP-0156,Brisa,Caprino,Repartida,Linhagem E,2017-08-19,5.4,39.6,3,0,,Fazenda Bela Vista,Tamboril,2023-01-25,1,2023,1,Chuvosa,IA Convencional,Alpino,REP-066,Sexing Tech,Select Synch,37,36.6,Roberto Neto,0.3538,Nao_Prenha
CAP-0157,Íris,Caprino,Anglo Nubiana,Linhagem B,2021-05-13,1.9,52.7,4,0,,Fazenda Palmeira,Tamboril,2023-04-04,4,2023,2,Chuvosa,IA Convencional,Anglo Nubiano,REP-011,Próprio,P4+BE+PGF,118,26.6,Maria Souza,0.7978,Nao_Prenha
CAP-0158,Serena,Caprino,Moxotó,Linhagem D,2016-09-28,7.4,50.6,3,2,67,Fazenda Bela Vista,Catunda,2024-02-08,2,2024,1,Chuvosa,IA Convencional,Anglo Nubiano,REP-075,Geneal,P4+BE+PGF,114,34.2,Luciana Reis,0.7585,Prenha
BOV-0393,Eva,Bovino,Sindi,Linhagem C,2018-06-22,5.1,548.7,4,2,230,Fazenda Poço Fundo,Independência,2023-07-28,7,2023,3,Seca,IA Convencional,Nelore,REP-045,CRV Lagoa,P4+BE+PGF,25,19.3,Pedro Alves,0.7285,Prenha
BOV-0394,Glória,Bovino,Gir,Linhagem C,2016-07-14,6.4,513.3,1,4,164,Sítio São Francisco,Ipaporanga,2022-11-26,11,2022,4,Chuvosa,IATF,Senepol,REP-041,Sexing Tech,Resynch,13,39.3,Ana Lima,0.4218,Prenha
CAP-0159,Hera,Caprino,Moxotó,Linhagem D,2017-03-21,7.4,45.2,3,1,82,Sítio São Francisco,Quiterianópolis,2024-08-14,8,2024,3,Seca,IA Convencional,Anglo Nubiano,REP-066,Próprio,GnRH+PGF2α,15,31.3,Roberto Neto,0.5194,Nao_Prenha
BOV-0395,Dalila,Bovino,Canchim,Sem registro,2018-02-18,5.1,547.4,4,2,165,Fazenda Boa Esperança,Independência,2023-03-23,3,2023,1,Chuvosa,IATF,Nelore,REP-038,Grupo Nelore,Sem protocolo,80,19.1,Juliana Pinto,0.9632,Nao_Prenha
BOV-0396,Sofia,Bovino,Brahman,Linhagem C,2019-03-12,3.1,341.5,3,0,,Sítio Riacho Seco,Catunda,2022-04-19,4,2022,2,Chuvosa,IA Convencional,Gir,REP-024,CRV Lagoa,Resynch,55,28.3,Pedro Alves,0.6259,Nao_Prenha
CAP-0160,Cida,Caprino,Canindé,Linhagem D,2018-01-17,4.5,37.7,5,3,117,Sítio São Francisco,Quiterianópolis,2022-07-29,7,2022,3,Seca,IA Convencional,Boer,REP-070,Alta Genetics,Resynch,78,30.0,Juliana Pinto,0.6183,Nao_Prenha
BOV-0397,Beleza,Bovino,Guzerá,Linhagem G,2020-07-30,1.6,451.7,4,0,,Fazenda Poço Fundo,Ipaporanga,2022-03-01,3,2022,1,Chuvosa,IATF,Angus,REP-062,Próprio,P4+BE+PGF,68,35.3,Marcos Farias,0.5034,Prenha
BOV-0398,Graça,Bovino,Nelore,Linhagem F,2016-03-04,7.9,442.2,2,6,117,Sítio Três Irmãos,Quiterianópolis,2024-01-18,1,2024,1,Chuvosa,IA Convencional,Gir,REP-002,Insitec,Ovsynch,28,22.9,Fernanda Costa,0.7577,Prenha
BOV-0399,Brisa,Bovino,Girolando,Linhagem H,2018-12-21,5.3,301.9,4,1,67,Sítio Mandacaru,Crateús,2024-04-09,4,2024,2,Chuvosa,IATF,Bonsmara,REP-076,Grupo Nelore,Resynch,78,21.1,Roberto Neto,0.6465,Prenha
CAP-0161,Estrela,Caprino,Anglo Nubiana,Linhagem F,2017-10-10,4.9,57.5,5,1,251,Fazenda Bela Vista,Nova Russas,2022-09-17,9,2022,3,Seca,IA Convencional,Saanen,REP-079,Grupo Nelore,IATF 7 dias,97,31.2,Marcos Farias,0.8296,Prenha
BOV-0400,Nina,Bovino,Canchim,Linhagem G,2022-02-13,2.7,505.4,2,1,76,Sítio Riacho Seco,Quiterianópolis,2024-11-05,11,2024,4,Chuvosa,IATF,Senepol,REP-026,Grupo Nelore,P4+BE+PGF,50,38.3,Marcos Farias,0.6082,Prenha
CAP-0162,Flor,Caprino,Moxotó,Linhagem D,2021-03-04,3.6,46.2,4,2,253,Fazenda Palmeira,Poranga,2024-10-10,10,2024,4,Seca,IATF,Alpino,REP-064,Próprio,Sem protocolo,69,28.9,Pedro Alves,0.9113,Prenha
OVI-0233,Anita,Ovino,Bergamácia,Linhagem F,2016-01-03,8.2,61.3,4,2,56,Fazenda Poço Fundo,Poranga,2024-03-27,3,2024,1,Chuvosa,IA Convencional,Dorper,REP-059,Grupo Nelore,P4+BE+PGF,94,23.9,Fernanda Costa,0.8153,Prenha
OVI-0234,Chuva,Ovino,Dorper,Linhagem H,2020-03-14,3.3,72.2,3,1,130,Sítio São Francisco,Independência,2023-07-04,7,2023,3,Seca,IATF,Dorper,REP-074,Insitec,Ovsynch,22,25.8,Carlos Melo,0.7049,Nao_Prenha
CAP-0163,Orquídea,Caprino,Toggenburg,Linhagem C,2018-03-07,4.4,34.1,2,2,197,Sítio Boa Sorte,Quiterianópolis,2022-07-31,7,2022,3,Seca,IA Convencional,Toggenburg,REP-074,Alta Genetics,Ovsynch,28,29.7,Luciana Reis,0.5134,Nao_Prenha
BOV-0401,Eva,Bovino,Gir,Linhagem F,2017-02-22,6.1,493.2,3,0,,Sítio Boa Sorte,Crateús,2023-04-03,4,2023,2,Chuvosa,IA Convencional,Simmental,REP-063,Insitec,Select Synch,87,28.8,Roberto Neto,0.5882,Nao_Prenha
BOV-0402,Lua,Bovino,Gir,Linhagem B,2019-06-09,3.2,314.0,4,1,114,Fazenda Caatinga Verde,Crateús,2022-09-03,9,2022,3,Seca,IA Convencional,Senepol,REP-047,Alta Genetics,Cosynch,11,22.4,Juliana Pinto,0.6843,Prenha
BOV-0403,Beleza,Bovino,Brahman,Linhagem F,2018-04-08,4.3,332.1,4,0,,Fazenda Poço Fundo,Ararendá,2022-08-08,8,2022,3,Seca,IATF,Bonsmara,REP-006,CRV Lagoa,Cosynch,109,27.2,Maria Souza,0.7515,Nao_Prenha
BOV-0404,Brisa,Bovino,Nelore,Linhagem G,2019-03-07,3.3,386.2,4,0,,Sítio Mandacaru,Independência,2022-06-28,6,2022,2,Seca,IA Convencional,Senepol,REP-001,Sexing Tech,P4+EB,94,31.0,Marcos Farias,0.8762,Prenha
CAP-0164,Duna,Caprino,Saanen,Linhagem H,2020-07-05,2.4,48.6,5,0,,Fazenda Poço Fundo,Ararendá,2022-11-30,11,2022,4,Chuvosa,IA Convencional,Saanen,REP-057,Sexing Tech,Select Synch,58,19.3,Juliana Pinto,0.5003,Nao_Prenha
BOV-0405,Chuva,Bovino,Sindi,Linhagem C,2021-09-20,2.2,469.7,4,0,,Fazenda Bela Vista,Catunda,2023-11-22,11,2023,4,Chuvosa,IA Convencional,Simmental,REP-039,Grupo Nelore,IATF 7 dias,51,35.5,Juliana Pinto,0.7396,Prenha
BOV-0406,Fada,Bovino,Nelore,Linhagem D,2016-01-26,6.2,520.5,3,1,148,Sítio Boa Sorte,Ipaporanga,2022-03-22,3,2022,1,Chuvosa,IATF,Angus,REP-001,Sexing Tech,Sem protocolo,14,39.1,Maria Souza,0.6615,Prenha
OVI-0235,Linda,Ovino,Bergamácia,Linhagem G,2022-03-25,0.8,44.2,3,0,,Sítio São Francisco,Quiterianópolis,2023-01-09,1,2023,1,Chuvosa,IA Convencional,Santa Inês,REP-057,Próprio,Resynch,54,30.9,Pedro Alves,0.4223,Prenha
BOV-0407,Viola,Bovino,Sindi,Linhagem D,2017-11-17,6.2,564.9,2,1,118,Sítio Três Irmãos,Independência,2024-01-26,1,2024,1,Chuvosa,IA Convencional,Angus,REP-078,Alta Genetics,Cosynch,95,30.0,Pedro Alves,0.6577,Prenha
OVI-0236,Serena,Ovino,Santa Inês,Linhagem G,2020-03-24,1.8,42.5,3,0,,Fazenda Palmeira,Independência,2022-01-17,1,2022,1,Chuvosa,IA Convencional,Ile de France,REP-052,Grupo Nelore,P4+EB,31,33.8,Fernanda Costa,0.6741,Prenha
BOV-0408,Palma,Bovino,Guzerá,Linhagem H,2019-08-07,3.9,468.3,4,1,109,Sítio Mandacaru,Ipaporanga,2023-06-18,6,2023,2,Seca,IA Convencional,Simmental,REP-059,Geneal,Ovsynch,115,30.6,Fernanda Costa,0.8231,Prenha
BOV-0409,Joia,Bovino,Canchim,Linhagem F,2020-12-05,1.7,299.0,4,0,,Fazenda Bela Vista,Crateús,2022-09-05,9,2022,3,Seca,IATF,Angus,REP-024,Alta Genetics,Sem protocolo,61,35.3,Juliana Pinto,0.5627,Nao_Prenha
OVI-0237,Íris,Ovino,Dorper,Linhagem D,2017-02-16,7.3,35.2,3,4,103,Sítio Mandacaru,Catunda,2024-05-24,5,2024,2,Seca,IA Convencional,Ile de France,REP-041,Grupo Nelore,Cosynch,35,37.7,Fernanda Costa,0.63,Prenha
BOV-0410,Palma,Bovino,Girolando,Linhagem C,2021-07-12,1.7,397.9,3,0,,Sítio Mandacaru,Ipaporanga,2023-03-25,3,2023,1,Chuvosa,IA Convencional,Senepol,REP-058,Grupo Nelore,Resynch,78,25.3,Juliana Pinto,0.675,Prenha
BOV-0411,Chuva,Bovino,Canchim,Linhagem B,2018-10-06,5.9,313.8,4,2,100,Fazenda Bela Vista,Crateús,2024-08-17,8,2024,3,Seca,IATF,Bonsmara,REP-018,Insitec,Ovsynch,79,38.9,Ana Lima,0.8211,Prenha
CAP-0165,Serena,Caprino,Saanen,Linhagem G,2022-02-22,0.9,60.7,3,0,,Fazenda Palmeira,Poranga,2023-01-21,1,2023,1,Chuvosa,IA Convencional,Anglo Nubiano,REP-045,Próprio,Select Synch,82,35.8,Marcos Farias,0.4721,Nao_Prenha
OVI-0238,Duna,Ovino,Bergamácia,Linhagem F,2018-01-26,5.3,49.0,2,0,,Sítio Três Irmãos,Poranga,2023-04-30,4,2023,2,Chuvosa,IA Convencional,Ile de France,REP-015,Geneal,P4+BE+PGF,30,18.4,Ana Lima,0.305,Nao_Prenha
CAP-0166,Nuvem,Caprino,Anglo Nubiana,Linhagem D,2022-05-25,0.1,51.8,3,0,,Fazenda Caatinga Verde,Catunda,2022-07-11,7,2022,3,Seca,IA Convencional,Boer,REP-008,Grupo Nelore,Resynch,89,18.5,Ana Lima,0.7457,Nao_Prenha
BOV-0412,Sara,Bovino,Girolando,Linhagem B,2017-01-15,5.6,294.5,3,1,89,Fazenda Bela Vista,Crateús,2022-08-24,8,2022,3,Seca,IA Convencional,Gir,REP-078,Insitec,Resynch,31,21.5,Roberto Neto,0.4555,Prenha
BOV-0413,Brisa,Bovino,Nelore,Linhagem D,2017-06-14,5.6,465.3,2,1,205,Sítio São Francisco,Poranga,2023-01-06,1,2023,1,Chuvosa,IATF,Nelore,REP-005,Sexing Tech,Cosynch,89,34.3,Luciana Reis,0.7288,Prenha
OVI-0239,Palma,Ovino,Santa Inês,Linhagem A,2019-05-19,5.5,64.9,3,0,,Fazenda Bela Vista,Monsenhor Tabosa,2024-12-02,12,2024,4,Chuvosa,IATF,Dorper,REP-074,Próprio,Select Synch,16,24.3,Roberto Neto,0.4789,Nao_Prenha
BOV-0414,Terra,Bovino,Nelore,Linhagem F,2020-03-18,2.5,527.0,3,1,209,Sítio Mandacaru,Poranga,2022-09-21,9,2022,3,Seca,IA Convencional,Senepol,REP-017,Insitec,Cosynch,97,26.4,João Silva,0.9386,Prenha
BOV-0415,Graça,Bovino,Tabapuã,Linhagem A,2019-02-02,4.0,444.9,4,1,187,Sítio Três Irmãos,Independência,2023-01-26,1,2023,1,Chuvosa,IATF,Brahman,REP-019,Geneal,IATF 7 dias,102,38.3,João Silva,0.8325,Prenha
BOV-0416,Íris,Bovino,Canchim,Sem registro,2021-05-17,1.9,298.1,4,0,,Sítio Mandacaru,Crateús,2023-04-18,4,2023,2,Chuvosa,IA Convencional,Brahman,REP-030,Alta Genetics,P4+BE+PGF,61,33.8,Roberto Neto,0.5292,Nao_Prenha
BOV-0417,Beleza,Bovino,Nelore,Linhagem G,2018-12-05,4.0,490.4,5,0,,Fazenda Poço Fundo,Ararendá,2022-11-21,11,2022,4,Chuvosa,IA Convencional,Angus,REP-048,Geneal,Sem protocolo,36,19.3,Juliana Pinto,0.5426,Nao_Prenha
BOV-0418,Duna,Bovino,Tabapuã,Linhagem A,2020-03-03,3.4,331.7,3,1,84,Fazenda Boa Esperança,Ipaporanga,2023-08-07,8,2023,3,Seca,IA Convencional,Senepol,REP-072,CRV Lagoa,P4+BE+PGF,22,36.4,Luciana Reis,0.4976,Prenha
BOV-0419,Jade,Bovino,Gir,Linhagem B,2022-03-18,1.1,399.6,4,0,,Fazenda Boa Esperança,Catunda,2023-04-16,4,2023,2,Chuvosa,IATF,Gir,REP-047,Geneal,Select Synch,67,21.6,João Silva,0.7025,Prenha
BOV-0420,Brisa,Bovino,Canchim,Linhagem F,2019-11-04,2.5,338.6,2,1,82,Fazenda Boa Esperança,Nova Russas,2022-05-05,5,2022,2,Seca,IATF,Nelore,REP-068,Sexing Tech,GnRH+PGF2α,36,19.2,Fernanda Costa,0.5121,Prenha
OVI-0240,Estrela,Ovino,Morada Nova,Linhagem B,2016-03-12,8.2,54.9,4,2,258,Fazenda Boa Esperança,Tamboril,2024-06-10,6,2024,2,Seca,IATF,Texel,REP-072,CRV Lagoa,Resynch,59,33.5,Carlos Melo,0.9554,Prenha
OVI-0241,Lua,Ovino,Texel,Linhagem C,2020-07-06,2.4,68.0,5,0,,Fazenda Palmeira,Tamboril,2022-11-17,11,2022,4,Chuvosa,IA Convencional,Texel,REP-061,CRV Lagoa,GnRH+PGF2α,110,21.3,Juliana Pinto,0.5868,Prenha
BOV-0421,Chuva,Bovino,Gir,Linhagem B,2016-04-12,6.1,414.1,4,3,93,Fazenda Palmeira,Catunda,2022-05-19,5,2022,2,Seca,IA Convencional,Nelore,REP-073,Insitec,Cosynch,37,18.8,Juliana Pinto,0.8939,Prenha
BOV-0422,Flor,Bovino,Nelore,Linhagem G,2019-07-21,3.4,463.2,4,1,284,Sítio Três Irmãos,Tamboril,2022-12-19,12,2022,4,Chuvosa,IATF,Brahman,REP-076,Geneal,Cosynch,55,35.2,Luciana Reis,0.9391,Prenha
BOV-0423,Jade,Bovino,Girolando,Linhagem C,2020-04-13,2.3,425.5,5,0,,Sítio Boa Sorte,Quiterianópolis,2022-07-23,7,2022,3,Seca,IATF,Angus,REP-027,Próprio,Ovsynch,66,30.6,Ana Lima,0.7548,Prenha
OVI-0242,Dalila,Ovino,Santa Inês,Linhagem B,2021-01-01,1.1,39.1,4,0,,Fazenda Palmeira,Independência,2022-01-31,1,2022,1,Chuvosa,IA Convencional,Texel,REP-012,Geneal,Resynch,8,22.7,Marcos Farias,0.4998,Nao_Prenha
OVI-0243,Rosa,Ovino,Morada Nova,Linhagem E,2017-01-24,5.4,61.4,4,3,105,Fazenda Palmeira,Poranga,2022-06-21,6,2022,2,Seca,IA Convencional,Texel,REP-066,CRV Lagoa,Select Synch,119,20.5,João Silva,0.7482,Nao_Prenha
CAP-0167,Rosa,Caprino,Saanen,Linhagem G,2019-05-30,5.6,56.0,4,2,297,Fazenda Palmeira,Monsenhor Tabosa,2024-12-31,12,2024,4,Chuvosa,IATF,Boer,REP-002,Grupo Nelore,Resynch,70,34.2,Juliana Pinto,0.8106,Prenha
BOV-0424,Beleza,Bovino,Girolando,Linhagem E,2021-04-22,1.2,336.7,4,0,,Sítio Riacho Seco,Poranga,2022-07-11,7,2022,3,Seca,IA Convencional,Senepol,REP-022,Grupo Nelore,Select Synch,81,26.9,Pedro Alves,0.5443,Nao_Prenha
OVI-0244,Palma,Ovino,Bergamácia,Sem registro,2020-05-25,4.3,43.5,4,0,,Sítio Três Irmãos,Monsenhor Tabosa,2024-09-04,9,2024,3,Seca,IA Convencional,Santa Inês,REP-006,Geneal,P4+BE+PGF,96,20.6,Juliana Pinto,0.5281,Nao_Prenha
OVI-0245,Orquídea,Ovino,Dorper,Sem registro,2019-09-27,4.4,65.5,4,2,233,Fazenda Caatinga Verde,Poranga,2024-02-12,2,2024,1,Chuvosa,IA Convencional,Santa Inês,REP-050,Grupo Nelore,P4+BE+PGF,28,24.4,Juliana Pinto,0.8567,Prenha
CAP-0168,Linda,Caprino,Boer,Linhagem D,2016-04-14,7.2,39.6,2,0,,Fazenda Bela Vista,Monsenhor Tabosa,2023-06-29,6,2023,2,Seca,IA Convencional,Alpino,REP-053,Sexing Tech,Ovsynch,24,30.3,Roberto Neto,0.371,Nao_Prenha
OVI-0246,Sofia,Ovino,Somalis,Linhagem B,2021-12-29,2.3,41.8,2,0,,Fazenda Palmeira,Ararendá,2024-03-30,3,2024,1,Chuvosa,IA Convencional,Ile de France,REP-055,CRV Lagoa,Ovsynch,22,39.7,Luciana Reis,0.2603,Prenha
BOV-0425,Dalila,Bovino,Girolando,Linhagem A,2018-10-13,5.2,541.9,4,0,,Fazenda Bela Vista,Tamboril,2024-01-03,1,2024,1,Chuvosa,IA Convencional,Senepol,REP-033,Sexing Tech,Sem protocolo,34,22.7,João Silva,0.7873,Nao_Prenha
BOV-0426,Íris,Bovino,Sindi,Sem registro,2020-01-15,3.5,323.4,2,0,,Fazenda Caatinga Verde,Crateús,2023-07-25,7,2023,3,Seca,IA Convencional,Gir,REP-052,Insitec,IATF 7 dias,59,25.0,Ana Lima,0.4651,Nao_Prenha
OVI-0247,Flor,Ovino,Bergamácia,Linhagem B,2021-10-13,0.9,57.6,4,0,,Fazenda Palmeira,Independência,2022-09-17,9,2022,3,Seca,IA Convencional,Texel,REP-035,CRV Lagoa,Resynch,74,29.9,Roberto Neto,0.5021,Nao_Prenha
CAP-0169,Beleza,Caprino,Canindé,Linhagem H,2018-01-26,6.1,63.0,4,4,157,Sítio Riacho Seco,Nova Russas,2024-03-18,3,2024,1,Chuvosa,IA Convencional,Toggenburg,REP-049,Grupo Nelore,Select Synch,94,39.5,Juliana Pinto,0.8398,Prenha
CAP-0170,Beleza,Caprino,Toggenburg,Linhagem F,2019-10-25,3.6,32.1,4,2,122,Fazenda Poço Fundo,Crateús,2023-06-19,6,2023,2,Seca,IA Convencional,Anglo Nubiano,REP-015,CRV Lagoa,Cosynch,12,36.6,Fernanda Costa,0.5467,Prenha
CAP-0171,Cida,Caprino,Saanen,Sem registro,2022-03-24,2.0,39.6,3,0,,Sítio Mandacaru,Crateús,2024-03-19,3,2024,1,Chuvosa,IA Convencional,Toggenburg,REP-063,CRV Lagoa,Sem protocolo,17,29.3,Fernanda Costa,0.3659,Prenha
OVI-0248,Amora,Ovino,Somalis,Sem registro,2017-07-10,6.2,42.8,2,3,222,Fazenda Poço Fundo,Ararendá,2023-09-04,9,2023,3,Seca,IATF,Ile de France,REP-007,Sexing Tech,P4+BE+PGF,92,37.0,Juliana Pinto,0.4894,Nao_Prenha
BOV-0427,Linda,Bovino,Canchim,Sem registro,2020-01-31,4.7,441.3,1,3,187,Sítio Mandacaru,Crateús,2024-09-30,9,2024,3,Seca,IATF,Brahman,REP-017,Alta Genetics,Select Synch,103,25.0,Ana Lima,0.6985,Prenha
BOV-0428,Glória,Bovino,Tabapuã,Linhagem C,2017-06-19,5.6,490.2,2,3,201,Fazenda Poço Fundo,Independência,2023-01-13,1,2023,1,Chuvosa,IATF,Brahman,REP-016,Alta Genetics,P4+EB,82,31.4,João Silva,0.8148,Prenha
BOV-0429,Rita,Bovino,Tabapuã,Linhagem H,2021-04-25,2.4,509.1,4,0,,Sítio Três Irmãos,Monsenhor Tabosa,2023-09-29,9,2023,3,Seca,IATF,Angus,REP-033,Grupo Nelore,GnRH+PGF2α,8,20.3,Carlos Melo,0.6736,Prenha
CAP-0172,Mimosa,Caprino,Anglo Nubiana,Linhagem F,2022-01-07,0.1,49.8,5,0,,Sítio Três Irmãos,Independência,2022-01-31,1,2022,1,Chuvosa,IATF,Toggenburg,REP-057,Insitec,Cosynch,96,28.9,Pedro Alves,0.7862,Prenha
OVI-0249,Rosa,Ovino,Santa Inês,Linhagem F,2017-11-03,6.5,63.4,5,0,,Sítio São Francisco,Quiterianópolis,2024-05-20,5,2024,2,Seca,IATF,Dorper,REP-076,Próprio,Sem protocolo,31,29.6,Luciana Reis,0.7132,Nao_Prenha
OVI-0250,Palma,Ovino,Bergamácia,Linhagem F,2022-03-19,1.8,47.8,3,0,,Sítio Boa Sorte,Nova Russas,2023-12-19,12,2023,4,Chuvosa,IATF,Dorper,REP-035,CRV Lagoa,Select Synch,44,20.8,Ana Lima,0.6562,Prenha
BOV-0430,Palma,Bovino,Brahman,Linhagem B,2019-10-18,3.0,544.0,2,0,,Sítio Mandacaru,Ararendá,2022-10-26,10,2022,4,Seca,IA Convencional,Senepol,REP-058,Geneal,Select Synch,24,38.6,Carlos Melo,0.2927,Nao_Prenha
BOV-0431,Terra,Bovino,Girolando,Linhagem A,2017-11-12,6.9,337.5,5,4,224,Fazenda Boa Esperança,Catunda,2024-09-29,9,2024,3,Seca,IA Convencional,Nelore,REP-009,Grupo Nelore,Sem protocolo,92,21.7,Luciana Reis,0.841,Prenha
OVI-0251,Lua,Ovino,Somalis,Linhagem B,2016-05-15,7.8,46.0,4,1,166,Fazenda Boa Esperança,Crateús,2024-03-02,3,2024,1,Chuvosa,IA Convencional,Dorper,REP-066,CRV Lagoa,IATF 7 dias,84,37.7,Ana Lima,0.708,Prenha
OVI-0252,Viola,Ovino,Dorper,Linhagem B,2016-10-01,7.6,44.0,3,5,214,Fazenda Palmeira,Monsenhor Tabosa,2024-05-20,5,2024,2,Seca,IA Convencional,Dorper,REP-061,Grupo Nelore,Cosynch,38,23.8,Marcos Farias,0.5367,Prenha
OVI-0253,Beleza,Ovino,Morada Nova,Linhagem H,2018-09-13,4.0,51.6,4,2,160,Sítio Mandacaru,Quiterianópolis,2022-09-10,9,2022,3,Seca,IA Convencional,Ile de France,REP-066,Insitec,Sem protocolo,116,29.9,Juliana Pinto,0.8669,Nao_Prenha
OVI-0254,Serena,Ovino,Texel,Linhagem B,2019-06-07,4.3,62.2,5,0,,Sítio São Francisco,Crateús,2023-10-07,10,2023,4,Seca,IATF,Ile de France,REP-077,Grupo Nelore,P4+BE+PGF,40,36.5,Carlos Melo,0.4724,Prenha
BOV-0432,Orquídea,Bovino,Brahman,Linhagem D,2021-01-15,1.9,450.4,2,0,,Fazenda Bela Vista,Poranga,2022-11-30,11,2022,4,Chuvosa,IA Convencional,Angus,REP-023,Grupo Nelore,P4+BE+PGF,87,32.5,João Silva,0.5399,Nao_Prenha
OVI-0255,Nuvem,Ovino,Santa Inês,Sem registro,2017-11-18,4.9,67.1,1,1,119,Sítio Riacho Seco,Quiterianópolis,2022-10-26,10,2022,4,Seca,IA Convencional,Santa Inês,REP-015,CRV Lagoa,P4+BE+PGF,118,18.0,Marcos Farias,0.3794,Nao_Prenha
OVI-0256,Rita,Ovino,Santa Inês,Linhagem F,2020-05-01,2.4,35.6,3,0,,Fazenda Palmeira,Nova Russas,2022-09-07,9,2022,3,Seca,IA Convencional,Ile de France,REP-032,Próprio,Cosynch,54,35.5,João Silva,0.6165,Prenha
OVI-0257,Rita,Ovino,Somalis,Linhagem F,2019-02-05,5.3,40.4,3,2,80,Fazenda Bela Vista,Crateús,2024-05-12,5,2024,2,Seca,IA Convencional,Dorper,REP-036,Sexing Tech,P4+BE+PGF,9,18.1,Luciana Reis,0.5018,Prenha
OVI-0258,Linda,Ovino,Texel,Linhagem H,2020-11-07,3.3,36.0,1,1,219,Fazenda Boa Esperança,Ararendá,2024-03-09,3,2024,1,Chuvosa,IA Convencional,Texel,REP-042,CRV Lagoa,IATF 7 dias,43,37.1,Ana Lima,0.3475,Nao_Prenha
CAP-0173,Sofia,Caprino,Moxotó,Linhagem H,2021-04-06,1.0,28.6,4,0,,Fazenda Bela Vista,Quiterianópolis,2022-03-27,3,2022,1,Chuvosa,IATF,Alpino,REP-073,Grupo Nelore,Select Synch,60,27.2,Carlos Melo,0.6869,Nao_Prenha
OVI-0259,Cida,Ovino,Bergamácia,Linhagem C,2020-11-10,4.1,37.1,4,2,278,Sítio Mandacaru,Quiterianópolis,2024-12-01,12,2024,4,Chuvosa,IA Convencional,Ile de France,REP-047,Geneal,Sem protocolo,105,31.5,João Silva,0.7375,Prenha
CAP-0174,Estrela,Caprino,Anglo Nubiana,Linhagem A,2018-08-27,4.1,32.9,5,1,262,Fazenda Bela Vista,Quiterianópolis,2022-09-17,9,2022,3,Seca,IATF,Anglo Nubiano,REP-039,CRV Lagoa,Select Synch,113,39.2,Juliana Pinto,0.6997,Prenha
CAP-0175,Flor,Caprino,Toggenburg,Linhagem C,2021-03-03,2.9,39.6,5,1,279,Fazenda Caatinga Verde,Quiterianópolis,2024-01-10,1,2024,1,Chuvosa,IA Convencional,Alpino,REP-010,CRV Lagoa,Resynch,63,24.4,Pedro Alves,0.3901,Prenha
OVI-0260,Hera,Ovino,Dorper,Linhagem C,2017-07-18,6.9,39.0,4,3,201,Sítio Boa Sorte,Nova Russas,2024-06-11,6,2024,2,Seca,IA Convencional,Dorper,REP-014,Insitec,IATF 7 dias,70,30.9,João Silva,0.8197,Nao_Prenha
BOV-0433,Linda,Bovino,Nelore,Linhagem D,2021-09-02,1.0,453.4,2,0,,Sítio Três Irmãos,Quiterianópolis,2022-09-16,9,2022,3,Seca,IATF,Senepol,REP-044,Geneal,P4+EB,68,36.3,João Silva,0.5062,Nao_Prenha
BOV-0434,Nuvem,Bovino,Canchim,Linhagem H,2017-07-11,6.0,430.9,5,4,197,Sítio Três Irmãos,Ararendá,2023-07-25,7,2023,3,Seca,IA Convencional,Angus,REP-067,Alta Genetics,P4+EB,118,33.9,João Silva,0.9102,Prenha
BOV-0435,Jade,Bovino,Guzerá,Linhagem B,2016-10-23,7.4,424.4,2,2,60,Fazenda Bela Vista,Ararendá,2024-03-08,3,2024,1,Chuvosa,IA Convencional,Nelore,REP-012,Sexing Tech,Sem protocolo,16,20.6,João Silva,0.4163,Nao_Prenha
OVI-0261,Bonita,Ovino,Texel,Linhagem G,2020-01-25,3.2,67.3,3,0,,Fazenda Boa Esperança,Crateús,2023-04-11,4,2023,2,Chuvosa,IA Convencional,Santa Inês,REP-033,Próprio,Sem protocolo,9,28.2,Juliana Pinto,0.3768,Prenha
OVI-0262,Terra,Ovino,Somalis,Linhagem G,2018-07-18,4.2,52.1,4,2,139,Fazenda Caatinga Verde,Nova Russas,2022-10-16,10,2022,4,Seca,IA Convencional,Ile de France,REP-015,Geneal,Sem protocolo,115,36.9,Pedro Alves,0.6045,Nao_Prenha
CAP-0176,Viola,Caprino,Saanen,Sem registro,2017-08-01,7.1,58.0,2,5,66,Fazenda Palmeira,Poranga,2024-08-29,8,2024,3,Seca,IA Convencional,Saanen,REP-029,Próprio,Sem protocolo,9,23.7,Pedro Alves,0.2659,Prenha
CAP-0177,Eva,Caprino,Moxotó,Linhagem D,2020-11-28,2.5,40.5,5,1,60,Fazenda Poço Fundo,Ararendá,2023-06-09,6,2023,2,Seca,IATF,Boer,REP-076,Grupo Nelore,P4+EB,56,37.0,Roberto Neto,0.6642,Nao_Prenha
CAP-0178,Amora,Caprino,Saanen,Linhagem F,2022-01-28,2.7,39.2,3,0,,Fazenda Palmeira,Crateús,2024-10-27,10,2024,4,Seca,IA Convencional,Alpino,REP-043,CRV Lagoa,Ovsynch,53,38.3,Roberto Neto,0.3563,Nao_Prenha
BOV-0436,Nina,Bovino,Gir,Linhagem B,2019-10-06,4.2,568.3,3,2,123,Sítio Boa Sorte,Monsenhor Tabosa,2023-12-23,12,2023,4,Chuvosa,IATF,Brahman,REP-006,Geneal,Select Synch,98,36.1,João Silva,0.7554,Prenha
OVI-0263,Brisa,Ovino,Santa Inês,Sem registro,2018-08-14,3.9,51.9,4,1,78,Fazenda Caatinga Verde,Ararendá,2022-07-24,7,2022,3,Seca,IA Convencional,Santa Inês,REP-007,Próprio,Sem protocolo,81,39.7,Pedro Alves,0.6654,Nao_Prenha
BOV-0437,Orquídea,Bovino,Gir,Linhagem A,2019-07-14,4.0,333.1,1,0,,Sítio Boa Sorte,Crateús,2023-07-03,7,2023,3,Seca,IA Convencional,Bonsmara,REP-021,Insitec,Sem protocolo,90,21.0,Fernanda Costa,0.3596,Nao_Prenha
OVI-0264,Serena,Ovino,Santa Inês,Linhagem A,2016-11-19,6.9,41.2,4,1,207,Sítio Mandacaru,Monsenhor Tabosa,2023-10-17,10,2023,4,Seca,IATF,Texel,REP-057,Sexing Tech,Resynch,107,32.4,Carlos Melo,0.876,Prenha
OVI-0265,Fada,Ovino,Dorper,Linhagem D,2021-03-14,1.1,61.0,4,0,,Fazenda Poço Fundo,Nova Russas,2022-04-12,4,2022,2,Chuvosa,IA Convencional,Ile de France,REP-039,Insitec,P4+EB,90,34.5,João Silva,0.7141,Prenha
CAP-0179,Dalila,Caprino,Toggenburg,Linhagem B,2016-01-13,7.5,62.7,5,3,53,Fazenda Palmeira,Nova Russas,2023-07-23,7,2023,3,Seca,IA Convencional,Boer,REP-029,Próprio,GnRH+PGF2α,69,31.5,Maria Souza,0.7606,Prenha
OVI-0266,Duna,Ovino,Bergamácia,Sem registro,2018-09-24,5.4,46.6,2,3,66,Fazenda Boa Esperança,Crateús,2024-02-05,2,2024,1,Chuvosa,IA Convencional,Ile de France,REP-074,Geneal,Sem protocolo,9,19.3,Juliana Pinto,0.1528,Prenha
BOV-0438,Nina,Bovino,Nelore,Linhagem E,2021-05-09,2.1,488.6,3,0,,Sítio Mandacaru,Nova Russas,2023-06-23,6,2023,2,Seca,IATF,Senepol,REP-075,Próprio,Cosynch,69,23.9,Ana Lima,0.8966,Prenha
BOV-0439,Íris,Bovino,Nelore,Linhagem C,2019-09-30,4.1,328.2,3,0,,Fazenda Bela Vista,Quiterianópolis,2023-11-03,11,2023,4,Chuvosa,IA Convencional,Angus,REP-037,CRV Lagoa,IATF 7 dias,14,28.9,Fernanda Costa,0.5122,Nao_Prenha
BOV-0440,Serena,Bovino,Brahman,Linhagem F,2018-02-04,4.7,346.4,3,0,,Fazenda Poço Fundo,Crateús,2022-11-03,11,2022,4,Chuvosa,IA Convencional,Senepol,REP-032,CRV Lagoa,P4+EB,13,18.3,Juliana Pinto,0.4228,Prenha
CAP-0180,Aurora,Caprino,Boer,Linhagem H,2020-04-21,3.9,57.4,4,0,,Sítio Mandacaru,Catunda,2024-03-15,3,2024,1,Chuvosa,IA Convencional,Boer,REP-058,Sexing Tech,Sem protocolo,41,37.7,Luciana Reis,0.4976,Prenha
OVI-0267,Linda,Ovino,Texel,Linhagem C,2019-06-30,3.4,41.9,5,1,121,Sítio Boa Sorte,Catunda,2022-12-10,12,2022,4,Chuvosa,IATF,Santa Inês,REP-010,Sexing Tech,Sem protocolo,107,18.2,Luciana Reis,0.6845,Nao_Prenha
BOV-0441,Nina,Bovino,Guzerá,Linhagem F,2017-04-14,5.2,328.6,4,0,,Fazenda Bela Vista,Ipaporanga,2022-07-06,7,2022,3,Seca,IATF,Senepol,REP-068,Insitec,Sem protocolo,28,22.2,Maria Souza,0.549,Prenha
CAP-0181,Mimosa,Caprino,Boer,Linhagem G,2020-02-08,2.4,56.6,4,0,,Sítio Mandacaru,Monsenhor Tabosa,2022-07-13,7,2022,3,Seca,IATF,Anglo Nubiano,REP-061,Alta Genetics,GnRH+PGF2α,73,26.2,Marcos Farias,0.5656,Nao_Prenha
OVI-0268,Chuva,Ovino,Somalis,Linhagem E,2018-08-26,6.0,68.9,2,3,109,Fazenda Caatinga Verde,Monsenhor Tabosa,2024-09-07,9,2024,3,Seca,IA Convencional,Ile de France,REP-007,Próprio,Select Synch,70,38.0,Pedro Alves,0.5108,Nao_Prenha
BOV-0442,Rita,Bovino,Nelore,Linhagem B,2017-10-27,4.2,445.4,4,2,95,Fazenda Boa Esperança,Nova Russas,2022-01-03,1,2022,1,Chuvosa,IATF,Angus,REP-036,Sexing Tech,Ovsynch,85,38.4,Pedro Alves,0.9027,Prenha
CAP-0182,Anita,Caprino,Boer,Linhagem E,2017-03-25,5.1,49.4,4,0,,Sítio São Francisco,Crateús,2022-05-16,5,2022,2,Seca,IA Convencional,Saanen,REP-020,Alta Genetics,P4+EB,91,20.8,Pedro Alves,0.6242,Prenha
BOV-0443,Duna,Bovino,Brahman,Linhagem A,2017-06-04,5.2,495.4,2,1,287,Fazenda Poço Fundo,Tamboril,2022-07-31,7,2022,3,Seca,IA Convencional,Brahman,REP-008,Sexing Tech,IATF 7 dias,16,27.2,Roberto Neto,0.4794,Prenha
BOV-0444,Brisa,Bovino,Girolando,Linhagem A,2022-01-09,1.2,301.3,1,0,,Fazenda Poço Fundo,Poranga,2023-04-05,4,2023,2,Chuvosa,IA Convencional,Senepol,REP-021,Grupo Nelore,IATF 7 dias,81,20.0,Luciana Reis,0.3986,Prenha
CAP-0183,Estrela,Caprino,Repartida,Linhagem A,2018-12-15,4.4,58.4,2,1,230,Fazenda Poço Fundo,Ararendá,2023-05-23,5,2023,2,Seca,IA Convencional,Alpino,REP-065,CRV Lagoa,GnRH+PGF2α,25,21.3,Ana Lima,0.4837,Nao_Prenha
BOV-0445,Hera,Bovino,Tabapuã,Linhagem E,2021-03-01,1.1,490.1,5,0,,Fazenda Boa Esperança,Nova Russas,2022-03-25,3,2022,1,Chuvosa,IA Convencional,Angus,REP-033,Sexing Tech,Sem protocolo,78,29.3,Fernanda Costa,0.748,Prenha
BOV-0446,Lua,Bovino,Brahman,Linhagem B,2019-06-08,3.6,405.0,1,2,222,Fazenda Bela Vista,Quiterianópolis,2023-01-22,1,2023,1,Chuvosa,IATF,Simmental,REP-012,Sexing Tech,P4+BE+PGF,26,28.0,Pedro Alves,0.4868,Nao_Prenha
CAP-0184,Chuva,Caprino,Toggenburg,Linhagem C,2022-03-22,1.6,31.8,4,0,,Sítio Mandacaru,Quiterianópolis,2023-10-19,10,2023,4,Seca,IATF,Boer,REP-031,Próprio,GnRH+PGF2α,73,34.2,Juliana Pinto,0.5677,Nao_Prenha
OVI-0269,Glória,Ovino,Morada Nova,Linhagem F,2018-12-15,4.3,46.6,3,0,,Sítio Boa Sorte,Crateús,2023-03-28,3,2023,1,Chuvosa,IA Convencional,Ile de France,REP-069,Alta Genetics,Ovsynch,97,39.2,Luciana Reis,0.5434,Nao_Prenha
BOV-0447,Pétala,Bovino,Guzerá,Linhagem E,2016-11-13,5.6,480.5,4,0,,Fazenda Poço Fundo,Poranga,2022-06-11,6,2022,2,Seca,IA Convencional,Senepol,REP-064,Sexing Tech,Resynch,52,39.6,Fernanda Costa,0.722,Prenha
OVI-0270,Sofia,Ovino,Dorper,Linhagem D,2019-10-06,3.4,50.8,4,1,231,Sítio Três Irmãos,Quiterianópolis,2023-02-13,2,2023,1,Chuvosa,IATF,Dorper,REP-036,Alta Genetics,P4+BE+PGF,54,38.5,Marcos Farias,0.6581,Prenha
OVI-0271,Mimosa,Ovino,Somalis,Linhagem G,2019-09-22,4.0,67.0,3,1,103,Fazenda Poço Fundo,Nova Russas,2023-09-20,9,2023,3,Seca,IA Convencional,Santa Inês,REP-024,CRV Lagoa,P4+BE+PGF,46,35.3,Juliana Pinto,0.6868,Prenha
CAP-0185,Sofia,Caprino,Toggenburg,Linhagem C,2017-07-13,5.8,64.5,3,3,92,Sítio São Francisco,Tamboril,2023-05-06,5,2023,2,Seca,IA Convencional,Alpino,REP-054,Insitec,Sem protocolo,109,24.3,Marcos Farias,0.5763,Prenha
OVI-0272,Serena,Ovino,Morada Nova,Linhagem C,2021-01-28,3.2,41.7,5,0,,Sítio Boa Sorte,Independência,2024-04-25,4,2024,2,Chuvosa,IA Convencional,Suffolk,REP-016,CRV Lagoa,Select Synch,8,29.8,Luciana Reis,0.4314,Nao_Prenha
BOV-0448,Sofia,Bovino,Brahman,Linhagem A,2019-07-27,3.3,524.7,4,0,,Fazenda Caatinga Verde,Ararendá,2022-11-17,11,2022,4,Chuvosa,IATF,Brahman,REP-015,Geneal,IATF 7 dias,60,37.6,Luciana Reis,0.6914,Prenha
CAP-0186,Estrela,Caprino,Repartida,Linhagem F,2021-12-06,2.4,60.4,4,0,,Fazenda Poço Fundo,Quiterianópolis,2024-04-21,4,2024,2,Chuvosa,IA Convencional,Saanen,REP-053,Alta Genetics,Sem protocolo,120,27.8,Pedro Alves,0.5966,Prenha
BOV-0449,Serena,Bovino,Girolando,Linhagem G,2016-07-10,7.5,411.8,4,0,,Fazenda Boa Esperança,Independência,2024-01-02,1,2024,1,Chuvosa,IATF,Senepol,REP-023,Próprio,P4+EB,52,25.2,João Silva,0.8094,Prenha
CAP-0187,Lua,Caprino,Anglo Nubiana,Linhagem A,2017-05-06,7.0,39.1,5,5,93,Sítio Riacho Seco,Independência,2024-05-21,5,2024,2,Seca,IA Convencional,Alpino,REP-026,CRV Lagoa,GnRH+PGF2α,103,38.2,Marcos Farias,0.5029,Prenha
BOV-0450,Graça,Bovino,Girolando,Linhagem D,2021-10-23,2.4,288.0,4,0,,Sítio Boa Sorte,Tamboril,2024-03-11,3,2024,1,Chuvosa,IATF,Bonsmara,REP-019,Alta Genetics,Sem protocolo,105,23.4,Fernanda Costa,0.6653,Prenha
OVI-0273,Lua,Ovino,Santa Inês,Linhagem H,2021-11-08,1.1,47.6,4,0,,Fazenda Poço Fundo,Ipaporanga,2022-12-23,12,2022,4,Chuvosa,IATF,Texel,REP-045,CRV Lagoa,P4+BE+PGF,105,25.8,Ana Lima,0.7139,Prenha
CAP-0188,Palma,Caprino,Saanen,Linhagem A,2016-07-05,8.4,50.5,4,0,,Fazenda Boa Esperança,Ipaporanga,2024-11-13,11,2024,4,Chuvosa,IATF,Toggenburg,REP-063,CRV Lagoa,P4+BE+PGF,102,29.1,Ana Lima,0.6528,Nao_Prenha
CAP-0189,Orquídea,Caprino,Canindé,Linhagem F,2022-04-05,0.8,63.7,4,0,,Sítio Riacho Seco,Tamboril,2023-01-10,1,2023,1,Chuvosa,IATF,Anglo Nubiano,REP-057,Insitec,P4+BE+PGF,95,34.8,Carlos Melo,0.6683,Prenha
BOV-0451,Nuvem,Bovino,Girolando,Sem registro,2017-09-17,5.1,432.5,4,2,159,Fazenda Bela Vista,Monsenhor Tabosa,2022-10-18,10,2022,4,Seca,IATF,Bonsmara,REP-008,Geneal,Ovsynch,24,25.6,Pedro Alves,0.9599,Nao_Prenha
BOV-0452,Serena,Bovino,Canchim,Linhagem A,2020-05-14,3.0,519.6,2,0,,Sítio Três Irmãos,Tamboril,2023-05-12,5,2023,2,Seca,IA Convencional,Senepol,REP-063,Próprio,IATF 7 dias,73,19.2,Luciana Reis,0.4174,Prenha
OVI-0274,Amora,Ovino,Morada Nova,Linhagem G,2017-05-14,6.5,70.2,2,3,119,Sítio São Francisco,Poranga,2023-10-26,10,2023,4,Seca,IATF,Santa Inês,REP-047,Geneal,P4+BE+PGF,56,32.5,Carlos Melo,0.5743,Prenha
BOV-0453,Rosa,Bovino,Girolando,Linhagem E,2022-05-18,0.0,477.9,3,0,,Sítio Boa Sorte,Quiterianópolis,2022-05-29,5,2022,2,Seca,IA Convencional,Bonsmara,REP-003,Grupo Nelore,Sem protocolo,97,23.9,Juliana Pinto,0.6071,Prenha
BOV-0454,Nuvem,Bovino,Canchim,Linhagem B,2019-08-07,4.9,521.5,2,0,,Fazenda Bela Vista,Crateús,2024-07-12,7,2024,3,Seca,IA Convencional,Brahman,REP-080,Insitec,P4+BE+PGF,108,21.0,Pedro Alves,0.4865,Prenha
BOV-0455,Lua,Bovino,Tabapuã,Sem registro,2022-05-30,1.0,401.1,4,0,,Sítio Três Irmãos,Independência,2023-05-14,5,2023,2,Seca,IATF,Simmental,REP-063,Geneal,Cosynch,56,18.8,Luciana Reis,0.8659,Prenha
OVI-0275,Joia,Ovino,Bergamácia,Linhagem D,2017-06-24,7.0,61.0,1,2,273,Sítio Mandacaru,Nova Russas,2024-06-15,6,2024,2,Seca,IA Convencional,Suffolk,REP-015,Grupo Nelore,Cosynch,88,30.0,Ana Lima,0.5064,Prenha
BOV-0456,Viola,Bovino,Brahman,Linhagem G,2019-10-03,3.3,323.4,3,0,,Fazenda Caatinga Verde,Nova Russas,2023-01-08,1,2023,1,Chuvosa,IA Convencional,Nelore,REP-037,Geneal,P4+BE+PGF,50,36.5,Luciana Reis,0.4942,Nao_Prenha
BOV-0457,Jade,Bovino,Tabapuã,Linhagem B,2022-04-17,2.3,372.8,4,0,,Sítio Riacho Seco,Nova Russas,2024-08-08,8,2024,3,Seca,IATF,Brahman,REP-054,Insitec,Sem protocolo,68,26.8,Luciana Reis,0.6452,Nao_Prenha
BOV-0458,Chuva,Bovino,Tabapuã,Linhagem C,2016-05-15,5.8,385.9,4,3,131,Fazenda Poço Fundo,Poranga,2022-02-17,2,2022,1,Chuvosa,IA Convencional,Angus,REP-060,Geneal,Sem protocolo,9,31.0,Carlos Melo,0.5804,Prenha
OVI-0276,Duna,Ovino,Morada Nova,Linhagem C,2017-07-16,6.6,40.9,4,4,268,Fazenda Bela Vista,Catunda,2024-02-18,2,2024,1,Chuvosa,IA Convencional,Texel,REP-060,Geneal,GnRH+PGF2α,97,18.2,Fernanda Costa,0.7872,Prenha
BOV-0459,Terra,Bovino,Tabapuã,Linhagem E,2021-11-18,2.0,556.8,3,0,,Sítio São Francisco,Nova Russas,2023-11-18,11,2023,4,Chuvosa,IA Convencional,Brahman,REP-010,Insitec,IATF 7 dias,36,24.6,Carlos Melo,0.6363,Prenha
BOV-0460,Pétala,Bovino,Sindi,Linhagem F,2018-09-20,4.7,415.3,3,2,239,Sítio São Francisco,Crateús,2023-06-14,6,2023,2,Seca,IATF,Simmental,REP-065,Geneal,Ovsynch,38,18.4,Pedro Alves,0.7851,Nao_Prenha
CAP-0190,Cida,Caprino,Anglo Nubiana,Linhagem F,2021-11-09,1.7,33.8,5,0,,Fazenda Boa Esperança,Ararendá,2023-07-07,7,2023,3,Seca,IATF,Boer,REP-039,Insitec,Resynch,21,19.3,Maria Souza,0.565,Prenha
BOV-0461,Jade,Bovino,Canchim,Linhagem E,2020-02-26,3.7,455.7,5,0,,Sítio Mandacaru,Quiterianópolis,2023-11-21,11,2023,4,Chuvosa,IA Convencional,Senepol,REP-049,CRV Lagoa,IATF 7 dias,9,23.4,Carlos Melo,0.3941,Prenha
BOV-0462,Duna,Bovino,Gir,Linhagem G,2017-03-12,5.6,500.2,4,3,212,Sítio Mandacaru,Monsenhor Tabosa,2022-10-07,10,2022,4,Seca,IA Convencional,Angus,REP-001,Grupo Nelore,Sem protocolo,72,33.6,Ana Lima,0.8449,Nao_Prenha
BOV-0463,Nuvem,Bovino,Guzerá,Linhagem A,2016-10-08,6.7,369.5,3,2,233,Fazenda Palmeira,Monsenhor Tabosa,2023-06-19,6,2023,2,Seca,IA Convencional,Simmental,REP-027,Sexing Tech,Select Synch,54,22.9,Ana Lima,0.8387,Nao_Prenha
OVI-0277,Bonita,Ovino,Dorper,Linhagem H,2018-10-15,4.3,44.6,3,0,,Sítio Mandacaru,Quiterianópolis,2023-02-04,2,2023,1,Chuvosa,IA Convencional,Suffolk,REP-051,Insitec,Resynch,88,20.4,Ana Lima,0.6476,Prenha
CAP-0191,Beleza,Caprino,Boer,Linhagem E,2017-07-30,6.0,63.5,3,0,,Sítio Três Irmãos,Ararendá,2023-07-29,7,2023,3,Seca,IA Convencional,Alpino,REP-025,CRV Lagoa,IATF 7 dias,87,32.6,Luciana Reis,0.6615,Prenha
OVI-0278,Eva,Ovino,Morada Nova,Linhagem H,2016-07-11,6.4,58.2,3,3,203,Sítio São Francisco,Independência,2022-12-01,12,2022,4,Chuvosa,IA Convencional,Ile de France,REP-020,Grupo Nelore,Cosynch,28,27.9,Pedro Alves,0.9023,Prenha
BOV-0464,Chuva,Bovino,Brahman,Linhagem G,2020-07-01,2.1,543.3,3,0,,Sítio Três Irmãos,Quiterianópolis,2022-08-09,8,2022,3,Seca,IA Convencional,Angus,REP-047,Insitec,GnRH+PGF2α,30,23.6,Luciana Reis,0.6213,Nao_Prenha
OVI-0279,Duna,Ovino,Bergamácia,Linhagem G,2019-07-15,3.9,39.5,4,0,,Fazenda Palmeira,Nova Russas,2023-05-26,5,2023,2,Seca,IATF,Santa Inês,REP-022,Alta Genetics,Sem protocolo,12,19.7,Ana Lima,0.4102,Prenha
OVI-0280,Fada,Ovino,Somalis,Linhagem F,2016-07-10,6.2,51.7,5,4,38,Fazenda Caatinga Verde,Crateús,2022-09-18,9,2022,3,Seca,IATF,Texel,REP-008,Geneal,Ovsynch,16,28.0,Pedro Alves,0.5535,Nao_Prenha
BOV-0465,Brisa,Bovino,Guzerá,Linhagem C,2021-05-04,3.4,358.1,2,0,,Fazenda Palmeira,Ararendá,2024-10-11,10,2024,4,Seca,IA Convencional,Senepol,REP-061,Próprio,Cosynch,38,19.1,Marcos Farias,0.3206,Nao_Prenha
CAP-0192,Flor,Caprino,Toggenburg,Linhagem G,2018-01-06,4.9,29.5,5,2,227,Fazenda Bela Vista,Tamboril,2022-11-15,11,2022,4,Chuvosa,IA Convencional,Alpino,REP-032,Próprio,Select Synch,55,34.7,Carlos Melo,0.4683,Prenha
BOV-0466,Fada,Bovino,Nelore,Linhagem G,2016-12-12,5.5,439.3,5,0,,Fazenda Boa Esperança,Ipaporanga,2022-06-26,6,2022,2,Seca,IATF,Nelore,REP-007,Insitec,Sem protocolo,35,33.3,Roberto Neto,0.5758,Prenha
BOV-0467,Orquídea,Bovino,Gir,Linhagem C,2017-09-10,6.3,571.5,4,2,121,Fazenda Bela Vista,Independência,2023-12-23,12,2023,4,Chuvosa,IA Convencional,Simmental,REP-064,Geneal,GnRH+PGF2α,81,25.0,Luciana Reis,0.9301,Prenha
BOV-0468,Terra,Bovino,Gir,Linhagem E,2017-09-04,5.1,332.8,4,2,225,Sítio São Francisco,Tamboril,2022-10-23,10,2022,4,Seca,IATF,Gir,REP-038,Sexing Tech,Select Synch,113,39.1,João Silva,0.8239,Nao_Prenha
CAP-0193,Amora,Caprino,Boer,Linhagem H,2021-08-19,3.3,50.2,5,0,,Sítio Mandacaru,Quiterianópolis,2024-11-28,11,2024,4,Chuvosa,IATF,Alpino,REP-045,CRV Lagoa,Sem protocolo,39,28.2,João Silva,0.6181,Prenha
OVI-0281,Joia,Ovino,Bergamácia,Linhagem C,2020-06-15,3.9,38.9,5,2,192,Sítio Riacho Seco,Monsenhor Tabosa,2024-05-24,5,2024,2,Seca,IATF,Dorper,REP-021,Sexing Tech,Resynch,58,23.1,Luciana Reis,0.8203,Prenha
BOV-0469,Hera,Bovino,Girolando,Linhagem A,2019-12-01,2.6,461.4,1,1,110,Fazenda Poço Fundo,Tamboril,2022-06-21,6,2022,2,Seca,IA Convencional,Senepol,REP-020,Grupo Nelore,Sem protocolo,24,31.0,Maria Souza,0.3603,Nao_Prenha
BOV-0470,Pétala,Bovino,Tabapuã,Linhagem A,2021-03-12,1.7,528.0,4,0,,Sítio Mandacaru,Catunda,2022-11-12,11,2022,4,Chuvosa,IA Convencional,Angus,REP-071,Sexing Tech,IATF 7 dias,10,27.5,Fernanda Costa,0.6377,Prenha
OVI-0282,Orquídea,Ovino,Santa Inês,Linhagem C,2022-01-13,0.2,56.7,5,0,,Fazenda Bela Vista,Ipaporanga,2022-03-24,3,2022,1,Chuvosa,IA Convencional,Texel,REP-010,Sexing Tech,Ovsynch,95,36.8,Maria Souza,0.5301,Prenha
BOV-0471,Graça,Bovino,Canchim,Linhagem E,2020-11-18,3.5,369.4,1,2,86,Fazenda Poço Fundo,Nova Russas,2024-05-04,5,2024,2,Seca,IATF,Gir,REP-018,Insitec,P4+EB,72,25.2,Marcos Farias,0.5421,Prenha
BOV-0472,Viola,Bovino,Canchim,Linhagem C,2021-08-01,2.9,529.6,4,1,235,Sítio Mandacaru,Quiterianópolis,2024-06-24,6,2024,2,Seca,IA Convencional,Angus,REP-028,Sexing Tech,GnRH+PGF2α,41,38.8,Carlos Melo,0.741,Nao_Prenha
CAP-0194,Joia,Caprino,Saanen,Linhagem B,2016-11-03,6.2,39.3,2,2,113,Sítio Riacho Seco,Catunda,2023-01-31,1,2023,1,Chuvosa,IATF,Anglo Nubiano,REP-012,Geneal,IATF 7 dias,83,23.6,Maria Souza,0.5778,Prenha
OVI-0283,Sofia,Ovino,Bergamácia,Linhagem A,2021-11-27,0.6,54.1,3,0,,Fazenda Boa Esperança,Independência,2022-07-17,7,2022,3,Seca,IA Convencional,Dorper,REP-008,CRV Lagoa,P4+BE+PGF,12,22.8,Roberto Neto,0.4264,Nao_Prenha
BOV-0473,Hera,Bovino,Nelore,Linhagem H,2018-02-11,4.4,469.5,3,0,,Fazenda Boa Esperança,Monsenhor Tabosa,2022-07-17,7,2022,3,Seca,IATF,Brahman,REP-021,Geneal,Select Synch,39,23.4,Ana Lima,0.8076,Prenha
OVI-0284,Serena,Ovino,Texel,Sem registro,2016-09-01,7.9,62.0,3,3,253,Fazenda Palmeira,Poranga,2024-07-12,7,2024,3,Seca,IATF,Ile de France,REP-027,Alta Genetics,Cosynch,36,36.9,Marcos Farias,0.6107,Prenha
OVI-0285,Cida,Ovino,Texel,Linhagem D,2020-07-06,2.5,36.5,4,1,85,Fazenda Bela Vista,Tamboril,2022-12-29,12,2022,4,Chuvosa,IATF,Suffolk,REP-078,Alta Genetics,Select Synch,5,39.4,Pedro Alves,0.3955,Nao_Prenha
CAP-0195,Orquídea,Caprino,Boer,Linhagem B,2019-12-01,3.1,54.9,2,1,196,Sítio Riacho Seco,Quiterianópolis,2023-01-18,1,2023,1,Chuvosa,IA Convencional,Alpino,REP-006,Geneal,Resynch,95,38.6,Roberto Neto,0.4438,Nao_Prenha
CAP-0196,Anita,Caprino,Saanen,Linhagem H,2017-02-15,6.4,51.0,4,3,239,Sítio Mandacaru,Quiterianópolis,2023-06-30,6,2023,2,Seca,IATF,Anglo Nubiano,REP-032,Grupo Nelore,Sem protocolo,19,28.1,Maria Souza,0.5831,Prenha
BOV-0474,Estrela,Bovino,Tabapuã,Linhagem G,2017-09-09,6.5,488.8,4,4,226,Fazenda Bela Vista,Monsenhor Tabosa,2024-03-11,3,2024,1,Chuvosa,IA Convencional,Brahman,REP-027,Sexing Tech,GnRH+PGF2α,102,21.8,Juliana Pinto,0.8322,Prenha
BOV-0475,Sofia,Bovino,Canchim,Linhagem E,2020-11-17,1.2,369.4,3,0,,Fazenda Poço Fundo,Quiterianópolis,2022-01-19,1,2022,1,Chuvosa,IA Convencional,Bonsmara,REP-009,Insitec,Sem protocolo,61,23.9,Pedro Alves,0.4018,Nao_Prenha
BOV-0476,Estrela,Bovino,Canchim,Linhagem H,2022-04-22,-0.3,485.8,4,0,,Fazenda Caatinga Verde,Ipaporanga,2022-01-08,1,2022,1,Chuvosa,IATF,Brahman,REP-025,Insitec,P4+BE+PGF,92,31.6,Carlos Melo,0.654,Prenha
BOV-0477,Palma,Bovino,Brahman,Linhagem F,2021-10-26,2.1,499.9,4,0,,Fazenda Caatinga Verde,Nova Russas,2023-12-05,12,2023,4,Chuvosa,IATF,Gir,REP-002,Insitec,P4+EB,53,24.4,Marcos Farias,0.77,Prenha
OVI-0286,Hera,Ovino,Morada Nova,Linhagem A,2016-02-10,7.7,67.9,5,1,234,Fazenda Caatinga Verde,Catunda,2023-11-01,11,2023,4,Chuvosa,IA Convencional,Santa Inês,REP-003,Insitec,P4+BE+PGF,22,39.1,Roberto Neto,0.5278,Prenha
BOV-0478,Orquídea,Bovino,Nelore,Sem registro,2016-01-03,7.1,424.7,4,4,151,Fazenda Palmeira,Monsenhor Tabosa,2023-01-25,1,2023,1,Chuvosa,IA Convencional,Brahman,REP-031,CRV Lagoa,GnRH+PGF2α,84,31.1,Carlos Melo,0.97,Prenha
BOV-0479,Eva,Bovino,Nelore,Sem registro,2016-02-22,6.1,293.8,3,3,236,Fazenda Boa Esperança,Monsenhor Tabosa,2022-04-07,4,2022,2,Chuvosa,IATF,Angus,REP-038,CRV Lagoa,Cosynch,18,31.0,Fernanda Costa,0.7535,Prenha
OVI-0287,Terra,Ovino,Somalis,Linhagem B,2020-11-04,3.7,53.6,4,2,39,Fazenda Boa Esperança,Crateús,2024-07-08,7,2024,3,Seca,IA Convencional,Santa Inês,REP-027,Geneal,P4+BE+PGF,88,20.6,Pedro Alves,0.6276,Nao_Prenha
BOV-0480,Orquídea,Bovino,Sindi,Linhagem C,2019-01-16,4.6,319.5,4,0,,Fazenda Poço Fundo,Monsenhor Tabosa,2023-08-29,8,2023,3,Seca,IA Convencional,Brahman,REP-039,CRV Lagoa,Select Synch,55,28.6,Roberto Neto,0.6346,Prenha
CAP-0197,Linda,Caprino,Toggenburg,Linhagem A,2021-05-10,1.4,56.4,3,0,,Fazenda Caatinga Verde,Ararendá,2022-10-08,10,2022,4,Seca,IA Convencional,Toggenburg,REP-034,Geneal,Cosynch,20,31.4,Ana Lima,0.4375,Nao_Prenha
BOV-0481,Cida,Bovino,Guzerá,Linhagem G,2019-03-27,4.6,346.9,4,1,79,Sítio Boa Sorte,Crateús,2023-10-29,10,2023,4,Seca,IATF,Simmental,REP-011,Alta Genetics,Cosynch,113,36.1,Marcos Farias,0.597,Prenha
OVI-0288,Serena,Ovino,Texel,Sem registro,2016-01-14,7.4,60.3,5,0,,Sítio Riacho Seco,Independência,2023-05-26,5,2023,2,Seca,IATF,Dorper,REP-035,Grupo Nelore,Resynch,96,35.1,Pedro Alves,0.5401,Nao_Prenha
OVI-0289,Beleza,Ovino,Morada Nova,Linhagem F,2022-03-19,1.6,57.1,3,0,,Sítio Três Irmãos,Catunda,2023-10-28,10,2023,4,Seca,IA Convencional,Dorper,REP-063,Sexing Tech,P4+BE+PGF,22,33.7,Maria Souza,0.5641,Nao_Prenha
OVI-0290,Serena,Ovino,Somalis,Linhagem H,2020-01-27,3.7,43.1,4,1,271,Fazenda Caatinga Verde,Ararendá,2023-09-24,9,2023,3,Seca,IATF,Santa Inês,REP-038,CRV Lagoa,Ovsynch,34,34.8,Fernanda Costa,0.8053,Prenha
OVI-0291,Palma,Ovino,Dorper,Linhagem B,2018-03-27,5.2,40.7,3,3,291,Sítio São Francisco,Quiterianópolis,2023-06-17,6,2023,2,Seca,IATF,Ile de France,REP-009,Próprio,Select Synch,73,18.7,Maria Souza,0.8247,Nao_Prenha
CAP-0198,Linda,Caprino,Boer,Linhagem E,2016-06-02,8.5,47.8,3,4,64,Sítio São Francisco,Crateús,2024-11-16,11,2024,4,Chuvosa,IA Convencional,Alpino,REP-072,Geneal,Resynch,50,35.5,Marcos Farias,0.7417,Prenha
BOV-0482,Joia,Bovino,Sindi,Linhagem B,2017-05-15,7.1,378.0,4,2,145,Fazenda Palmeira,Poranga,2024-06-30,6,2024,2,Seca,IATF,Gir,REP-046,Geneal,GnRH+PGF2α,66,35.9,João Silva,0.7954,Prenha
BOV-0483,Rita,Bovino,Girolando,Linhagem E,2020-12-18,3.2,522.7,4,0,,Sítio Mandacaru,Poranga,2024-02-15,2,2024,1,Chuvosa,IA Convencional,Simmental,REP-049,Próprio,Sem protocolo,44,22.9,Pedro Alves,0.6174,Prenha
CAP-0199,Serena,Caprino,Anglo Nubiana,Linhagem H,2016-04-28,5.9,47.7,4,3,146,Sítio Três Irmãos,Ipaporanga,2022-03-17,3,2022,1,Chuvosa,IATF,Anglo Nubiano,REP-077,Geneal,Ovsynch,78,18.4,Fernanda Costa,0.97,Prenha
BOV-0484,Viola,Bovino,Canchim,Linhagem C,2021-10-17,1.9,391.2,3,0,,Sítio Boa Sorte,Catunda,2023-09-02,9,2023,3,Seca,IA Convencional,Simmental,REP-067,Próprio,Sem protocolo,110,35.1,Fernanda Costa,0.6098,Nao_Prenha
BOV-0485,Graça,Bovino,Canchim,Linhagem B,2016-10-19,7.7,441.6,4,5,67,Sítio Mandacaru,Ararendá,2024-06-22,6,2024,2,Seca,IATF,Bonsmara,REP-060,CRV Lagoa,Cosynch,109,21.0,Marcos Farias,0.8302,Nao_Prenha
BOV-0486,Chuva,Bovino,Brahman,Linhagem H,2017-02-09,6.4,428.9,5,4,230,Sítio São Francisco,Catunda,2023-06-29,6,2023,2,Seca,IATF,Gir,REP-044,Insitec,P4+EB,71,20.3,Ana Lima,0.8286,Nao_Prenha
BOV-0487,Aurora,Bovino,Gir,Linhagem G,2018-10-03,6.0,563.6,3,0,,Sítio Três Irmãos,Ararendá,2024-10-03,10,2024,4,Seca,IATF,Brahman,REP-074,CRV Lagoa,Ovsynch,118,36.1,Juliana Pinto,0.7643,Prenha
BOV-0488,Nuvem,Bovino,Gir,Linhagem A,2018-06-24,5.6,528.7,3,4,40,Fazenda Bela Vista,Quiterianópolis,2024-02-05,2,2024,1,Chuvosa,IA Convencional,Bonsmara,REP-016,CRV Lagoa,Cosynch,101,33.9,Fernanda Costa,0.8287,Prenha
BOV-0489,Pétala,Bovino,Canchim,Linhagem F,2021-12-21,0.7,320.3,5,0,,Fazenda Boa Esperança,Catunda,2022-09-15,9,2022,3,Seca,IA Convencional,Brahman,REP-069,Insitec,Sem protocolo,20,23.4,João Silva,0.3689,Prenha
BOV-0490,Fada,Bovino,Canchim,Linhagem F,2019-05-11,3.8,400.1,5,2,284,Sítio Três Irmãos,Tamboril,2023-03-11,3,2023,1,Chuvosa,IA Convencional,Angus,REP-066,Próprio,Resynch,31,26.3,Pedro Alves,0.7074,Prenha
BOV-0491,Pétala,Bovino,Guzerá,Sem registro,2016-09-04,5.4,376.5,5,3,76,Sítio Três Irmãos,Monsenhor Tabosa,2022-01-15,1,2022,1,Chuvosa,IA Convencional,Simmental,REP-049,Alta Genetics,Cosynch,51,31.9,Luciana Reis,0.6672,Nao_Prenha
BOV-0492,Glória,Bovino,Tabapuã,Sem registro,2019-04-03,4.1,464.0,4,2,152,Fazenda Palmeira,Poranga,2023-05-20,5,2023,2,Seca,IA Convencional,Bonsmara,REP-049,Geneal,Ovsynch,65,28.7,João Silva,0.97,Prenha
BOV-0493,Joia,Bovino,Tabapuã,Linhagem F,2021-11-04,0.6,356.5,2,0,,Sítio Boa Sorte,Tamboril,2022-06-18,6,2022,2,Seca,IA Convencional,Senepol,REP-069,Insitec,Resynch,14,18.8,Juliana Pinto,0.1269,Nao_Prenha
CAP-0200,Bonita,Caprino,Saanen,Linhagem E,2018-02-12,3.9,64.3,1,0,,Sítio Três Irmãos,Nova Russas,2022-01-03,1,2022,1,Chuvosa,IA Convencional,Toggenburg,REP-035,Geneal,Select Synch,67,27.2,Pedro Alves,0.2711,Nao_Prenha
OVI-0292,Beleza,Ovino,Somalis,Linhagem H,2018-05-15,3.8,56.7,2,1,235,Fazenda Bela Vista,Independência,2022-02-14,2,2022,1,Chuvosa,IATF,Suffolk,REP-069,Insitec,Sem protocolo,38,33.3,João Silva,0.6752,Nao_Prenha
CAP-0201,Duna,Caprino,Repartida,Linhagem B,2017-04-03,6.1,47.9,5,1,281,Fazenda Palmeira,Catunda,2023-05-01,5,2023,2,Seca,IATF,Saanen,REP-014,Insitec,P4+BE+PGF,20,28.0,João Silva,0.6275,Nao_Prenha
CAP-0202,Bonita,Caprino,Saanen,Linhagem D,2018-04-11,5.4,46.6,4,0,,Sítio Boa Sorte,Catunda,2023-09-17,9,2023,3,Seca,IATF,Alpino,REP-030,Alta Genetics,Resynch,69,28.9,Luciana Reis,0.668,Prenha
BOV-0494,Orquídea,Bovino,Gir,Linhagem A,2016-02-04,6.0,337.9,4,3,41,Fazenda Caatinga Verde,Independência,2022-01-26,1,2022,1,Chuvosa,IA Convencional,Brahman,REP-034,CRV Lagoa,Sem protocolo,28,30.0,Pedro Alves,0.6455,Nao_Prenha
BOV-0495,Aurora,Bovino,Canchim,Linhagem D,2016-05-22,7.6,320.2,3,2,63,Sítio Três Irmãos,Poranga,2023-12-31,12,2023,4,Chuvosa,IA Convencional,Gir,REP-021,Sexing Tech,IATF 7 dias,7,19.2,Juliana Pinto,0.6371,Prenha
BOV-0496,Rita,Bovino,Girolando,Sem registro,2019-06-21,3.1,505.2,4,1,44,Fazenda Poço Fundo,Nova Russas,2022-07-22,7,2022,3,Seca,IATF,Angus,REP-027,Alta Genetics,Ovsynch,80,34.1,Luciana Reis,0.7495,Prenha
CAP-0203,Amora,Caprino,Toggenburg,Linhagem E,2017-08-13,5.4,37.8,5,1,118,Fazenda Boa Esperança,Tamboril,2023-01-15,1,2023,1,Chuvosa,IATF,Anglo Nubiano,REP-049,Grupo Nelore,P4+EB,58,20.2,Juliana Pinto,0.6598,Prenha
BOV-0497,Cida,Bovino,Girolando,Linhagem F,2020-06-23,4.0,560.3,3,0,,Fazenda Bela Vista,Ipaporanga,2024-07-07,7,2024,3,Seca,IATF,Nelore,REP-026,Geneal,P4+BE+PGF,9,31.1,Roberto Neto,0.5386,Prenha
BOV-0498,Beleza,Bovino,Gir,Linhagem A,2016-05-02,6.0,353.0,3,4,36,Sítio Três Irmãos,Tamboril,2022-05-03,5,2022,2,Seca,IATF,Gir,REP-058,Alta Genetics,Resynch,8,35.6,Juliana Pinto,0.4881,Nao_Prenha
OVI-0293,Viola,Ovino,Bergamácia,Linhagem B,2021-04-19,1.1,53.3,3,0,,Sítio Três Irmãos,Ararendá,2022-06-04,6,2022,2,Seca,IA Convencional,Suffolk,REP-073,Alta Genetics,P4+BE+PGF,107,36.1,Carlos Melo,0.4087,Nao_Prenha
BOV-0499,Rosa,Bovino,Tabapuã,Sem registro,2019-06-08,3.9,575.0,3,0,,Fazenda Bela Vista,Ipaporanga,2023-05-17,5,2023,2,Seca,IATF,Nelore,REP-002,Alta Genetics,Sem protocolo,102,24.6,Pedro Alves,0.7462,Prenha
BOV-0500,Estrela,Bovino,Canchim,Linhagem C,2019-01-17,4.7,532.8,5,3,41,Sítio Três Irmãos,Tamboril,2023-09-17,9,2023,3,Seca,IA Convencional,Senepol,REP-061,Geneal,Sem protocolo,31,32.8,Fernanda Costa,0.6299,Nao_Prenha
OVI-0294,Amora,Ovino,Bergamácia,Linhagem B,2022-04-01,-0.1,43.6,3,0,,Fazenda Bela Vista,Ipaporanga,2022-02-19,2,2022,1,Chuvosa,IA Convencional,Dorper,REP-074,Próprio,P4+EB,79,29.9,Roberto Neto,0.3911,Nao_Prenha
CAP-0204,Íris,Caprino,Repartida,Sem registro,2020-10-26,3.4,55.1,4,1,160,Sítio São Francisco,Ararendá,2024-04-08,4,2024,2,Chuvosa,IATF,Saanen,REP-008,CRV Lagoa,Ovsynch,66,30.2,Roberto Neto,0.8745,Prenha
BOV-0501,Rosa,Bovino,Brahman,Sem registro,2016-04-06,8.6,526.3,4,1,86,Fazenda Bela Vista,Ipaporanga,2024-11-12,11,2024,4,Chuvosa,IA Convencional,Gir,REP-039,CRV Lagoa,Sem protocolo,78,18.7,Juliana Pinto,0.7028,Nao_Prenha
CAP-0205,Lua,Caprino,Repartida,Linhagem C,2020-05-28,2.3,57.1,5,0,,Fazenda Boa Esperança,Catunda,2022-09-19,9,2022,3,Seca,IA Convencional,Boer,REP-016,Alta Genetics,Resynch,74,23.9,Carlos Melo,0.5965,Prenha
BOV-0502,Joia,Bovino,Girolando,Linhagem D,2017-08-29,4.4,579.4,3,2,281,Sítio Boa Sorte,Crateús,2022-01-20,1,2022,1,Chuvosa,IATF,Nelore,REP-028,CRV Lagoa,Sem protocolo,92,38.7,João Silva,0.8125,Prenha
CAP-0206,Hera,Caprino,Moxotó,Sem registro,2021-01-31,2.3,50.7,1,0,,Sítio Mandacaru,Ipaporanga,2023-05-06,5,2023,2,Seca,IA Convencional,Anglo Nubiano,REP-073,Insitec,P4+EB,20,23.5,João Silva,0.3481,Nao_Prenha
BOV-0503,Sara,Bovino,Canchim,Sem registro,2018-04-05,6.3,494.9,2,0,,Sítio Três Irmãos,Catunda,2024-07-24,7,2024,3,Seca,IA Convencional,Bonsmara,REP-062,Sexing Tech,Select Synch,74,35.5,Carlos Melo,0.4305,Nao_Prenha
CAP-0207,Viola,Caprino,Saanen,Linhagem H,2019-02-09,4.1,32.4,2,0,,Sítio Boa Sorte,Ipaporanga,2023-03-25,3,2023,1,Chuvosa,IA Convencional,Toggenburg,REP-048,Próprio,GnRH+PGF2α,62,19.8,Marcos Farias,0.2161,Nao_Prenha
BOV-0504,Amora,Bovino,Brahman,Linhagem A,2017-09-06,4.4,357.9,5,0,,Fazenda Poço Fundo,Quiterianópolis,2022-02-07,2,2022,1,Chuvosa,IA Convencional,Bonsmara,REP-058,Sexing Tech,IATF 7 dias,13,26.0,Ana Lima,0.5541,Prenha
OVI-0295,Sofia,Ovino,Texel,Linhagem C,2020-07-14,3.9,62.8,2,2,100,Sítio Três Irmãos,Catunda,2024-06-03,6,2024,2,Seca,IA Convencional,Dorper,REP-018,Próprio,Select Synch,39,37.4,Pedro Alves,0.4362,Nao_Prenha
OVI-0296,Terra,Ovino,Texel,Linhagem D,2016-01-05,6.8,33.4,3,0,,Sítio São Francisco,Monsenhor Tabosa,2022-11-02,11,2022,4,Chuvosa,IA Convencional,Dorper,REP-053,Sexing Tech,Resynch,68,23.8,Pedro Alves,0.5338,Nao_Prenha
BOV-0505,Terra,Bovino,Gir,Linhagem A,2016-12-23,5.9,448.0,3,2,84,Sítio Boa Sorte,Monsenhor Tabosa,2022-11-23,11,2022,4,Chuvosa,IA Convencional,Senepol,REP-037,Próprio,Ovsynch,75,20.6,Maria Souza,0.97,Prenha
BOV-0506,Palma,Bovino,Nelore,Linhagem B,2017-12-09,5.3,407.9,1,0,,Sítio Três Irmãos,Crateús,2023-03-25,3,2023,1,Chuvosa,IATF,Brahman,REP-023,Alta Genetics,Resynch,21,30.4,Pedro Alves,0.2415,Nao_Prenha
BOV-0507,Aurora,Bovino,Sindi,Linhagem C,2017-05-27,4.8,494.6,1,3,252,Fazenda Boa Esperança,Nova Russas,2022-03-02,3,2022,1,Chuvosa,IA Convencional,Simmental,REP-019,Geneal,P4+BE+PGF,101,25.2,Carlos Melo,0.4072,Nao_Prenha
CAP-0208,Amora,Caprino,Anglo Nubiana,Linhagem D,2020-04-17,1.8,31.3,3,0,,Fazenda Bela Vista,Nova Russas,2022-02-21,2,2022,1,Chuvosa,IATF,Alpino,REP-045,Grupo Nelore,Resynch,68,33.8,Carlos Melo,0.7133,Prenha
BOV-0508,Beleza,Bovino,Canchim,Linhagem C,2017-02-19,5.6,565.8,3,0,,Fazenda Poço Fundo,Independência,2022-09-16,9,2022,3,Seca,IA Convencional,Bonsmara,REP-036,CRV Lagoa,Sem protocolo,70,26.6,Roberto Neto,0.6039,Nao_Prenha
BOV-0509,Cida,Bovino,Sindi,Sem registro,2020-12-15,3.9,467.1,4,0,,Fazenda Boa Esperança,Crateús,2024-11-11,11,2024,4,Chuvosa,IA Convencional,Senepol,REP-014,Insitec,Sem protocolo,89,21.5,Ana Lima,0.6988,Nao_Prenha
CAP-0209,Fada,Caprino,Repartida,Linhagem B,2018-08-21,5.1,58.0,3,2,244,Sítio Três Irmãos,Independência,2023-10-04,10,2023,4,Seca,IA Convencional,Saanen,REP-044,Insitec,Ovsynch,117,34.3,Marcos Farias,0.761,Nao_Prenha
OVI-0297,Duna,Ovino,Dorper,Linhagem D,2017-11-01,6.2,65.8,1,3,171,Sítio Mandacaru,Ararendá,2024-01-01,1,2024,1,Chuvosa,IA Convencional,Ile de France,REP-070,Grupo Nelore,GnRH+PGF2α,107,24.2,Maria Souza,0.5053,Prenha
OVI-0298,Orquídea,Ovino,Dorper,Linhagem A,2019-06-10,3.8,65.9,4,2,121,Fazenda Poço Fundo,Catunda,2023-04-07,4,2023,2,Chuvosa,IATF,Ile de France,REP-052,Geneal,Sem protocolo,97,19.4,Carlos Melo,0.7291,Nao_Prenha
BOV-0510,Brisa,Bovino,Girolando,Sem registro,2017-02-16,5.1,328.3,5,2,130,Fazenda Boa Esperança,Ipaporanga,2022-03-31,3,2022,1,Chuvosa,IA Convencional,Nelore,REP-007,Sexing Tech,Cosynch,89,34.5,Pedro Alves,0.6673,Prenha
BOV-0511,Viola,Bovino,Nelore,Linhagem B,2020-04-26,2.0,328.9,5,0,,Sítio Mandacaru,Crateús,2022-04-19,4,2022,2,Chuvosa,IATF,Angus,REP-012,Insitec,Sem protocolo,18,31.1,Juliana Pinto,0.4529,Prenha
BOV-0512,Amora,Bovino,Brahman,Linhagem C,2021-04-28,1.3,505.1,4,0,,Sítio Três Irmãos,Quiterianópolis,2022-08-28,8,2022,3,Seca,IATF,Nelore,REP-046,Próprio,P4+EB,80,36.1,Roberto Neto,0.6532,Prenha
BOV-0513,Palma,Bovino,Guzerá,Linhagem C,2021-11-15,2.0,468.6,2,0,,Fazenda Boa Esperança,Ararendá,2023-11-05,11,2023,4,Chuvosa,IATF,Nelore,REP-072,Grupo Nelore,GnRH+PGF2α,48,22.9,Pedro Alves,0.4319,Nao_Prenha
BOV-0514,Fada,Bovino,Brahman,Linhagem C,2021-03-31,1.1,313.6,3,0,,Sítio Riacho Seco,Independência,2022-04-26,4,2022,2,Chuvosa,IATF,Gir,REP-026,Próprio,Sem protocolo,8,30.2,Maria Souza,0.4895,Prenha
BOV-0515,Chuva,Bovino,Canchim,Linhagem G,2018-07-17,3.7,447.9,2,0,,Sítio Boa Sorte,Monsenhor Tabosa,2022-03-24,3,2022,1,Chuvosa,IATF,Gir,REP-065,CRV Lagoa,Select Synch,28,35.6,João Silva,0.5681,Prenha
BOV-0516,Terra,Bovino,Brahman,Linhagem G,2018-03-06,4.6,569.2,3,0,,Fazenda Palmeira,Monsenhor Tabosa,2022-10-04,10,2022,4,Seca,IA Convencional,Gir,REP-034,Geneal,P4+BE+PGF,55,30.9,Juliana Pinto,0.7191,Prenha
BOV-0517,Linda,Bovino,Guzerá,Linhagem B,2017-04-29,6.1,504.6,5,1,75,Fazenda Bela Vista,Quiterianópolis,2023-05-19,5,2023,2,Seca,IA Convencional,Bonsmara,REP-001,Geneal,IATF 7 dias,46,19.2,Roberto Neto,0.7312,Prenha
BOV-0518,Anita,Bovino,Sindi,Linhagem E,2018-11-22,4.0,343.6,4,0,,Fazenda Caatinga Verde,Catunda,2022-11-17,11,2022,4,Chuvosa,IATF,Senepol,REP-065,CRV Lagoa,Ovsynch,84,29.8,Juliana Pinto,0.8019,Prenha
BOV-0519,Flor,Bovino,Brahman,Linhagem D,2016-03-04,7.6,324.2,3,0,,Fazenda Caatinga Verde,Quiterianópolis,2023-10-10,10,2023,4,Seca,IA Convencional,Nelore,REP-030,Próprio,P4+BE+PGF,53,28.5,Marcos Farias,0.5763,Prenha
OVI-0299,Aurora,Ovino,Santa Inês,Linhagem B,2016-01-13,7.8,69.9,3,3,245,Sítio Mandacaru,Quiterianópolis,2023-10-30,10,2023,4,Seca,IATF,Santa Inês,REP-041,Geneal,Select Synch,38,34.9,Luciana Reis,0.7983,Prenha
CAP-0210,Fada,Caprino,Boer,Linhagem F,2022-02-14,0.3,40.2,2,0,,Sítio Três Irmãos,Monsenhor Tabosa,2022-06-06,6,2022,2,Seca,IATF,Toggenburg,REP-034,Alta Genetics,Select Synch,80,26.2,Luciana Reis,0.4359,Nao_Prenha
OVI-0300,Palma,Ovino,Bergamácia,Linhagem C,2017-10-20,5.5,32.8,3,2,252,Sítio Riacho Seco,Ararendá,2023-04-11,4,2023,2,Chuvosa,IA Convencional,Suffolk,REP-005,Sexing Tech,P4+BE+PGF,102,34.2,Carlos Melo,0.529,Prenha
CAP-0211,Palma,Caprino,Boer,Linhagem E,2017-05-16,6.7,55.9,4,5,147,Sítio Riacho Seco,Monsenhor Tabosa,2024-01-11,1,2024,1,Chuvosa,IA Convencional,Saanen,REP-030,Grupo Nelore,GnRH+PGF2α,66,32.6,Ana Lima,0.7742,Nao_Prenha
CAP-0212,Terra,Caprino,Moxotó,Linhagem C,2016-10-25,6.9,54.1,4,3,55,Fazenda Palmeira,Quiterianópolis,2023-09-10,9,2023,3,Seca,IA Convencional,Saanen,REP-058,Alta Genetics,P4+BE+PGF,25,30.4,Carlos Melo,0.7958,Prenha
BOV-0520,Fada,Bovino,Tabapuã,Linhagem G,2016-02-12,8.4,342.1,4,0,,Fazenda Palmeira,Quiterianópolis,2024-07-01,7,2024,3,Seca,IATF,Bonsmara,REP-054,Próprio,Cosynch,115,36.4,Fernanda Costa,0.4726,Prenha
BOV-0521,Anita,Bovino,Canchim,Linhagem A,2020-11-01,4.0,295.6,5,2,45,Sítio São Francisco,Independência,2024-10-29,10,2024,4,Seca,IATF,Simmental,REP-043,Insitec,Sem protocolo,107,23.8,Roberto Neto,0.6266,Prenha
BOV-0522,Anita,Bovino,Brahman,Linhagem G,2017-08-16,7.0,405.4,2,2,260,Sítio Boa Sorte,Quiterianópolis,2024-08-29,8,2024,3,Seca,IA Convencional,Simmental,REP-008,Próprio,Cosynch,59,38.9,Fernanda Costa,0.5918,Prenha
CAP-0213,Sara,Caprino,Toggenburg,Linhagem D,2019-10-20,4.1,44.1,2,2,44,Fazenda Bela Vista,Ararendá,2023-12-07,12,2023,4,Chuvosa,IATF,Boer,REP-052,Próprio,Ovsynch,35,36.3,Carlos Melo,0.2573,Prenha
BOV-0523,Graça,Bovino,Gir,Sem registro,2021-05-28,1.2,302.5,4,0,,Sítio Riacho Seco,Ipaporanga,2022-07-31,7,2022,3,Seca,IA Convencional,Senepol,REP-022,CRV Lagoa,GnRH+PGF2α,88,37.5,Juliana Pinto,0.5494,Prenha
CAP-0214,Eva,Caprino,Toggenburg,Linhagem C,2017-04-12,6.3,43.0,4,0,,Fazenda Boa Esperança,Tamboril,2023-08-15,8,2023,3,Seca,IA Convencional,Alpino,REP-024,CRV Lagoa,Sem protocolo,52,21.9,Roberto Neto,0.4968,Nao_Prenha
CAP-0215,Mimosa,Caprino,Saanen,Linhagem B,2017-01-26,6.4,37.9,4,0,,Fazenda Boa Esperança,Tamboril,2023-06-30,6,2023,2,Seca,IA Convencional,Toggenburg,REP-052,Alta Genetics,Resynch,59,30.0,Luciana Reis,0.3276,Nao_Prenha
BOV-0524,Chuva,Bovino,Sindi,Linhagem C,2016-02-14,6.1,339.5,3,3,123,Sítio Três Irmãos,Ararendá,2022-03-09,3,2022,1,Chuvosa,IA Convencional,Simmental,REP-073,Sexing Tech,Cosynch,37,38.2,Juliana Pinto,0.626,Prenha
OVI-0301,Bonita,Ovino,Dorper,Linhagem G,2020-06-16,3.4,38.7,3,1,85,Sítio Riacho Seco,Independência,2023-10-28,10,2023,4,Seca,IATF,Santa Inês,REP-024,Grupo Nelore,Ovsynch,94,31.3,Ana Lima,0.7551,Prenha
OVI-0302,Glória,Ovino,Bergamácia,Linhagem G,2018-06-29,5.5,44.8,4,3,60,Sítio Boa Sorte,Independência,2023-12-14,12,2023,4,Chuvosa,IA Convencional,Santa Inês,REP-022,Grupo Nelore,P4+BE+PGF,21,36.3,Luciana Reis,0.4791,Nao_Prenha
OVI-0303,Eva,Ovino,Bergamácia,Linhagem H,2016-04-05,8.3,53.7,4,2,31,Fazenda Bela Vista,Crateús,2024-07-16,7,2024,3,Seca,IA Convencional,Santa Inês,REP-002,Próprio,P4+EB,58,34.5,Roberto Neto,0.5267,Nao_Prenha
CAP-0216,Íris,Caprino,Saanen,Linhagem D,2016-07-09,6.4,61.5,4,2,151,Fazenda Boa Esperança,Poranga,2022-12-06,12,2022,4,Chuvosa,IA Convencional,Anglo Nubiano,REP-023,Alta Genetics,Sem protocolo,84,18.7,Marcos Farias,0.7363,Prenha
CAP-0217,Pétala,Caprino,Anglo Nubiana,Linhagem E,2020-01-04,2.4,58.0,5,0,,Sítio São Francisco,Monsenhor Tabosa,2022-05-18,5,2022,2,Seca,IA Convencional,Boer,REP-043,Insitec,Sem protocolo,49,36.8,Maria Souza,0.57,Prenha
BOV-0525,Viola,Bovino,Brahman,Linhagem C,2022-03-20,1.4,338.1,4,0,,Sítio Mandacaru,Quiterianópolis,2023-08-07,8,2023,3,Seca,IATF,Simmental,REP-001,Insitec,Ovsynch,117,21.6,Roberto Neto,0.6327,Prenha
OVI-0304,Dalila,Ovino,Dorper,Linhagem A,2017-06-01,6.1,39.0,4,3,200,Sítio Mandacaru,Independência,2023-07-06,7,2023,3,Seca,IA Convencional,Santa Inês,REP-016,Alta Genetics,Sem protocolo,101,31.2,Juliana Pinto,0.768,Nao_Prenha
BOV-0526,Flor,Bovino,Sindi,Linhagem F,2021-05-24,3.2,391.5,3,0,,Sítio São Francisco,Ararendá,2024-07-30,7,2024,3,Seca,IA Convencional,Simmental,REP-080,Insitec,Sem protocolo,54,22.0,Maria Souza,0.5829,Prenha
OVI-0305,Brisa,Ovino,Morada Nova,Linhagem C,2021-05-26,2.7,37.5,3,1,272,Fazenda Poço Fundo,Ipaporanga,2024-02-02,2,2024,1,Chuvosa,IATF,Suffolk,REP-004,Grupo Nelore,IATF 7 dias,45,21.3,Roberto Neto,0.6638,Prenha
CAP-0218,Orquídea,Caprino,Moxotó,Linhagem B,2016-04-18,5.7,33.9,4,4,167,Fazenda Bela Vista,Ipaporanga,2022-01-10,1,2022,1,Chuvosa,IA Convencional,Alpino,REP-046,Próprio,Cosynch,45,37.2,João Silva,0.8498,Prenha
BOV-0527,Fada,Bovino,Sindi,Linhagem F,2017-02-15,5.5,479.9,2,3,278,Sítio Mandacaru,Independência,2022-08-04,8,2022,3,Seca,IATF,Angus,REP-033,Insitec,Resynch,80,28.1,Carlos Melo,0.584,Prenha
BOV-0528,Cida,Bovino,Guzerá,Sem registro,2018-08-25,4.8,559.5,4,1,33,Fazenda Poço Fundo,Ararendá,2023-06-05,6,2023,2,Seca,IA Convencional,Bonsmara,REP-074,Alta Genetics,P4+EB,43,35.0,Luciana Reis,0.7816,Prenha
CAP-0219,Linda,Caprino,Toggenburg,Linhagem H,2019-12-22,2.6,62.9,3,1,178,Sítio Boa Sorte,Catunda,2022-07-15,7,2022,3,Seca,IATF,Alpino,REP-025,Insitec,Select Synch,60,24.0,Fernanda Costa,0.7826,Nao_Prenha
BOV-0529,Linda,Bovino,Tabapuã,Linhagem F,2021-05-11,1.4,331.6,4,0,,Fazenda Caatinga Verde,Tamboril,2022-10-04,10,2022,4,Seca,IATF,Senepol,REP-048,CRV Lagoa,Sem protocolo,55,28.6,Pedro Alves,0.6544,Prenha
BOV-0530,Brisa,Bovino,Guzerá,Linhagem D,2021-12-24,1.0,518.7,5,0,,Fazenda Palmeira,Quiterianópolis,2023-01-11,1,2023,1,Chuvosa,IA Convencional,Bonsmara,REP-076,Insitec,Ovsynch,26,34.7,Luciana Reis,0.5657,Nao_Prenha
OVI-0306,Aurora,Ovino,Morada Nova,Linhagem C,2017-11-25,5.0,35.7,4,1,35,Sítio Riacho Seco,Crateús,2022-11-29,11,2022,4,Chuvosa,IA Convencional,Texel,REP-053,Geneal,Ovsynch,105,18.3,Roberto Neto,0.5027,Prenha
CAP-0220,Eva,Caprino,Saanen,Linhagem D,2020-10-28,2.3,45.7,3,0,,Sítio Três Irmãos,Poranga,2023-02-02,2,2023,1,Chuvosa,IATF,Anglo Nubiano,REP-032,Sexing Tech,P4+EB,7,33.8,Maria Souza,0.634,Prenha
BOV-0531,Íris,Bovino,Gir,Linhagem A,2019-05-05,5.3,564.9,3,0,,Sítio Riacho Seco,Ararendá,2024-08-07,8,2024,3,Seca,IA Convencional,Nelore,REP-042,Geneal,Ovsynch,93,19.0,Marcos Farias,0.5782,Nao_Prenha
CAP-0221,Serena,Caprino,Repartida,Sem registro,2021-04-25,3.1,42.5,3,1,35,Sítio São Francisco,Nova Russas,2024-06-11,6,2024,2,Seca,IATF,Boer,REP-012,Geneal,Ovsynch,6,30.6,Luciana Reis,0.5165,Nao_Prenha
CAP-0222,Dalila,Caprino,Repartida,Sem registro,2018-04-22,4.8,32.2,4,2,174,Sítio São Francisco,Ipaporanga,2023-02-10,2,2023,1,Chuvosa,IA Convencional,Toggenburg,REP-045,Sexing Tech,Ovsynch,96,20.0,Carlos Melo,0.7619,Prenha
BOV-0532,Glória,Bovino,Canchim,Linhagem A,2021-11-13,2.2,548.3,4,0,,Fazenda Bela Vista,Poranga,2024-01-12,1,2024,1,Chuvosa,IA Convencional,Gir,REP-036,Geneal,IATF 7 dias,114,33.2,Juliana Pinto,0.7755,Prenha
CAP-0223,Brisa,Caprino,Anglo Nubiana,Linhagem D,2021-09-26,2.7,58.9,4,0,,Fazenda Caatinga Verde,Catunda,2024-06-22,6,2024,2,Seca,IATF,Anglo Nubiano,REP-057,Sexing Tech,Ovsynch,27,24.6,João Silva,0.7527,Prenha
BOV-0533,Duna,Bovino,Brahman,Linhagem C,2020-10-20,3.1,527.2,4,1,35,Sítio São Francisco,Quiterianópolis,2023-11-18,11,2023,4,Chuvosa,IA Convencional,Simmental,REP-054,Grupo Nelore,Sem protocolo,26,25.9,Marcos Farias,0.5201,Prenha
BOV-0534,Lua,Bovino,Sindi,Linhagem C,2021-10-13,2.7,475.9,5,0,,Sítio Riacho Seco,Nova Russas,2024-06-07,6,2024,2,Seca,IATF,Nelore,REP-012,Geneal,Sem protocolo,81,25.5,Fernanda Costa,0.6585,Prenha
CAP-0224,Bonita,Caprino,Moxotó,Linhagem H,2018-06-21,6.2,37.7,3,2,280,Sítio São Francisco,Ararendá,2024-09-03,9,2024,3,Seca,IA Convencional,Anglo Nubiano,REP-067,Sexing Tech,IATF 7 dias,113,32.2,Maria Souza,0.9166,Prenha
BOV-0535,Glória,Bovino,Guzerá,Linhagem E,2016-12-03,7.6,356.9,3,3,97,Sítio Três Irmãos,Monsenhor Tabosa,2024-07-13,7,2024,3,Seca,IATF,Gir,REP-012,Grupo Nelore,Select Synch,91,37.3,Roberto Neto,0.6636,Prenha
CAP-0225,Graça,Caprino,Canindé,Linhagem D,2021-01-28,3.6,49.3,2,2,187,Fazenda Boa Esperança,Nova Russas,2024-08-31,8,2024,3,Seca,IA Convencional,Boer,REP-047,Geneal,P4+BE+PGF,47,18.9,Marcos Farias,0.5043,Prenha
CAP-0226,Orquídea,Caprino,Toggenburg,Linhagem B,2018-10-12,5.7,49.9,3,0,,Fazenda Poço Fundo,Ararendá,2024-06-28,6,2024,2,Seca,IA Convencional,Toggenburg,REP-071,Alta Genetics,P4+EB,55,28.6,Ana Lima,0.605,Nao_Prenha
BOV-0536,Sofia,Bovino,Canchim,Sem registro,2016-11-28,5.2,474.1,4,1,287,Sítio Riacho Seco,Tamboril,2022-02-03,2,2022,1,Chuvosa,IATF,Simmental,REP-027,Sexing Tech,P4+BE+PGF,102,25.2,João Silva,0.908,Prenha
OVI-0307,Viola,Ovino,Santa Inês,Linhagem G,2021-05-26,2.8,66.3,4,0,,Fazenda Bela Vista,Ipaporanga,2024-03-29,3,2024,1,Chuvosa,IA Convencional,Texel,REP-008,Sexing Tech,Ovsynch,113,32.8,Juliana Pinto,0.768,Prenha
BOV-0537,Nina,Bovino,Tabapuã,Linhagem C,2016-05-01,8.0,336.0,2,0,,Sítio São Francisco,Poranga,2024-04-13,4,2024,2,Chuvosa,IATF,Angus,REP-066,Insitec,Resynch,56,34.8,João Silva,0.3153,Nao_Prenha
OVI-0308,Cida,Ovino,Santa Inês,Linhagem E,2017-10-16,7.0,38.6,4,1,149,Fazenda Caatinga Verde,Poranga,2024-10-01,10,2024,4,Seca,IA Convencional,Ile de France,REP-022,Geneal,P4+BE+PGF,64,20.0,Marcos Farias,0.7386,Prenha
OVI-0309,Pétala,Ovino,Dorper,Sem registro,2016-12-22,6.4,61.5,4,0,,Sítio Riacho Seco,Crateús,2023-05-02,5,2023,2,Seca,IATF,Texel,REP-077,Alta Genetics,P4+BE+PGF,19,24.2,Juliana Pinto,0.6584,Prenha
CAP-0227,Nina,Caprino,Toggenburg,Linhagem G,2018-02-16,3.9,64.9,4,1,148,Fazenda Bela Vista,Ipaporanga,2022-01-05,1,2022,1,Chuvosa,IA Convencional,Saanen,REP-069,CRV Lagoa,P4+EB,76,38.1,Ana Lima,0.6524,Prenha
OVI-0310,Sofia,Ovino,Dorper,Linhagem F,2018-06-27,4.2,56.9,4,0,,Fazenda Palmeira,Ipaporanga,2022-08-22,8,2022,3,Seca,IA Convencional,Ile de France,REP-001,Alta Genetics,Ovsynch,18,26.4,Juliana Pinto,0.6477,Nao_Prenha
BOV-0538,Serena,Bovino,Sindi,Sem registro,2017-10-01,6.6,413.9,2,0,,Sítio Riacho Seco,Independência,2024-04-24,4,2024,2,Chuvosa,IA Convencional,Nelore,REP-020,Grupo Nelore,GnRH+PGF2α,70,31.8,Marcos Farias,0.4483,Prenha
CAP-0228,Terra,Caprino,Toggenburg,Linhagem B,2019-05-10,5.6,52.4,1,1,294,Sítio Riacho Seco,Nova Russas,2024-12-14,12,2024,4,Chuvosa,IA Convencional,Anglo Nubiano,REP-010,Geneal,Ovsynch,69,32.5,Juliana Pinto,0.4794,Prenha
OVI-0311,Dalila,Ovino,Morada Nova,Linhagem A,2020-04-25,2.3,49.5,3,0,,Sítio Três Irmãos,Ararendá,2022-08-14,8,2022,3,Seca,IA Convencional,Suffolk,REP-023,Geneal,Sem protocolo,72,20.9,Ana Lima,0.5916,Prenha
BOV-0539,Glória,Bovino,Guzerá,Linhagem D,2018-01-23,5.4,484.1,5,0,,Fazenda Bela Vista,Monsenhor Tabosa,2023-06-03,6,2023,2,Seca,IA Convencional,Simmental,REP-053,Grupo Nelore,IATF 7 dias,15,21.9,Pedro Alves,0.4286,Nao_Prenha
CAP-0229,Graça,Caprino,Toggenburg,Linhagem A,2018-07-01,6.1,28.3,4,2,261,Fazenda Poço Fundo,Ararendá,2024-07-28,7,2024,3,Seca,IA Convencional,Boer,REP-017,Insitec,Sem protocolo,56,36.1,Ana Lima,0.5421,Nao_Prenha
CAP-0230,Amora,Caprino,Toggenburg,Sem registro,2016-06-21,7.5,53.8,3,4,70,Fazenda Boa Esperança,Tamboril,2023-12-22,12,2023,4,Chuvosa,IA Convencional,Boer,REP-035,Insitec,IATF 7 dias,94,29.7,Fernanda Costa,0.8637,Prenha
BOV-0540,Nina,Bovino,Guzerá,Linhagem G,2021-08-03,1.8,561.7,3,0,,Fazenda Poço Fundo,Quiterianópolis,2023-05-25,5,2023,2,Seca,IATF,Brahman,REP-078,Insitec,P4+EB,30,39.1,Roberto Neto,0.5245,Prenha
OVI-0312,Sara,Ovino,Bergamácia,Sem registro,2017-12-14,4.8,72.9,3,3,124,Fazenda Boa Esperança,Quiterianópolis,2022-10-04,10,2022,4,Seca,IATF,Santa Inês,REP-051,CRV Lagoa,Ovsynch,26,39.1,Juliana Pinto,0.7863,Nao_Prenha
OVI-0313,Jade,Ovino,Dorper,Linhagem G,2017-12-25,5.1,58.2,4,1,156,Fazenda Palmeira,Catunda,2023-01-23,1,2023,1,Chuvosa,IATF,Suffolk,REP-064,Geneal,P4+BE+PGF,32,25.1,Luciana Reis,0.8395,Prenha
BOV-0541,Rosa,Bovino,Nelore,Linhagem C,2021-11-21,1.1,564.3,4,0,,Sítio Mandacaru,Ipaporanga,2022-12-20,12,2022,4,Chuvosa,IATF,Simmental,REP-017,Geneal,Cosynch,17,25.2,Marcos Farias,0.7627,Prenha
CAP-0231,Terra,Caprino,Canindé,Linhagem D,2019-05-03,2.9,62.4,3,0,,Sítio Mandacaru,Ipaporanga,2022-04-12,4,2022,2,Chuvosa,IATF,Toggenburg,REP-039,CRV Lagoa,IATF 7 dias,106,24.7,João Silva,0.876,Prenha
BOV-0542,Cida,Bovino,Nelore,Linhagem F,2021-04-09,1.5,463.9,4,0,,Fazenda Caatinga Verde,Crateús,2022-09-29,9,2022,3,Seca,IA Convencional,Simmental,REP-080,Próprio,Ovsynch,111,32.8,Pedro Alves,0.9176,Prenha
BOV-0543,Chuva,Bovino,Canchim,Linhagem H,2018-08-08,3.6,408.4,5,0,,Fazenda Bela Vista,Poranga,2022-03-05,3,2022,1,Chuvosa,IATF,Gir,REP-005,Próprio,P4+BE+PGF,84,38.8,Juliana Pinto,0.6083,Prenha
BOV-0544,Eva,Bovino,Canchim,Linhagem G,2018-10-04,3.3,402.5,2,1,200,Sítio São Francisco,Nova Russas,2022-01-06,1,2022,1,Chuvosa,IA Convencional,Simmental,REP-033,CRV Lagoa,IATF 7 dias,66,21.4,João Silva,0.7753,Prenha
CAP-0232,Lua,Caprino,Repartida,Linhagem D,2021-05-28,2.4,31.6,2,0,,Sítio Boa Sorte,Crateús,2023-10-09,10,2023,4,Seca,IATF,Toggenburg,REP-054,CRV Lagoa,Resynch,68,22.3,Maria Souza,0.5075,Prenha
OVI-0314,Flor,Ovino,Texel,Linhagem A,2018-03-23,6.7,41.0,2,2,124,Fazenda Caatinga Verde,Catunda,2024-11-22,11,2024,4,Chuvosa,IA Convencional,Dorper,REP-035,Geneal,Resynch,108,24.5,Carlos Melo,0.424,Prenha
OVI-0315,Cida,Ovino,Morada Nova,Linhagem G,2020-08-30,2.1,74.4,5,0,,Sítio Mandacaru,Ipaporanga,2022-09-21,9,2022,3,Seca,IA Convencional,Texel,REP-005,Próprio,GnRH+PGF2α,93,36.4,Fernanda Costa,0.6751,Nao_Prenha
BOV-0545,Cida,Bovino,Sindi,Linhagem F,2019-11-22,2.5,395.1,5,0,,Fazenda Boa Esperança,Monsenhor Tabosa,2022-06-10,6,2022,2,Seca,IATF,Brahman,REP-070,Próprio,Select Synch,82,35.9,Fernanda Costa,0.6812,Nao_Prenha
CAP-0233,Beleza,Caprino,Toggenburg,Linhagem A,2021-01-24,2.4,42.5,3,0,,Fazenda Boa Esperança,Nova Russas,2023-06-18,6,2023,2,Seca,IA Convencional,Alpino,REP-076,Alta Genetics,P4+EB,55,19.0,Luciana Reis,0.6009,Prenha
OVI-0316,Estrela,Ovino,Morada Nova,Linhagem H,2018-10-15,4.1,66.6,1,0,,Fazenda Palmeira,Monsenhor Tabosa,2022-11-03,11,2022,4,Chuvosa,IATF,Santa Inês,REP-071,Geneal,Cosynch,80,26.4,João Silva,0.4271,Nao_Prenha
OVI-0317,Estrela,Ovino,Somalis,Linhagem D,2020-12-26,4.0,38.5,3,2,203,Sítio Mandacaru,Tamboril,2024-12-29,12,2024,4,Chuvosa,IA Convencional,Santa Inês,REP-031,Sexing Tech,P4+BE+PGF,16,39.4,Carlos Melo,0.3714,Prenha
CAP-0234,Amora,Caprino,Moxotó,Linhagem C,2018-12-15,3.2,61.3,4,1,279,Fazenda Boa Esperança,Poranga,2022-02-12,2,2022,1,Chuvosa,IATF,Alpino,REP-006,Próprio,Resynch,10,29.1,Marcos Farias,0.6725,Prenha
OVI-0318,Cida,Ovino,Santa Inês,Linhagem H,2019-03-01,4.1,40.6,5,0,,Fazenda Palmeira,Nova Russas,2023-04-01,4,2023,2,Chuvosa,IA Convencional,Santa Inês,REP-044,Grupo Nelore,Sem protocolo,108,26.6,Maria Souza,0.5405,Prenha
OVI-0319,Dalila,Ovino,Dorper,Linhagem G,2020-07-09,1.7,66.3,4,0,,Fazenda Boa Esperança,Ararendá,2022-03-08,3,2022,1,Chuvosa,IATF,Suffolk,REP-035,Sexing Tech,Resynch,23,18.4,Juliana Pinto,0.6749,Prenha
OVI-0320,Serena,Ovino,Bergamácia,Linhagem E,2021-12-18,0.8,35.4,4,0,,Sítio São Francisco,Poranga,2022-10-09,10,2022,4,Seca,IATF,Dorper,REP-054,Insitec,Sem protocolo,54,34.4,Juliana Pinto,0.5281,Prenha
BOV-0546,Pétala,Bovino,Nelore,Linhagem H,2019-08-31,4.4,349.6,1,2,226,Sítio Boa Sorte,Ararendá,2024-02-09,2,2024,1,Chuvosa,IA Convencional,Brahman,REP-058,CRV Lagoa,Ovsynch,14,34.3,João Silva,0.295,Nao_Prenha
OVI-0321,Serena,Ovino,Texel,Linhagem H,2019-09-16,2.6,33.8,3,1,34,Fazenda Caatinga Verde,Crateús,2022-04-17,4,2022,2,Chuvosa,IATF,Dorper,REP-076,CRV Lagoa,P4+BE+PGF,52,19.0,Maria Souza,0.5822,Nao_Prenha
CAP-0235,Serena,Caprino,Saanen,Linhagem F,2018-08-29,3.5,33.0,4,1,110,Sítio Riacho Seco,Poranga,2022-03-01,3,2022,1,Chuvosa,IA Convencional,Saanen,REP-030,Insitec,Sem protocolo,93,22.4,Fernanda Costa,0.4987,Nao_Prenha
CAP-0236,Hera,Caprino,Moxotó,Linhagem C,2016-06-19,5.8,43.9,3,3,208,Fazenda Caatinga Verde,Poranga,2022-04-12,4,2022,2,Chuvosa,IA Convencional,Alpino,REP-006,Sexing Tech,IATF 7 dias,109,38.8,Fernanda Costa,0.8177,Prenha
BOV-0547,Chuva,Bovino,Gir,Linhagem E,2018-07-11,6.4,447.2,4,0,,Fazenda Palmeira,Tamboril,2024-11-18,11,2024,4,Chuvosa,IA Convencional,Nelore,REP-037,Insitec,Sem protocolo,96,30.1,Fernanda Costa,0.6918,Prenha
BOV-0548,Íris,Bovino,Gir,Linhagem H,2020-02-28,2.7,465.0,2,1,224,Fazenda Bela Vista,Nova Russas,2022-11-02,11,2022,4,Chuvosa,IA Convencional,Gir,REP-055,CRV Lagoa,P4+BE+PGF,6,23.2,Maria Souza,0.5345,Nao_Prenha
OVI-0322,Hera,Ovino,Morada Nova,Linhagem B,2016-03-06,6.6,66.4,2,4,216,Sítio Riacho Seco,Tamboril,2022-09-26,9,2022,3,Seca,IATF,Texel,REP-055,Geneal,GnRH+PGF2α,8,19.6,João Silva,0.4936,Prenha
BOV-0549,Anita,Bovino,Guzerá,Sem registro,2020-12-07,1.4,333.8,3,0,,Fazenda Caatinga Verde,Crateús,2022-05-07,5,2022,2,Seca,IA Convencional,Angus,REP-034,Próprio,Sem protocolo,36,31.0,Luciana Reis,0.607,Prenha
CAP-0237,Palma,Caprino,Canindé,Linhagem E,2016-08-10,7.2,32.6,5,0,,Fazenda Poço Fundo,Quiterianópolis,2023-10-16,10,2023,4,Seca,IATF,Toggenburg,REP-052,Grupo Nelore,Select Synch,102,32.1,Juliana Pinto,0.7235,Prenha
BOV-0550,Dalila,Bovino,Brahman,Linhagem D,2022-03-18,1.1,494.0,4,0,,Fazenda Boa Esperança,Independência,2023-04-27,4,2023,2,Chuvosa,IA Convencional,Brahman,REP-062,Insitec,Resynch,55,30.0,Fernanda Costa,0.6668,Prenha
CAP-0238,Brisa,Caprino,Saanen,Linhagem D,2022-04-27,0.7,50.3,4,0,,Sítio São Francisco,Independência,2023-01-16,1,2023,1,Chuvosa,IATF,Anglo Nubiano,REP-073,Insitec,Resynch,32,22.2,Juliana Pinto,0.6496,Prenha
BOV-0551,Fada,Bovino,Girolando,Linhagem D,2019-08-12,3.7,398.4,4,1,222,Sítio Riacho Seco,Ararendá,2023-05-07,5,2023,2,Seca,IATF,Senepol,REP-080,Próprio,Ovsynch,84,36.9,Carlos Melo,0.8301,Prenha
BOV-0552,Fada,Bovino,Nelore,Linhagem E,2018-09-03,4.4,308.2,4,0,,Fazenda Palmeira,Nova Russas,2023-01-09,1,2023,1,Chuvosa,IATF,Simmental,REP-018,Alta Genetics,Ovsynch,13,27.3,Ana Lima,0.641,Prenha
BOV-0553,Anita,Bovino,Canchim,Linhagem B,2017-09-03,4.4,526.0,5,1,167,Sítio Boa Sorte,Quiterianópolis,2022-01-19,1,2022,1,Chuvosa,IA Convencional,Brahman,REP-026,Grupo Nelore,Resynch,93,25.5,João Silva,0.8531,Prenha
CAP-0239,Pétala,Caprino,Saanen,Linhagem H,2018-05-24,4.5,64.7,4,1,95,Sítio Três Irmãos,Quiterianópolis,2022-11-13,11,2022,4,Chuvosa,IA Convencional,Toggenburg,REP-005,Geneal,Cosynch,68,27.9,Ana Lima,0.8131,Nao_Prenha
OVI-0323,Estrela,Ovino,Morada Nova,Linhagem E,2020-12-19,1.1,47.5,3,0,,Fazenda Caatinga Verde,Independência,2022-01-08,1,2022,1,Chuvosa,IATF,Ile de France,REP-011,Próprio,Select Synch,47,31.5,Juliana Pinto,0.6537,Prenha
BOV-0554,Sara,Bovino,Tabapuã,Linhagem C,2019-01-11,3.1,514.5,3,0,,Fazenda Boa Esperança,Quiterianópolis,2022-02-07,2,2022,1,Chuvosa,IATF,Gir,REP-002,Insitec,Sem protocolo,59,28.0,Fernanda Costa,0.6917,Prenha
BOV-0555,Viola,Bovino,Sindi,Linhagem G,2020-01-01,4.3,498.7,3,1,166,Fazenda Palmeira,Tamboril,2024-04-06,4,2024,2,Chuvosa,IATF,Gir,REP-074,Insitec,GnRH+PGF2α,45,31.1,Ana Lima,0.8569,Prenha
OVI-0324,Viola,Ovino,Somalis,Linhagem D,2020-10-16,1.4,70.2,4,0,,Fazenda Poço Fundo,Nova Russas,2022-03-12,3,2022,1,Chuvosa,IATF,Ile de France,REP-017,Alta Genetics,P4+BE+PGF,115,24.2,Pedro Alves,0.6835,Nao_Prenha
BOV-0556,Glória,Bovino,Gir,Linhagem F,2017-02-19,5.6,495.6,4,4,68,Fazenda Caatinga Verde,Catunda,2022-09-25,9,2022,3,Seca,IA Convencional,Angus,REP-030,Sexing Tech,Sem protocolo,89,37.1,Fernanda Costa,0.8795,Prenha
BOV-0557,Íris,Bovino,Sindi,Linhagem H,2017-07-17,5.5,370.1,4,1,204,Fazenda Palmeira,Catunda,2023-01-31,1,2023,1,Chuvosa,IATF,Gir,REP-019,Alta Genetics,GnRH+PGF2α,55,33.7,Luciana Reis,0.8605,Prenha
OVI-0325,Rita,Ovino,Bergamácia,Sem registro,2016-08-24,7.2,73.8,3,3,297,Sítio Mandacaru,Monsenhor Tabosa,2023-11-07,11,2023,4,Chuvosa,IA Convencional,Ile de France,REP-040,Geneal,IATF 7 dias,11,26.5,Ana Lima,0.5751,Prenha
BOV-0558,Nina,Bovino,Brahman,Linhagem C,2019-01-08,5.1,442.5,5,3,108,Fazenda Boa Esperança,Poranga,2024-03-03,3,2024,1,Chuvosa,IA Convencional,Bonsmara,REP-054,CRV Lagoa,Select Synch,30,26.7,João Silva,0.8427,Prenha
BOV-0559,Jade,Bovino,Guzerá,Linhagem G,2019-08-14,4.4,414.9,4,1,199,Sítio Boa Sorte,Monsenhor Tabosa,2023-12-31,12,2023,4,Chuvosa,IATF,Bonsmara,REP-046,CRV Lagoa,Sem protocolo,68,32.6,Roberto Neto,0.8084,Prenha
BOV-0560,Anita,Bovino,Tabapuã,Linhagem C,2021-01-02,2.9,439.3,3,0,,Sítio Boa Sorte,Ipaporanga,2023-11-23,11,2023,4,Chuvosa,IA Convencional,Senepol,REP-023,Sexing Tech,IATF 7 dias,50,19.6,Fernanda Costa,0.7331,Prenha
OVI-0326,Rita,Ovino,Morada Nova,Linhagem A,2019-04-27,2.7,40.7,3,1,38,Sítio Três Irmãos,Ararendá,2022-01-11,1,2022,1,Chuvosa,IA Convencional,Dorper,REP-032,Geneal,P4+EB,70,35.1,Luciana Reis,0.6069,Nao_Prenha
BOV-0561,Nuvem,Bovino,Nelore,Linhagem B,2021-09-30,2.6,293.6,4,0,,Sítio Mandacaru,Nova Russas,2024-04-22,4,2024,2,Chuvosa,IATF,Angus,REP-028,Sexing Tech,P4+EB,74,31.5,Ana Lima,0.8697,Prenha
BOV-0562,Flor,Bovino,Canchim,Linhagem H,2021-05-02,3.4,532.2,3,0,,Sítio Mandacaru,Nova Russas,2024-09-19,9,2024,3,Seca,IATF,Angus,REP-002,Sexing Tech,P4+BE+PGF,76,23.9,Fernanda Costa,0.758,Prenha
OVI-0327,Sara,Ovino,Santa Inês,Sem registro,2019-05-10,5.5,45.8,4,1,158,Fazenda Boa Esperança,Independência,2024-11-09,11,2024,4,Chuvosa,IA Convencional,Ile de France,REP-001,Alta Genetics,Select Synch,91,18.4,Juliana Pinto,0.7114,Prenha
OVI-0328,Bonita,Ovino,Dorper,Linhagem A,2018-08-13,3.9,57.8,4,1,296,Fazenda Caatinga Verde,Independência,2022-07-04,7,2022,3,Seca,IA Convencional,Ile de France,REP-030,CRV Lagoa,Cosynch,40,31.4,Luciana Reis,0.8113,Prenha
BOV-0563,Eva,Bovino,Gir,Linhagem F,2017-04-10,6.5,549.8,4,5,297,Fazenda Bela Vista,Poranga,2023-09-25,9,2023,3,Seca,IA Convencional,Simmental,REP-067,Insitec,Select Synch,97,21.5,Marcos Farias,0.8114,Prenha
CAP-0240,Sofia,Caprino,Saanen,Linhagem G,2017-03-10,7.2,51.9,3,3,45,Fazenda Caatinga Verde,Independência,2024-05-10,5,2024,2,Seca,IATF,Boer,REP-054,Insitec,Sem protocolo,99,32.1,Roberto Neto,0.5241,Prenha
CAP-0241,Lua,Caprino,Boer,Linhagem C,2016-01-11,8.1,59.2,3,5,74,Fazenda Palmeira,Catunda,2024-02-26,2,2024,1,Chuvosa,IATF,Boer,REP-038,Insitec,Resynch,52,20.0,Maria Souza,0.7181,Nao_Prenha
CAP-0242,Chuva,Caprino,Boer,Linhagem G,2022-04-25,1.4,48.3,5,0,,Sítio Riacho Seco,Ipaporanga,2023-10-02,10,2023,4,Seca,IA Convencional,Alpino,REP-080,Grupo Nelore,Cosynch,24,23.2,Pedro Alves,0.673,Prenha
OVI-0329,Serena,Ovino,Dorper,Linhagem F,2016-05-27,8.0,69.5,4,5,259,Sítio Riacho Seco,Poranga,2024-05-27,5,2024,2,Seca,IATF,Texel,REP-034,CRV Lagoa,Resynch,12,32.8,Carlos Melo,0.5374,Prenha
BOV-0564,Lua,Bovino,Nelore,Linhagem E,2021-11-19,0.6,415.7,3,0,,Fazenda Boa Esperança,Catunda,2022-06-08,6,2022,2,Seca,IA Convencional,Senepol,REP-048,Grupo Nelore,Sem protocolo,50,30.8,Luciana Reis,0.7863,Prenha
BOV-0565,Viola,Bovino,Brahman,Linhagem B,2020-12-20,3.3,286.9,3,0,,Sítio Mandacaru,Quiterianópolis,2024-04-21,4,2024,2,Chuvosa,IA Convencional,Simmental,REP-024,CRV Lagoa,Cosynch,92,28.5,Pedro Alves,0.7214,Prenha
BOV-0566,Aurora,Bovino,Girolando,Linhagem A,2022-02-19,0.4,474.1,4,0,,Fazenda Boa Esperança,Ararendá,2022-07-24,7,2022,3,Seca,IA Convencional,Simmental,REP-052,Geneal,Ovsynch,113,32.4,Marcos Farias,0.7508,Prenha
BOV-0567,Graça,Bovino,Tabapuã,Linhagem D,2022-03-22,0.6,462.0,3,0,,Sítio Riacho Seco,Crateús,2022-10-22,10,2022,4,Seca,IA Convencional,Simmental,REP-041,CRV Lagoa,Sem protocolo,120,33.5,Carlos Melo,0.4989,Prenha
BOV-0568,Jade,Bovino,Brahman,Linhagem F,2021-10-25,1.4,386.3,4,0,,Sítio Três Irmãos,Monsenhor Tabosa,2023-04-07,4,2023,2,Chuvosa,IA Convencional,Brahman,REP-044,Próprio,Cosynch,61,23.2,Pedro Alves,0.6843,Prenha
CAP-0243,Duna,Caprino,Moxotó,Linhagem H,2017-06-04,5.1,50.9,4,1,294,Fazenda Caatinga Verde,Monsenhor Tabosa,2022-07-11,7,2022,3,Seca,IA Convencional,Toggenburg,REP-069,Alta Genetics,P4+EB,40,33.6,Carlos Melo,0.7324,Nao_Prenha
BOV-0569,Amora,Bovino,Gir,Sem registro,2021-06-02,0.9,325.7,3,0,,Sítio Três Irmãos,Monsenhor Tabosa,2022-04-16,4,2022,2,Chuvosa,IA Convencional,Senepol,REP-069,Grupo Nelore,Resynch,113,19.1,Marcos Farias,0.5174,Prenha
CAP-0244,Nina,Caprino,Repartida,Linhagem E,2022-01-11,0.3,36.6,5,0,,Sítio Riacho Seco,Poranga,2022-04-20,4,2022,2,Chuvosa,IA Convencional,Boer,REP-004,Insitec,P4+BE+PGF,50,27.4,Carlos Melo,0.4039,Nao_Prenha
BOV-0570,Linda,Bovino,Gir,Linhagem G,2019-05-06,2.8,345.4,3,1,275,Sítio Boa Sorte,Poranga,2022-02-14,2,2022,1,Chuvosa,IATF,Gir,REP-047,Geneal,GnRH+PGF2α,32,34.7,Ana Lima,0.7474,Prenha
BOV-0571,Brisa,Bovino,Brahman,Linhagem E,2021-09-16,2.5,291.3,4,0,,Sítio São Francisco,Independência,2024-03-16,3,2024,1,Chuvosa,IA Convencional,Bonsmara,REP-012,Geneal,Cosynch,47,30.3,Pedro Alves,0.6336,Prenha
BOV-0572,Rosa,Bovino,Tabapuã,Linhagem B,2022-01-10,1.4,396.7,5,0,,Fazenda Poço Fundo,Independência,2023-05-22,5,2023,2,Seca,IA Convencional,Senepol,REP-045,Próprio,IATF 7 dias,43,24.4,Luciana Reis,0.6704,Nao_Prenha
BOV-0573,Dalila,Bovino,Canchim,Linhagem E,2020-10-05,1.6,381.0,5,0,,Fazenda Palmeira,Ipaporanga,2022-05-11,5,2022,2,Seca,IA Convencional,Nelore,REP-013,Alta Genetics,Sem protocolo,14,29.3,Roberto Neto,0.1899,Nao_Prenha
OVI-0330,Glória,Ovino,Somalis,Linhagem D,2016-08-27,6.8,61.8,4,2,43,Fazenda Poço Fundo,Nova Russas,2023-06-07,6,2023,2,Seca,IATF,Dorper,REP-026,Insitec,Select Synch,99,39.9,Pedro Alves,0.6299,Nao_Prenha
BOV-0574,Estrela,Bovino,Gir,Linhagem A,2020-04-23,2.7,547.2,3,1,265,Fazenda Poço Fundo,Ipaporanga,2023-01-19,1,2023,1,Chuvosa,IA Convencional,Simmental,REP-018,Sexing Tech,P4+BE+PGF,20,31.2,Roberto Neto,0.6213,Nao_Prenha
BOV-0575,Bonita,Bovino,Girolando,Sem registro,2017-07-04,5.2,489.7,3,0,,Fazenda Palmeira,Tamboril,2022-09-20,9,2022,3,Seca,IATF,Bonsmara,REP-063,Sexing Tech,P4+BE+PGF,14,37.8,Luciana Reis,0.5631,Nao_Prenha
BOV-0576,Amora,Bovino,Gir,Sem registro,2019-02-04,5.2,368.1,4,1,155,Fazenda Poço Fundo,Monsenhor Tabosa,2024-04-06,4,2024,2,Chuvosa,IA Convencional,Brahman,REP-040,Alta Genetics,IATF 7 dias,104,36.9,Luciana Reis,0.8855,Prenha
BOV-0577,Glória,Bovino,Girolando,Linhagem G,2018-10-05,6.0,345.5,4,2,225,Fazenda Bela Vista,Independência,2024-09-29,9,2024,3,Seca,IA Convencional,Gir,REP-057,Geneal,Sem protocolo,119,31.5,Fernanda Costa,0.776,Prenha
BOV-0578,Beleza,Bovino,Guzerá,Linhagem C,2016-01-11,7.0,299.1,4,1,168,Sítio Riacho Seco,Independência,2023-01-02,1,2023,1,Chuvosa,IA Convencional,Brahman,REP-069,Grupo Nelore,P4+BE+PGF,104,24.3,Marcos Farias,0.711,Prenha
BOV-0579,Pétala,Bovino,Sindi,Linhagem B,2018-08-14,3.8,362.8,4,2,72,Fazenda Bela Vista,Monsenhor Tabosa,2022-05-16,5,2022,2,Seca,IA Convencional,Brahman,REP-015,Sexing Tech,Cosynch,52,33.1,Juliana Pinto,0.7047,Nao_Prenha
BOV-0580,Fada,Bovino,Nelore,Linhagem A,2016-02-03,7.5,376.7,3,3,252,Sítio Boa Sorte,Catunda,2023-08-16,8,2023,3,Seca,IATF,Simmental,REP-008,CRV Lagoa,Select Synch,59,20.1,João Silva,0.8509,Nao_Prenha
BOV-0581,Nuvem,Bovino,Gir,Linhagem G,2016-12-11,6.9,355.1,4,4,241,Sítio Três Irmãos,Catunda,2023-10-27,10,2023,4,Seca,IA Convencional,Nelore,REP-013,CRV Lagoa,Select Synch,26,31.9,Luciana Reis,0.8301,Prenha
BOV-0582,Palma,Bovino,Nelore,Linhagem A,2016-08-04,7.7,539.1,4,5,131,Fazenda Bela Vista,Tamboril,2024-04-12,4,2024,2,Chuvosa,IA Convencional,Angus,REP-052,CRV Lagoa,IATF 7 dias,36,38.3,Fernanda Costa,0.8778,Prenha
BOV-0583,Viola,Bovino,Guzerá,Sem registro,2020-11-03,3.0,285.7,3,0,,Fazenda Bela Vista,Crateús,2023-11-18,11,2023,4,Chuvosa,IA Convencional,Bonsmara,REP-053,Geneal,IATF 7 dias,26,24.3,Maria Souza,0.6658,Prenha
OVI-0331,Graça,Ovino,Texel,Linhagem D,2016-03-19,6.3,70.4,3,4,102,Fazenda Boa Esperança,Monsenhor Tabosa,2022-07-15,7,2022,3,Seca,IATF,Suffolk,REP-076,Alta Genetics,P4+EB,21,21.0,Carlos Melo,0.7619,Prenha
BOV-0584,Glória,Bovino,Gir,Linhagem B,2017-07-26,4.6,501.7,4,0,,Sítio São Francisco,Tamboril,2022-02-26,2,2022,1,Chuvosa,IA Convencional,Bonsmara,REP-025,Alta Genetics,IATF 7 dias,19,34.7,Marcos Farias,0.5405,Nao_Prenha
BOV-0585,Nuvem,Bovino,Sindi,Linhagem G,2017-10-10,5.6,529.7,3,2,200,Fazenda Caatinga Verde,Nova Russas,2023-05-14,5,2023,2,Seca,IATF,Brahman,REP-055,Insitec,P4+BE+PGF,21,22.8,Marcos Farias,0.8656,Prenha
OVI-0332,Linda,Ovino,Dorper,Linhagem H,2020-10-24,2.3,64.1,4,0,,Fazenda Caatinga Verde,Poranga,2023-01-31,1,2023,1,Chuvosa,IA Convencional,Dorper,REP-047,Alta Genetics,Cosynch,36,27.6,Luciana Reis,0.6827,Nao_Prenha
BOV-0586,Joia,Bovino,Guzerá,Sem registro,2020-04-20,4.0,379.8,5,1,279,Fazenda Palmeira,Crateús,2024-04-07,4,2024,2,Chuvosa,IATF,Senepol,REP-054,Sexing Tech,Cosynch,102,37.7,Fernanda Costa,0.6589,Prenha
CAP-0245,Eva,Caprino,Boer,Sem registro,2018-06-16,4.9,53.8,3,3,168,Sítio São Francisco,Catunda,2023-05-26,5,2023,2,Seca,IA Convencional,Alpino,REP-017,Insitec,Sem protocolo,102,26.7,Ana Lima,0.7896,Prenha
CAP-0246,Glória,Caprino,Toggenburg,Linhagem E,2021-07-15,1.3,40.5,2,0,,Sítio São Francisco,Monsenhor Tabosa,2022-11-05,11,2022,4,Chuvosa,IA Convencional,Anglo Nubiano,REP-028,Próprio,Select Synch,115,32.2,Ana Lima,0.2711,Nao_Prenha
BOV-0587,Linda,Bovino,Tabapuã,Linhagem B,2018-10-06,3.4,310.4,4,0,,Sítio Mandacaru,Catunda,2022-02-23,2,2022,1,Chuvosa,IATF,Senepol,REP-054,CRV Lagoa,Sem protocolo,42,30.4,Ana Lima,0.7379,Prenha
BOV-0588,Viola,Bovino,Gir,Linhagem H,2018-03-16,6.4,353.5,4,1,272,Sítio Três Irmãos,Nova Russas,2024-08-03,8,2024,3,Seca,IA Convencional,Nelore,REP-079,Geneal,P4+EB,21,26.3,Pedro Alves,0.6825,Nao_Prenha
CAP-0247,Estrela,Caprino,Boer,Linhagem C,2022-03-27,0.6,49.2,2,0,,Sítio Riacho Seco,Quiterianópolis,2022-10-14,10,2022,4,Seca,IATF,Saanen,REP-042,Próprio,IATF 7 dias,41,26.8,Juliana Pinto,0.5538,Nao_Prenha
OVI-0333,Glória,Ovino,Texel,Sem registro,2019-04-29,4.6,71.4,3,0,,Fazenda Boa Esperança,Tamboril,2023-12-07,12,2023,4,Chuvosa,IATF,Dorper,REP-074,Sexing Tech,IATF 7 dias,63,21.1,Juliana Pinto,0.6594,Nao_Prenha
BOV-0589,Dalila,Bovino,Tabapuã,Linhagem F,2018-01-13,6.3,367.6,4,4,239,Sítio São Francisco,Tamboril,2024-04-27,4,2024,2,Chuvosa,IA Convencional,Bonsmara,REP-029,Grupo Nelore,Select Synch,62,39.8,Roberto Neto,0.6923,Prenha
BOV-0590,Estrela,Bovino,Brahman,Linhagem D,2017-04-10,7.0,460.5,4,0,,Fazenda Caatinga Verde,Nova Russas,2024-04-01,4,2024,2,Chuvosa,IATF,Simmental,REP-061,Próprio,Cosynch,102,34.6,Ana Lima,0.7456,Nao_Prenha
OVI-0334,Nuvem,Ovino,Santa Inês,Linhagem A,2019-01-25,5.9,34.0,4,2,75,Sítio Mandacaru,Tamboril,2024-12-28,12,2024,4,Chuvosa,IA Convencional,Texel,REP-010,Sexing Tech,Resynch,98,19.4,Roberto Neto,0.6658,Prenha
OVI-0335,Aurora,Ovino,Dorper,Linhagem A,2016-04-12,6.0,70.4,2,4,243,Fazenda Boa Esperança,Ipaporanga,2022-04-08,4,2022,2,Chuvosa,IA Convencional,Dorper,REP-032,Sexing Tech,Select Synch,114,27.2,Roberto Neto,0.5244,Prenha
CAP-0248,Lua,Caprino,Canindé,Linhagem B,2018-11-22,5.9,39.2,3,1,60,Sítio Riacho Seco,Poranga,2024-10-24,10,2024,4,Seca,IA Convencional,Saanen,REP-063,Insitec,P4+EB,31,25.0,Roberto Neto,0.5873,Prenha
BOV-0591,Rita,Bovino,Canchim,Linhagem C,2017-02-09,5.4,341.0,3,0,,Sítio Riacho Seco,Crateús,2022-06-26,6,2022,2,Seca,IA Convencional,Nelore,REP-067,Grupo Nelore,IATF 7 dias,79,33.0,Pedro Alves,0.6102,Prenha
BOV-0592,Cida,Bovino,Guzerá,Linhagem G,2021-02-24,2.5,552.6,5,0,,Fazenda Palmeira,Monsenhor Tabosa,2023-09-05,9,2023,3,Seca,IATF,Angus,REP-049,Sexing Tech,Resynch,103,38.4,Roberto Neto,0.4874,Nao_Prenha
CAP-0249,Bonita,Caprino,Moxotó,Linhagem B,2021-08-07,2.1,52.3,3,0,,Fazenda Caatinga Verde,Crateús,2023-09-10,9,2023,3,Seca,IATF,Anglo Nubiano,REP-031,CRV Lagoa,Sem protocolo,26,23.5,Maria Souza,0.7078,Prenha
BOV-0593,Linda,Bovino,Gir,Linhagem F,2018-01-29,6.1,444.4,4,2,115,Fazenda Boa Esperança,Independência,2024-03-06,3,2024,1,Chuvosa,IA Convencional,Gir,REP-037,Geneal,GnRH+PGF2α,46,21.9,Carlos Melo,0.8113,Prenha
OVI-0336,Sofia,Ovino,Dorper,Linhagem F,2021-11-02,3.1,48.8,3,0,,Fazenda Poço Fundo,Ararendá,2024-12-12,12,2024,4,Chuvosa,IA Convencional,Suffolk,REP-052,Alta Genetics,Sem protocolo,12,18.7,Juliana Pinto,0.3875,Prenha
OVI-0337,Graça,Ovino,Bergamácia,Linhagem A,2018-01-24,6.5,51.6,3,1,215,Sítio Riacho Seco,Crateús,2024-07-07,7,2024,3,Seca,IA Convencional,Santa Inês,REP-011,Sexing Tech,P4+EB,56,26.1,Roberto Neto,0.6872,Nao_Prenha
BOV-0594,Jade,Bovino,Nelore,Linhagem E,2018-01-07,5.4,490.1,4,0,,Sítio Mandacaru,Crateús,2023-06-18,6,2023,2,Seca,IA Convencional,Senepol,REP-013,Geneal,Select Synch,117,18.1,Roberto Neto,0.6328,Prenha
BOV-0595,Jade,Bovino,Gir,Linhagem E,2017-11-21,5.2,385.4,4,1,101,Fazenda Palmeira,Independência,2023-01-29,1,2023,1,Chuvosa,IATF,Nelore,REP-002,Grupo Nelore,Ovsynch,34,21.1,Pedro Alves,0.7913,Prenha
BOV-0596,Amora,Bovino,Sindi,Linhagem F,2016-05-10,5.7,291.7,4,2,261,Sítio Três Irmãos,Tamboril,2022-01-03,1,2022,1,Chuvosa,IATF,Nelore,REP-004,Insitec,GnRH+PGF2α,82,35.7,Fernanda Costa,0.8182,Prenha
CAP-0250,Nina,Caprino,Repartida,Linhagem A,2017-08-19,5.3,49.9,5,0,,Sítio Riacho Seco,Catunda,2022-12-04,12,2022,4,Chuvosa,IA Convencional,Alpino,REP-077,Insitec,Sem protocolo,106,38.4,Maria Souza,0.438,Nao_Prenha
BOV-0597,Flor,Bovino,Gir,Linhagem E,2016-04-07,7.4,366.3,5,2,154,Sítio Três Irmãos,Nova Russas,2023-09-07,9,2023,3,Seca,IA Convencional,Simmental,REP-061,Grupo Nelore,Select Synch,43,19.7,Pedro Alves,0.7882,Nao_Prenha
BOV-0598,Fada,Bovino,Girolando,Linhagem G,2022-03-05,0.0,472.5,4,0,,Fazenda Boa Esperança,Tamboril,2022-03-16,3,2022,1,Chuvosa,IA Convencional,Nelore,REP-072,Grupo Nelore,Select Synch,7,26.5,Luciana Reis,0.4688,Nao_Prenha
OVI-0338,Nina,Ovino,Bergamácia,Linhagem H,2018-10-23,4.5,57.6,1,2,195,Fazenda Caatinga Verde,Crateús,2023-05-06,5,2023,2,Seca,IA Convencional,Suffolk,REP-036,Alta Genetics,Sem protocolo,49,38.1,Juliana Pinto,0.3703,Nao_Prenha
OVI-0339,Linda,Ovino,Bergamácia,Linhagem D,2022-05-09,-0.1,47.4,3,0,,Fazenda Poço Fundo,Ararendá,2022-04-11,4,2022,2,Chuvosa,IA Convencional,Texel,REP-030,Geneal,Sem protocolo,6,26.3,Roberto Neto,0.1769,Prenha
BOV-0599,Nina,Bovino,Brahman,Sem registro,2020-08-24,1.9,479.2,2,0,,Sítio São Francisco,Ararendá,2022-07-10,7,2022,3,Seca,IA Convencional,Gir,REP-079,Grupo Nelore,IATF 7 dias,22,25.9,Marcos Farias,0.5566,Nao_Prenha
CAP-0251,Terra,Caprino,Boer,Linhagem D,2019-01-08,4.7,59.8,3,0,,Fazenda Caatinga Verde,Independência,2023-09-10,9,2023,3,Seca,IATF,Toggenburg,REP-039,Grupo Nelore,Ovsynch,73,24.2,Ana Lima,0.7742,Prenha
BOV-0600,Dalila,Bovino,Brahman,Sem registro,2019-09-17,4.2,399.5,2,2,203,Fazenda Bela Vista,Ararendá,2023-12-02,12,2023,4,Chuvosa,IATF,Senepol,REP-002,Alta Genetics,P4+BE+PGF,45,28.1,João Silva,0.6702,Prenha
BOV-0601,Pétala,Bovino,Girolando,Sem registro,2018-05-22,4.9,518.4,4,2,213,Fazenda Bela Vista,Catunda,2023-03-30,3,2023,1,Chuvosa,IA Convencional,Simmental,REP-029,CRV Lagoa,Select Synch,28,38.5,Fernanda Costa,0.8131,Prenha
BOV-0602,Aurora,Bovino,Gir,Linhagem C,2020-12-17,1.9,368.6,3,0,,Sítio Riacho Seco,Catunda,2022-11-20,11,2022,4,Chuvosa,IA Convencional,Gir,REP-016,Sexing Tech,P4+BE+PGF,111,20.9,Maria Souza,0.6119,Prenha
CAP-0252,Glória,Caprino,Repartida,Linhagem E,2018-05-09,6.3,42.7,5,2,46,Fazenda Palmeira,Crateús,2024-08-30,8,2024,3,Seca,IATF,Anglo Nubiano,REP-069,Insitec,Ovsynch,32,20.7,Juliana Pinto,0.8286,Prenha
OVI-0340,Serena,Ovino,Bergamácia,Linhagem F,2017-03-11,6.2,41.1,4,3,279,Fazenda Bela Vista,Poranga,2023-05-06,5,2023,2,Seca,IA Convencional,Dorper,REP-056,CRV Lagoa,P4+EB,15,31.3,João Silva,0.6514,Prenha
CAP-0253,Glória,Caprino,Anglo Nubiana,Linhagem E,2019-02-24,5.6,55.4,3,4,188,Sítio São Francisco,Crateús,2024-10-05,10,2024,4,Seca,IATF,Alpino,REP-045,Próprio,Ovsynch,5,34.0,Juliana Pinto,0.8239,Nao_Prenha
OVI-0341,Palma,Ovino,Santa Inês,Linhagem D,2021-03-21,3.8,46.3,3,2,177,Fazenda Caatinga Verde,Monsenhor Tabosa,2024-12-30,12,2024,4,Chuvosa,IA Convencional,Texel,REP-079,Próprio,Sem protocolo,112,23.4,Maria Souza,0.7977,Nao_Prenha
OVI-0342,Sara,Ovino,Bergamácia,Linhagem C,2020-10-18,3.6,46.6,3,2,271,Fazenda Boa Esperança,Poranga,2024-05-11,5,2024,2,Seca,IA Convencional,Suffolk,REP-071,CRV Lagoa,Ovsynch,87,37.7,Maria Souza,0.6234,Nao_Prenha
CAP-0254,Serena,Caprino,Saanen,Linhagem C,2017-09-30,5.0,53.0,3,3,42,Sítio Boa Sorte,Tamboril,2022-09-28,9,2022,3,Seca,IA Convencional,Anglo Nubiano,REP-020,Alta Genetics,Cosynch,54,31.8,Roberto Neto,0.4824,Prenha
BOV-0603,Graça,Bovino,Tabapuã,Linhagem E,2016-10-20,6.0,470.7,4,4,218,Fazenda Caatinga Verde,Independência,2022-10-10,10,2022,4,Seca,IA Convencional,Senepol,REP-025,CRV Lagoa,GnRH+PGF2α,58,22.9,Maria Souza,0.97,Prenha
BOV-0604,Pétala,Bovino,Brahman,Linhagem C,2022-05-22,0.4,489.2,3,0,,Sítio Mandacaru,Tamboril,2022-11-01,11,2022,4,Chuvosa,IATF,Bonsmara,REP-062,Insitec,P4+BE+PGF,60,25.6,Roberto Neto,0.595,Prenha
OVI-0343,Lua,Ovino,Dorper,Linhagem F,2021-07-28,2.7,35.1,5,0,,Fazenda Boa Esperança,Quiterianópolis,2024-04-25,4,2024,2,Chuvosa,IA Convencional,Ile de France,REP-021,Próprio,IATF 7 dias,72,21.1,Maria Souza,0.5651,Prenha
CAP-0255,Orquídea,Caprino,Repartida,Sem registro,2020-02-19,2.2,46.1,5,0,,Fazenda Poço Fundo,Monsenhor Tabosa,2022-05-11,5,2022,2,Seca,IATF,Boer,REP-079,Geneal,Sem protocolo,49,22.9,Luciana Reis,0.6499,Prenha
BOV-0605,Terra,Bovino,Girolando,Sem registro,2020-10-10,2.1,524.2,4,0,,Sítio Boa Sorte,Crateús,2022-11-24,11,2022,4,Chuvosa,IA Convencional,Brahman,REP-075,Alta Genetics,Ovsynch,111,20.6,Roberto Neto,0.5913,Prenha
BOV-0606,Serena,Bovino,Canchim,Linhagem E,2020-09-23,2.0,493.3,3,0,,Sítio Mandacaru,Tamboril,2022-09-16,9,2022,3,Seca,IA Convencional,Gir,REP-035,Insitec,Resynch,99,25.0,Juliana Pinto,0.6647,Prenha
OVI-0344,Amora,Ovino,Santa Inês,Linhagem G,2020-11-25,3.2,38.3,3,1,266,Sítio Riacho Seco,Poranga,2024-01-31,1,2024,1,Chuvosa,IA Convencional,Dorper,REP-018,Sexing Tech,Sem protocolo,75,39.6,Carlos Melo,0.5572,Nao_Prenha
BOV-0607,Nuvem,Bovino,Girolando,Linhagem B,2018-07-31,6.4,367.8,4,1,154,Fazenda Caatinga Verde,Monsenhor Tabosa,2024-12-20,12,2024,4,Chuvosa,IATF,Nelore,REP-051,Geneal,Sem protocolo,29,27.8,João Silva,0.7487,Nao_Prenha
BOV-0608,Hera,Bovino,Brahman,Linhagem H,2018-03-18,6.1,322.2,5,4,248,Fazenda Boa Esperança,Crateús,2024-04-13,4,2024,2,Chuvosa,IA Convencional,Bonsmara,REP-038,Grupo Nelore,Ovsynch,30,18.1,Pedro Alves,0.6846,Nao_Prenha
CAP-0256,Nuvem,Caprino,Boer,Linhagem E,2018-04-18,4.9,53.0,3,1,237,Fazenda Boa Esperança,Monsenhor Tabosa,2023-03-12,3,2023,1,Chuvosa,IA Convencional,Toggenburg,REP-078,Sexing Tech,P4+BE+PGF,68,33.9,Ana Lima,0.7958,Nao_Prenha
OVI-0345,Estrela,Ovino,Texel,Linhagem D,2022-04-22,1.8,56.4,5,0,,Sítio Três Irmãos,Poranga,2024-01-29,1,2024,1,Chuvosa,IA Convencional,Texel,REP-048,CRV Lagoa,Sem protocolo,115,22.1,Juliana Pinto,0.6046,Prenha
BOV-0609,Duna,Bovino,Nelore,Linhagem D,2021-12-13,0.4,565.5,4,0,,Fazenda Boa Esperança,Nova Russas,2022-05-03,5,2022,2,Seca,IA Convencional,Angus,REP-009,Sexing Tech,IATF 7 dias,41,23.6,João Silva,0.9601,Prenha
OVI-0346,Flor,Ovino,Morada Nova,Linhagem A,2018-05-24,5.5,59.3,2,4,141,Fazenda Boa Esperança,Tamboril,2023-11-08,11,2023,4,Chuvosa,IA Convencional,Ile de France,REP-080,Próprio,Select Synch,66,24.8,Fernanda Costa,0.7705,Nao_Prenha
BOV-0610,Nina,Bovino,Canchim,Linhagem D,2017-03-26,7.5,358.7,2,4,49,Fazenda Palmeira,Catunda,2024-09-24,9,2024,3,Seca,IA Convencional,Simmental,REP-062,Próprio,Sem protocolo,24,37.5,Roberto Neto,0.2107,Nao_Prenha
BOV-0611,Anita,Bovino,Tabapuã,Linhagem B,2020-05-13,4.0,305.6,4,1,254,Fazenda Bela Vista,Quiterianópolis,2024-05-18,5,2024,2,Seca,IATF,Nelore,REP-061,Insitec,Cosynch,50,30.7,Ana Lima,0.9009,Prenha
CAP-0257,Nuvem,Caprino,Toggenburg,Linhagem D,2020-03-15,2.9,51.8,2,1,246,Sítio São Francisco,Monsenhor Tabosa,2023-01-24,1,2023,1,Chuvosa,IATF,Saanen,REP-032,Grupo Nelore,Sem protocolo,46,27.7,Marcos Farias,0.4218,Prenha
BOV-0612,Hera,Bovino,Canchim,Linhagem G,2017-08-04,4.9,490.1,3,0,,Fazenda Poço Fundo,Catunda,2022-07-13,7,2022,3,Seca,IATF,Senepol,REP-078,Insitec,P4+BE+PGF,13,33.0,Carlos Melo,0.6119,Prenha
BOV-0613,Viola,Bovino,Girolando,Linhagem A,2019-10-28,3.3,418.6,4,1,250,Sítio Três Irmãos,Monsenhor Tabosa,2023-02-23,2,2023,1,Chuvosa,IATF,Senepol,REP-022,Sexing Tech,Sem protocolo,80,30.3,Carlos Melo,0.7428,Nao_Prenha
BOV-0614,Amora,Bovino,Brahman,Linhagem D,2020-10-12,1.8,521.1,4,0,,Fazenda Boa Esperança,Ararendá,2022-08-07,8,2022,3,Seca,IATF,Nelore,REP-072,Insitec,Ovsynch,5,29.8,Luciana Reis,0.7545,Prenha
CAP-0258,Dalila,Caprino,Toggenburg,Linhagem C,2017-05-10,7.5,39.8,4,3,288,Sítio Riacho Seco,Ipaporanga,2024-10-23,10,2024,4,Seca,IATF,Boer,REP-010,CRV Lagoa,P4+EB,54,22.4,João Silva,0.7626,Prenha
BOV-0615,Lua,Bovino,Canchim,Linhagem B,2019-04-24,4.3,546.5,5,1,277,Sítio Mandacaru,Quiterianópolis,2023-08-18,8,2023,3,Seca,IA Convencional,Angus,REP-075,Grupo Nelore,GnRH+PGF2α,113,36.1,Luciana Reis,0.697,Prenha
BOV-0616,Hera,Bovino,Tabapuã,Linhagem F,2020-07-07,4.0,292.2,4,2,223,Fazenda Boa Esperança,Crateús,2024-07-21,7,2024,3,Seca,IATF,Brahman,REP-020,Alta Genetics,IATF 7 dias,72,36.8,Carlos Melo,0.72,Nao_Prenha
CAP-0259,Glória,Caprino,Repartida,Linhagem A,2020-02-02,3.0,51.1,5,0,,Sítio São Francisco,Poranga,2023-02-06,2,2023,1,Chuvosa,IATF,Toggenburg,REP-059,CRV Lagoa,IATF 7 dias,21,36.4,Maria Souza,0.5701,Prenha
BOV-0617,Dalila,Bovino,Gir,Linhagem A,2019-10-02,5.0,552.4,3,0,,Fazenda Boa Esperança,Catunda,2024-10-06,10,2024,4,Seca,IATF,Nelore,REP-018,Geneal,P4+EB,10,19.5,Roberto Neto,0.5466,Nao_Prenha
OVI-0347,Rosa,Ovino,Somalis,Linhagem B,2021-04-03,2.6,69.1,5,0,,Sítio Boa Sorte,Ararendá,2023-11-20,11,2023,4,Chuvosa,IATF,Suffolk,REP-077,Alta Genetics,Cosynch,33,25.0,Marcos Farias,0.6393,Prenha
CAP-0260,Glória,Caprino,Boer,Linhagem F,2018-09-20,6.1,59.6,4,1,109,Fazenda Poço Fundo,Quiterianópolis,2024-10-31,10,2024,4,Seca,IA Convencional,Toggenburg,REP-019,Insitec,Ovsynch,7,37.3,Luciana Reis,0.6196,Prenha
BOV-0618,Chuva,Bovino,Canchim,Linhagem B,2018-12-16,4.0,318.6,1,0,,Fazenda Poço Fundo,Crateús,2022-12-07,12,2022,4,Chuvosa,IATF,Bonsmara,REP-039,Próprio,Select Synch,93,37.4,João Silva,0.3509,Nao_Prenha
OVI-0348,Chuva,Ovino,Morada Nova,Sem registro,2019-02-20,4.0,69.7,3,2,133,Fazenda Poço Fundo,Tamboril,2023-03-03,3,2023,1,Chuvosa,IATF,Suffolk,REP-077,Próprio,Sem protocolo,98,19.3,Ana Lima,0.8175,Prenha
BOV-0619,Serena,Bovino,Nelore,Linhagem C,2016-08-20,5.6,526.2,4,0,,Fazenda Palmeira,Crateús,2022-03-19,3,2022,1,Chuvosa,IA Convencional,Simmental,REP-068,Próprio,IATF 7 dias,75,27.8,João Silva,0.8267,Prenha
OVI-0349,Joia,Ovino,Santa Inês,Linhagem H,2016-07-26,6.7,62.4,4,3,247,Fazenda Palmeira,Crateús,2023-04-17,4,2023,2,Chuvosa,IA Convencional,Texel,REP-011,Alta Genetics,Ovsynch,16,23.3,Roberto Neto,0.7856,Prenha
BOV-0620,Flor,Bovino,Canchim,Linhagem H,2019-11-29,3.8,574.4,4,0,,Fazenda Boa Esperança,Monsenhor Tabosa,2023-09-13,9,2023,3,Seca,IATF,Bonsmara,REP-028,Próprio,GnRH+PGF2α,116,25.6,Maria Souza,0.8288,Prenha
BOV-0621,Nina,Bovino,Girolando,Linhagem A,2021-08-25,2.0,447.3,5,0,,Fazenda Poço Fundo,Monsenhor Tabosa,2023-08-18,8,2023,3,Seca,IATF,Nelore,REP-014,Geneal,Resynch,22,32.7,Ana Lima,0.6036,Prenha
OVI-0350,Brisa,Ovino,Texel,Linhagem B,2021-09-16,3.1,69.4,2,0,,Sítio Boa Sorte,Crateús,2024-10-11,10,2024,4,Seca,IA Convencional,Suffolk,REP-051,Insitec,Select Synch,57,38.4,Marcos Farias,0.2709,Nao_Prenha
BOV-0622,Linda,Bovino,Nelore,Linhagem H,2020-11-16,3.6,489.8,3,2,233,Fazenda Palmeira,Poranga,2024-06-28,6,2024,2,Seca,IA Convencional,Simmental,REP-078,CRV Lagoa,Ovsynch,15,38.9,Pedro Alves,0.6126,Prenha
OVI-0351,Beleza,Ovino,Morada Nova,Linhagem H,2022-05-05,0.3,46.7,4,0,,Fazenda Caatinga Verde,Crateús,2022-08-06,8,2022,3,Seca,IATF,Texel,REP-025,Grupo Nelore,P4+BE+PGF,24,27.5,Luciana Reis,0.6797,Prenha
CAP-0261,Terra,Caprino,Anglo Nubiana,Linhagem H,2017-05-26,7.1,40.2,4,1,65,Sítio Três Irmãos,Catunda,2024-06-21,6,2024,2,Seca,IA Convencional,Toggenburg,REP-057,CRV Lagoa,Sem protocolo,110,21.1,Roberto Neto,0.5645,Nao_Prenha
BOV-0623,Linda,Bovino,Guzerá,Linhagem F,2016-06-10,5.9,293.1,4,1,164,Fazenda Palmeira,Ararendá,2022-04-25,4,2022,2,Chuvosa,IATF,Senepol,REP-060,CRV Lagoa,Resynch,39,31.1,Marcos Farias,0.7461,Prenha
BOV-0624,Brisa,Bovino,Nelore,Linhagem C,2017-09-06,6.2,473.1,3,0,,Sítio Mandacaru,Monsenhor Tabosa,2023-11-28,11,2023,4,Chuvosa,IATF,Nelore,REP-024,Alta Genetics,P4+BE+PGF,68,24.1,João Silva,0.7427,Nao_Prenha
BOV-0625,Nuvem,Bovino,Tabapuã,Linhagem E,2017-05-02,4.8,545.9,1,3,130,Fazenda Poço Fundo,Independência,2022-02-02,2,2022,1,Chuvosa,IA Convencional,Angus,REP-074,Geneal,P4+BE+PGF,7,38.7,Pedro Alves,0.3382,Nao_Prenha
BOV-0626,Estrela,Bovino,Gir,Linhagem G,2019-08-30,5.1,472.6,3,3,218,Fazenda Poço Fundo,Catunda,2024-10-10,10,2024,4,Seca,IA Convencional,Senepol,REP-027,Sexing Tech,P4+EB,120,27.0,Carlos Melo,0.97,Prenha
BOV-0627,Rosa,Bovino,Sindi,Linhagem D,2019-09-14,2.7,476.6,5,1,211,Fazenda Caatinga Verde,Catunda,2022-05-15,5,2022,2,Seca,IA Convencional,Gir,REP-046,Próprio,Cosynch,116,29.3,Marcos Farias,0.6628,Nao_Prenha
BOV-0628,Hera,Bovino,Guzerá,Linhagem C,2019-05-12,5.5,326.3,5,3,272,Fazenda Caatinga Verde,Tamboril,2024-11-26,11,2024,4,Chuvosa,IA Convencional,Angus,REP-053,Insitec,Sem protocolo,51,29.5,Marcos Farias,0.6184,Nao_Prenha
OVI-0352,Amora,Ovino,Somalis,Linhagem C,2018-09-25,5.7,69.3,2,0,,Sítio Boa Sorte,Crateús,2024-05-31,5,2024,2,Seca,IA Convencional,Texel,REP-069,Sexing Tech,P4+EB,102,33.9,Fernanda Costa,0.5409,Prenha
BOV-0629,Sofia,Bovino,Nelore,Linhagem H,2017-12-06,5.2,420.2,3,3,102,Fazenda Boa Esperança,Tamboril,2023-02-06,2,2023,1,Chuvosa,IA Convencional,Bonsmara,REP-004,CRV Lagoa,Sem protocolo,113,39.4,Carlos Melo,0.6385,Prenha
OVI-0353,Duna,Ovino,Santa Inês,Linhagem D,2017-03-26,6.8,61.6,4,2,205,Sítio São Francisco,Monsenhor Tabosa,2023-12-27,12,2023,4,Chuvosa,IATF,Dorper,REP-009,Alta Genetics,IATF 7 dias,7,32.5,Maria Souza,0.7794,Prenha
OVI-0354,Orquídea,Ovino,Morada Nova,Sem registro,2021-07-06,2.3,66.3,4,0,,Fazenda Caatinga Verde,Independência,2023-11-09,11,2023,4,Chuvosa,IA Convencional,Santa Inês,REP-046,Alta Genetics,P4+EB,19,21.1,Juliana Pinto,0.581,Nao_Prenha
BOV-0630,Linda,Bovino,Guzerá,Linhagem E,2020-04-06,2.8,487.6,4,1,144,Sítio Boa Sorte,Ipaporanga,2023-01-11,1,2023,1,Chuvosa,IA Convencional,Nelore,REP-056,CRV Lagoa,IATF 7 dias,72,22.2,Fernanda Costa,0.8518,Prenha
OVI-0355,Amora,Ovino,Dorper,Linhagem G,2019-11-10,4.1,61.6,4,1,99,Sítio São Francisco,Tamboril,2024-01-03,1,2024,1,Chuvosa,IA Convencional,Dorper,REP-033,Geneal,Resynch,65,22.1,Roberto Neto,0.5976,Nao_Prenha
BOV-0631,Aurora,Bovino,Guzerá,Linhagem H,2019-07-24,5.1,495.7,4,1,247,Fazenda Palmeira,Nova Russas,2024-09-01,9,2024,3,Seca,IATF,Gir,REP-016,Grupo Nelore,P4+EB,37,37.4,Roberto Neto,0.7034,Prenha
BOV-0632,Orquídea,Bovino,Brahman,Linhagem F,2016-12-09,7.5,517.0,3,4,202,Sítio Boa Sorte,Crateús,2024-06-02,6,2024,2,Seca,IA Convencional,Nelore,REP-079,Insitec,IATF 7 dias,14,27.6,João Silva,0.6953,Nao_Prenha
BOV-0633,Jade,Bovino,Gir,Linhagem F,2020-12-10,2.3,565.7,3,0,,Fazenda Caatinga Verde,Catunda,2023-04-12,4,2023,2,Chuvosa,IATF,Angus,REP-012,Próprio,P4+EB,110,35.1,Marcos Farias,0.6899,Prenha
CAP-0262,Hera,Caprino,Anglo Nubiana,Linhagem G,2019-05-04,4.7,48.5,4,1,84,Sítio Riacho Seco,Quiterianópolis,2024-01-21,1,2024,1,Chuvosa,IA Convencional,Boer,REP-024,Grupo Nelore,Sem protocolo,36,23.6,Fernanda Costa,0.7761,Prenha
BOV-0634,Estrela,Bovino,Brahman,Linhagem C,2019-03-14,4.3,436.4,4,2,183,Sítio Três Irmãos,Crateús,2023-06-14,6,2023,2,Seca,IATF,Nelore,REP-075,Geneal,Cosynch,36,27.6,Fernanda Costa,0.97,Prenha
BOV-0635,Dalila,Bovino,Tabapuã,Linhagem B,2021-03-30,1.5,568.0,4,0,,Fazenda Bela Vista,Poranga,2022-09-17,9,2022,3,Seca,IATF,Senepol,REP-007,Próprio,P4+BE+PGF,32,36.9,Maria Souza,0.7087,Prenha
CAP-0263,Graça,Caprino,Moxotó,Linhagem A,2017-10-03,4.8,37.1,4,0,,Sítio Riacho Seco,Ipaporanga,2022-07-20,7,2022,3,Seca,IATF,Alpino,REP-046,Alta Genetics,P4+BE+PGF,105,25.1,Luciana Reis,0.6962,Prenha
BOV-0636,Aurora,Bovino,Nelore,Linhagem H,2020-03-08,2.9,362.2,2,0,,Fazenda Palmeira,Ararendá,2023-02-07,2,2023,1,Chuvosa,IA Convencional,Brahman,REP-079,CRV Lagoa,Cosynch,5,20.9,Marcos Farias,0.2973,Nao_Prenha
BOV-0637,Duna,Bovino,Guzerá,Linhagem E,2016-08-14,6.3,399.9,4,0,,Sítio Mandacaru,Tamboril,2022-12-15,12,2022,4,Chuvosa,IA Convencional,Simmental,REP-053,Próprio,P4+EB,35,32.3,Carlos Melo,0.622,Prenha
OVI-0356,Graça,Ovino,Somalis,Linhagem E,2018-09-10,5.7,36.1,2,1,97,Sítio São Francisco,Tamboril,2024-05-18,5,2024,2,Seca,IA Convencional,Ile de France,REP-049,CRV Lagoa,GnRH+PGF2α,62,21.8,Fernanda Costa,0.472,Nao_Prenha
BOV-0638,Mimosa,Bovino,Girolando,Sem registro,2017-02-07,6.2,518.8,3,4,130,Fazenda Poço Fundo,Tamboril,2023-04-27,4,2023,2,Chuvosa,IA Convencional,Brahman,REP-002,Alta Genetics,GnRH+PGF2α,92,34.1,Marcos Farias,0.6437,Nao_Prenha
OVI-0357,Mimosa,Ovino,Somalis,Linhagem A,2021-03-23,3.6,59.9,3,0,,Fazenda Caatinga Verde,Ipaporanga,2024-11-11,11,2024,4,Chuvosa,IA Convencional,Texel,REP-061,CRV Lagoa,GnRH+PGF2α,10,18.9,Pedro Alves,0.2975,Prenha
BOV-0639,Eva,Bovino,Guzerá,Linhagem F,2016-04-22,8.7,334.1,4,5,71,Fazenda Caatinga Verde,Nova Russas,2024-12-27,12,2024,4,Chuvosa,IATF,Nelore,REP-034,Sexing Tech,Sem protocolo,102,20.4,Maria Souza,0.6382,Prenha
BOV-0640,Dalila,Bovino,Tabapuã,Linhagem D,2018-02-01,6.5,303.5,4,5,89,Fazenda Bela Vista,Quiterianópolis,2024-07-17,7,2024,3,Seca,IATF,Gir,REP-075,Sexing Tech,P4+BE+PGF,93,34.6,Marcos Farias,0.633,Prenha
OVI-0358,Glória,Ovino,Santa Inês,Linhagem C,2020-12-09,2.3,47.6,3,0,,Fazenda Boa Esperança,Independência,2023-03-25,3,2023,1,Chuvosa,IATF,Texel,REP-028,Próprio,IATF 7 dias,30,30.0,Luciana Reis,0.7166,Prenha
CAP-0264,Glória,Caprino,Boer,Linhagem F,2017-12-21,6.8,54.9,1,5,86,Fazenda Bela Vista,Ipaporanga,2024-10-09,10,2024,4,Seca,IA Convencional,Boer,REP-024,Sexing Tech,IATF 7 dias,14,35.7,Maria Souza,0.1193,Nao_Prenha
OVI-0359,Cida,Ovino,Texel,Linhagem A,2020-09-22,2.4,52.6,5,0,,Fazenda Palmeira,Ararendá,2023-03-01,3,2023,1,Chuvosa,IATF,Texel,REP-028,Geneal,Sem protocolo,45,26.3,Roberto Neto,0.5204,Prenha
OVI-0360,Orquídea,Ovino,Bergamácia,Sem registro,2020-07-02,2.8,64.9,4,0,,Sítio Riacho Seco,Crateús,2023-04-10,4,2023,2,Chuvosa,IATF,Santa Inês,REP-043,Grupo Nelore,Ovsynch,100,38.9,Maria Souza,0.6908,Prenha
BOV-0641,Rosa,Bovino,Girolando,Linhagem B,2016-07-23,7.6,308.3,4,1,95,Sítio São Francisco,Crateús,2024-02-12,2,2024,1,Chuvosa,IA Convencional,Simmental,REP-069,CRV Lagoa,Select Synch,70,21.5,Maria Souza,0.6816,Nao_Prenha
OVI-0361,Rita,Ovino,Somalis,Linhagem F,2019-10-02,4.8,63.4,5,2,274,Sítio Mandacaru,Crateús,2024-07-06,7,2024,3,Seca,IATF,Ile de France,REP-021,Insitec,Sem protocolo,119,24.3,Luciana Reis,0.6987,Prenha
BOV-0642,Sofia,Bovino,Guzerá,Sem registro,2022-02-15,2.2,386.8,4,0,,Sítio São Francisco,Monsenhor Tabosa,2024-04-18,4,2024,2,Chuvosa,IA Convencional,Gir,REP-032,CRV Lagoa,Resynch,119,39.3,Maria Souza,0.6869,Prenha
CAP-0265,Eva,Caprino,Repartida,Linhagem H,2019-12-14,4.6,55.6,4,0,,Sítio Riacho Seco,Catunda,2024-07-07,7,2024,3,Seca,IATF,Boer,REP-010,CRV Lagoa,Cosynch,58,31.1,Roberto Neto,0.7111,Prenha
OVI-0362,Serena,Ovino,Morada Nova,Sem registro,2020-05-24,4.6,36.9,3,0,,Fazenda Bela Vista,Ipaporanga,2024-12-22,12,2024,4,Chuvosa,IA Convencional,Santa Inês,REP-029,Insitec,Cosynch,68,19.7,Fernanda Costa,0.6277,Nao_Prenha
BOV-0643,Anita,Bovino,Nelore,Linhagem H,2019-09-11,3.8,534.4,3,2,58,Fazenda Caatinga Verde,Monsenhor Tabosa,2023-07-03,7,2023,3,Seca,IATF,Senepol,REP-043,Grupo Nelore,Sem protocolo,36,28.5,Juliana Pinto,0.882,Prenha
BOV-0644,Pétala,Bovino,Girolando,Linhagem E,2022-02-23,0.5,535.2,5,0,,Sítio Três Irmãos,Ararendá,2022-09-11,9,2022,3,Seca,IATF,Gir,REP-009,Insitec,Sem protocolo,82,31.9,Fernanda Costa,0.7146,Prenha
OVI-0363,Rosa,Ovino,Morada Nova,Linhagem E,2021-07-14,2.8,67.2,5,0,,Sítio São Francisco,Poranga,2024-05-12,5,2024,2,Seca,IA Convencional,Santa Inês,REP-046,Sexing Tech,P4+BE+PGF,56,35.8,Marcos Farias,0.5725,Nao_Prenha
OVI-0364,Rosa,Ovino,Santa Inês,Linhagem A,2019-07-27,3.7,48.8,4,2,154,Fazenda Palmeira,Monsenhor Tabosa,2023-04-24,4,2023,2,Chuvosa,IA Convencional,Texel,REP-076,Geneal,P4+BE+PGF,6,37.7,Juliana Pinto,0.5528,Prenha
BOV-0645,Sofia,Bovino,Gir,Linhagem B,2016-05-11,6.6,425.0,4,1,198,Fazenda Palmeira,Ipaporanga,2022-12-27,12,2022,4,Chuvosa,IA Convencional,Gir,REP-027,Alta Genetics,P4+BE+PGF,88,38.8,Roberto Neto,0.707,Prenha
BOV-0646,Estrela,Bovino,Gir,Linhagem B,2021-05-12,1.4,477.1,4,0,,Fazenda Bela Vista,Nova Russas,2022-10-06,10,2022,4,Seca,IA Convencional,Gir,REP-079,Grupo Nelore,Ovsynch,95,38.2,Pedro Alves,0.6966,Prenha
BOV-0647,Pétala,Bovino,Sindi,Linhagem E,2020-11-12,2.9,308.2,4,1,178,Fazenda Boa Esperança,Independência,2023-10-03,10,2023,4,Seca,IATF,Nelore,REP-032,Insitec,Ovsynch,39,21.7,Carlos Melo,0.8235,Prenha
OVI-0365,Nina,Ovino,Bergamácia,Linhagem B,2020-08-11,3.4,37.1,4,1,63,Sítio Mandacaru,Nova Russas,2023-12-20,12,2023,4,Chuvosa,IA Convencional,Santa Inês,REP-040,Geneal,Sem protocolo,48,27.2,João Silva,0.682,Nao_Prenha
CAP-0266,Palma,Caprino,Toggenburg,Linhagem B,2016-06-08,7.4,39.1,3,0,,Fazenda Poço Fundo,Ipaporanga,2023-10-18,10,2023,4,Seca,IA Convencional,Boer,REP-004,Próprio,Ovsynch,92,31.9,Marcos Farias,0.5582,Prenha
BOV-0648,Sofia,Bovino,Nelore,Linhagem F,2018-01-12,5.0,567.0,3,3,225,Fazenda Bela Vista,Poranga,2022-12-26,12,2022,4,Chuvosa,IA Convencional,Bonsmara,REP-030,Alta Genetics,Ovsynch,60,30.8,Juliana Pinto,0.97,Prenha
OVI-0366,Cida,Ovino,Somalis,Sem registro,2018-02-24,3.9,65.7,3,1,106,Sítio São Francisco,Nova Russas,2022-02-03,2,2022,1,Chuvosa,IA Convencional,Dorper,REP-025,Alta Genetics,Select Synch,42,18.0,Pedro Alves,0.661,Nao_Prenha
OVI-0367,Orquídea,Ovino,Morada Nova,Linhagem C,2018-09-02,4.8,47.9,5,3,253,Sítio Boa Sorte,Nova Russas,2023-06-12,6,2023,2,Seca,IA Convencional,Suffolk,REP-037,Alta Genetics,P4+BE+PGF,120,31.5,Marcos Farias,0.7182,Prenha
BOV-0649,Estrela,Bovino,Brahman,Linhagem G,2021-01-16,2.5,526.4,1,1,113,Sítio Mandacaru,Nova Russas,2023-07-05,7,2023,3,Seca,IATF,Brahman,REP-002,Alta Genetics,Sem protocolo,102,36.8,Juliana Pinto,0.3664,Nao_Prenha
OVI-0368,Linda,Ovino,Morada Nova,Linhagem A,2019-03-06,4.7,57.8,5,3,237,Fazenda Palmeira,Tamboril,2023-11-01,11,2023,4,Chuvosa,IA Convencional,Texel,REP-005,Insitec,Select Synch,47,19.0,Maria Souza,0.8205,Nao_Prenha
BOV-0650,Sofia,Bovino,Tabapuã,Linhagem A,2019-03-12,5.1,568.9,3,2,263,Fazenda Poço Fundo,Poranga,2024-04-03,4,2024,2,Chuvosa,IA Convencional,Simmental,REP-011,Insitec,P4+EB,7,27.0,Luciana Reis,0.7525,Prenha
CAP-0267,Aurora,Caprino,Repartida,Linhagem A,2016-04-17,6.9,37.6,5,5,259,Fazenda Poço Fundo,Monsenhor Tabosa,2023-03-17,3,2023,1,Chuvosa,IA Convencional,Alpino,REP-044,CRV Lagoa,P4+BE+PGF,18,25.4,Fernanda Costa,0.4111,Prenha
BOV-0651,Terra,Bovino,Brahman,Sem registro,2018-12-04,4.1,488.3,5,1,252,Fazenda Boa Esperança,Monsenhor Tabosa,2023-01-06,1,2023,1,Chuvosa,IA Convencional,Brahman,REP-053,Insitec,Sem protocolo,78,29.4,Carlos Melo,0.6847,Prenha
BOV-0652,Fada,Bovino,Tabapuã,Linhagem F,2018-12-18,4.0,421.5,4,2,115,Fazenda Boa Esperança,Independência,2022-12-31,12,2022,4,Chuvosa,IA Convencional,Nelore,REP-008,Insitec,IATF 7 dias,120,25.3,Maria Souza,0.7818,Nao_Prenha
BOV-0653,Joia,Bovino,Gir,Linhagem F,2020-03-21,3.5,403.4,4,2,177,Fazenda Poço Fundo,Tamboril,2023-09-09,9,2023,3,Seca,IA Convencional,Bonsmara,REP-066,Sexing Tech,P4+EB,78,23.4,Marcos Farias,0.9655,Prenha
CAP-0268,Estrela,Caprino,Boer,Linhagem C,2016-11-21,5.9,49.4,4,0,,Fazenda Palmeira,Monsenhor Tabosa,2022-10-17,10,2022,4,Seca,IATF,Alpino,REP-063,Geneal,IATF 7 dias,108,31.4,João Silva,0.7166,Prenha
BOV-0654,Beleza,Bovino,Nelore,Sem registro,2020-08-26,2.2,504.2,3,0,,Fazenda Palmeira,Poranga,2022-10-28,10,2022,4,Seca,IATF,Angus,REP-032,Alta Genetics,P4+BE+PGF,92,24.2,Carlos Melo,0.6572,Prenha
OVI-0369,Graça,Ovino,Dorper,Linhagem G,2018-03-14,5.0,61.2,2,0,,Fazenda Caatinga Verde,Monsenhor Tabosa,2023-04-01,4,2023,2,Chuvosa,IA Convencional,Suffolk,REP-060,Geneal,IATF 7 dias,62,37.4,Luciana Reis,0.4124,Prenha
CAP-0269,Nina,Caprino,Canindé,Linhagem D,2022-01-13,1.7,46.8,5,0,,Fazenda Caatinga Verde,Nova Russas,2023-10-04,10,2023,4,Seca,IA Convencional,Anglo Nubiano,REP-037,Insitec,Sem protocolo,109,28.9,Fernanda Costa,0.5363,Nao_Prenha
BOV-0655,Duna,Bovino,Canchim,Linhagem G,2018-02-18,6.4,356.1,4,0,,Fazenda Poço Fundo,Catunda,2024-07-02,7,2024,3,Seca,IA Convencional,Senepol,REP-037,CRV Lagoa,Resynch,101,35.2,Roberto Neto,0.4474,Nao_Prenha
BOV-0656,Duna,Bovino,Canchim,Linhagem A,2016-11-25,6.8,339.9,2,2,271,Sítio Mandacaru,Crateús,2023-09-24,9,2023,3,Seca,IATF,Brahman,REP-006,Grupo Nelore,Sem protocolo,103,22.6,João Silva,0.5823,Nao_Prenha
CAP-0270,Eva,Caprino,Canindé,Linhagem C,2020-06-19,3.5,33.6,4,2,164,Sítio São Francisco,Monsenhor Tabosa,2024-01-02,1,2024,1,Chuvosa,IA Convencional,Alpino,REP-026,Insitec,Sem protocolo,48,23.4,Roberto Neto,0.7095,Prenha
OVI-0370,Mimosa,Ovino,Texel,Linhagem B,2016-05-30,7.0,68.8,4,0,,Sítio Boa Sorte,Quiterianópolis,2023-06-17,6,2023,2,Seca,IATF,Santa Inês,REP-011,Grupo Nelore,Sem protocolo,13,19.3,Carlos Melo,0.3309,Nao_Prenha
OVI-0371,Beleza,Ovino,Somalis,Linhagem G,2016-11-25,5.6,61.4,3,1,259,Fazenda Caatinga Verde,Nova Russas,2022-06-27,6,2022,2,Seca,IA Convencional,Santa Inês,REP-058,Geneal,GnRH+PGF2α,105,38.4,Roberto Neto,0.4752,Prenha
BOV-0657,Mimosa,Bovino,Tabapuã,Linhagem F,2019-02-23,5.4,481.4,5,3,105,Fazenda Poço Fundo,Monsenhor Tabosa,2024-08-03,8,2024,3,Seca,IA Convencional,Gir,REP-003,Grupo Nelore,Sem protocolo,95,31.5,Pedro Alves,0.6543,Prenha
BOV-0658,Orquídea,Bovino,Girolando,Linhagem C,2018-08-06,3.4,491.3,4,1,38,Fazenda Palmeira,Quiterianópolis,2022-01-08,1,2022,1,Chuvosa,IA Convencional,Simmental,REP-020,CRV Lagoa,Sem protocolo,45,24.1,Ana Lima,0.5976,Nao_Prenha
OVI-0372,Glória,Ovino,Texel,Linhagem E,2016-05-12,7.4,51.4,3,4,76,Fazenda Caatinga Verde,Ararendá,2023-09-24,9,2023,3,Seca,IATF,Texel,REP-039,Insitec,Ovsynch,37,28.0,Fernanda Costa,0.8063,Prenha
